0 62 83 84 107 110 111 252 254 279 288 298 303 309 367 506 520 521 577 626
1 84 256 288
2 83 84 287 288 302 303 318 504 706 707
3 12 14 39 74 78 80 83 84 89 107 110 152 171 172 262 277 279 298 308 506 511 520 592 641 710
4 80 83 98 254 288 506 511 753
5 83 84 107 248 251 252 256 279 288 298 301 506 583 626 633
6 51 83 84 128 256 273 288 298 345 525 633
7 83 84 252 288 391
8 83 152 236 252 289 301 305 511 526
9 182 288 303
10 84 288 631
11 83 228 279 520 599 631
12 83 84 89 107 288 301 303 397 556 573 585 604 617 759
13 83 84 252 649 665
14 84 288 367
15 83 84 288 638
16 84 256 288
17 23 39 83 84 160 173 248 252 279 288 298 301 336 511 626 710
18 83 84 248 249 252 279 298 301 303 336 459 511 626 658 710
19 83 288 506 565
20 64 84 288
21 83 84 220 288 633 725
22 288 303 319
23 83 84 99 160 248 252 288 315 706 707 728
24 83 84 152 252 256 298 301 303 626 706 707
25 84 256 288
26 83 84 180 181 242 252 288
27 84 288 526
28 83 84 110 511 565
29 84 288 511
30 65 83 84 173 256 288 303 506 511 725 749
31 84 288 511
32 252 288 303
33 83 84 201 248 249 288
34 182 288 303
35 83 84 288 638
36 56 288 448
37 83 152 236 252 288 289 305 526 710
38 42 83 84 201 248 252
39 288 706 707
40 80 83 84 107 110 152 252
41 83 84 288 638
42 83 84 110 152 236 252 289 301 305 526 710
43 83 84 288 638
44 10 11 83 252 288 298 303 472
45 83 84 152 236 288 289 526 710
46 83 235 282 283 284 292 301 303 385
47 83 84 288 638
48 84 256 288
49 83 84 201 248 252 288 303
50 83 84 252 288 565
51 84 288 638
52 288 303 319
53 83 84 173 252 309 391 450 459 612 627
54 83 84 152 252 298 301 697 706 707 759
55 84 252 288
56 83 84 160 520 521
57 84 110 119 201 252 303 491 663 759
58 210 288 697
59 84 256 565
60 83 84 252 275 301 303 706 707
61 67 83 84 85 89 128 160 248 279 301 309 459 526 638
62 62 67 78 83 85 89 128 160 236 252 279 288 301 309 459 526 678
63 80 83 84 107 110 160 211 251 254 288 298 478 479 633 690
64 23 37 83 84 160 256 279 288 298 301 309 473 487 520 521 546 690 735
65 288 450 638
66 83 84 94 152 173 288 301 458 506 633 725
67 83 180 181 201 210 252 298 301 478
68 80 83 252 288
69 83 84 252 288
70 83 84 152 252 303 367 385 703
71 48 84 638 710
72 83 84 107 110 251 252 254 298 301 367
73 80 83 107 110 160 173 248 249 251 252 254 288 301 348 478 487 546 633 690
74 84 256 288
75 83 84 288 638
76 83 152 236 252 289 301 511 526
77 182 288 303
78 48 56 83 248 249 252 279 288 298 301 303 335 349 350 478 480 521 541 612 633 649 721 748 759
79 64 83 84 288 526
80 84 288 610
81 83 84 288 407 414 511 710
82 83 511 638 710
83 84 288 667
84 288 303 319
85 83 84 169 256 288 633 707
86 83 84 152 252 298 520 690
87 4 236 526
88 83 84 177 220 248 252 301 441 450 455 638 748
89 83 84 252 298 301 455 478 483 487 555 565 638 748
90 83 84 252 288 565
91 239 288 423
92 83 84 288 461
93 83 84 152 277 288 289 305 526 710
94 83 84 119 288 296 339 345 593 638 725
95 23 80 83 151 172 301 470 546 647
96 23 83 110 253 288 456 725
97 83 84 288 638
98 252 288 601
99 83 84 248 298 450 521 633
100 84 252 288
101 19 83 84 256 288 298 301 303 345 348 473 476 478 483 487 493 520 631 633 638 707 719 749
102 84 288 667
103 83 84 236 248 252 256 288 298 345 520 633
104 64 83 84 288 318 638
105 62 67 78 83 84 85 128 160 236 249 279 288 301 309 459 526 678
106 84 288 710
107 62 83 84 85 89 128 160 236 279 288 301 309 459 526 638 678
108 67 83 84 85 89 128 160 248 279 301 309 459 526 638
109 83 84 252 288 638
110 48 83 84 85 201 251 256 288 506 520 526 748
111 83 84 152 160 248 252 288 298 301 303 572 626 697 698 707 720
112 83 84 249 288
113 83 201 249 252 256 279 288 339 487 520 521 638 710 719
114 83 84 201 248 252 279 301 339 487 511 520 521 582 633 710 719 729
115 83 84 128 208 252 273 288 298 345 348 487 521 633
116 84 256 288
117 67 83 89 128 160 236 249 279 301 309 459 526 638
118 83 84 288 638 710
119 83 84 288 638
120 83 84 152 236 252 289 526 710
121 62 83 84 160 254 256 288 298 301 367 374 520 572 633
122 83 108 206 288 330 544
123 83 110 251 252 276 288 298 697 698
124 37 83 84 109 152 201 228 248 249 251 252 256 273 288 298 301 303 369 520 521 599 626 633 648 707 728 753
125 83 84 220 252 288 455 654
126 83 84 201 248 450 581
127 19 83 84 119 120 136 169 252 288 301 345 352 473 476 487 493 626 633 663 707 719 749 750
128 62 67 78 83 85 89 160 236 249 279 288 301 309 459 526 638
129 84 288 367
130 83 84 288 638
131 83 84 248 252 298 301 313 338 520
132 48 84 315 338 735
133 83 84 252 288 638
134 12 74 78 80 83 84 87 107 173 277 279 301 303 309 338 356 358 511 520 521 547 631 638 641 710 725
135 83 180 181 210 229 251 252 298 301 478
136 84 256 288
137 48 83 84 107 252 298 506 520 521 670 689 725 736 759
138 83 84 201 252 256 706 759
139 31 33 110 112 133 335 424 546 710 741
140 83 84 288 539 731
141 83 84 201 239 298 521 538 572 759
142 75 83 84 196 256 288 298 667 710 753
143 57 84 201 248 252 279 294 298 301 753 759
144 83 84 119 296 301 339 345 593 638 725
145 62 66 79 83 84 107 112 152 201 202 251 254 256 270 279 298 301 309 355 381 520 521 572 590 604 624 626 753 756 757 759
146 83 84 252 288
147 83 84 151 252 263 301 449 631
148 83 84 140 201 657
149 83 84 92 201 248 251 252 303 367
150 83 84 160 173 201 251 252 256 298 300 301 309 410 475 520 521 572 582 633
151 27 83 84 152 201 251 252 367 520
152 83 84 257 288
153 83 84 279 521 569
154 23 83 84 124 201 256 278 298 492 759
155 152 252 422
156 83 84 151 252 263 288 449 631
157 80 83 84 178 248 252 301 303
158 83 84 201 227 254 303 631
159 83 84 249 252 301
160 31 83 133 281 385 604
161 37 83 84 119 169 263 287 288 301 487 504 719 749
162 84 248 252 288 289 296 305 633
163 51 83 84 208 301 525 633
164 84 252 759
165 84 252 288
166 83 84 89 107 238 252 288 301 397 573 585 604 617 759
167 83 84 217 301 526
168 182 288 303
169 83 84 301 303 441 506 694
170 83 84 107 110 160 201 298 381 391 468 469 511 521 604 631 710
171 79 83 84 248 249 256 288 298 301 304 312 410 511 583 710
172 1 84 139 511 745
173 83 84 85 89 142 152 160 178 252 254 256 293 294 300 301 309 367 459 506 534 568 604 620 658 690
174 83 288 371 506
175 83 160 201 218 252 256 288 301 303 349 350 381 572 626 689
176 80 83 84 196 300 459
177 83 84 254 303 520 610 633
178 83 107 173 187 251 288 294 298 301 354 421 431 511 520 546 604 626 631 633
179 83 84 645
180 83 89 107 238 252 288 301 303 391 573 585 604 617 759
181 83 84 256
182 19 37 83 84 120 252 263 280 288 301 352 473 476 487 493 626 633 638 663 707 719 749 750
183 83 84 201 459 636
184 83 84 201 298 300 521 568
185 83 84 182 301 303
186 83 84 182 301 303
187 80 83 84 107 160 201 251 254 256 279 298 300 529 580 583 626
188 83 84 89 254 294 298 301 303 367 626
189 83 84 300 303 631 725
190 38 81 83 84 160 201 248 294 368 381 521 633
191 76 80 83 84 107 256 303 379 446 478
192 83 84 305
193 83 84 160 279 521
194 83 84 151 252 263 301 449 631
195 83 84 201 251 252 256 298 301 520 546 626 633 637 666
196 83 108 152 301 330 514
197 282 284 292
198 9 46 83 84 107 152 201 252 256 298 572 756
199 84 92 152 201 202 251 252 288 298 300 301 400 414 520 521 568 743
200 48 83 84 301 325 526
201 65 288 303
202 31 39 83 84 107 128 160 172 173 201 251 252 279 298 381 382 432 521 526 572 670 759
203 22 83 84 98 107 152 191 252 279 289 297 298 305 475 511 592 643
204 62 83 84 174 201 256 279 298 301 391 414 725 743 756 757
205 83 84 256 298 300 521 568
206 83 254 301 511 642
207 33 112 335 424 511 546 741
208 9 80 83 84 110 152 201 248 249 251 252 256 288 301 345 487 520 521 604 606 609 633
209 168 288 303
210 5 83 156 252
211 25 83 84 201 251 252 254 256 301 337 506 520 712
212 84 202 234
213 51 160 279 520 618 759
214 83 84 165 256 298 301 303 459 511 539 599 759
215 83 84 85 89 279 298 300 301 381 511 520 521 568 572 604 710 731
216 31 36 133 201 254 309 334 385 452 501 572 624 732 759
217 83 84 89 107 238 256 288 301 303 391 397 556 573 585 617
218 80 83 84 92 93 531 613
219 80 83 84 152 201 248 249 251 256 263 288 298 300 301 348 487 520 521 572
220 288 303 319
221 83 84 288 303
222 2 49 70 83 107 152 178 201 251 256 288 298 301 313 355 414 436 520 521 633 725
223 83 84 251 256 298 520 572
224 65 83 107 110 152 166 171 172 248 249 251 252 256 279 298 301 303 385 422 520 521 572 619 625 633 643 687 689 753 755 759
225 66 288 449
226 83 84 110 171 184 254 256 294 506 622
227 2 57 59 80 83 84 301 303 526
228 83 84 107 248 252 325 381
229 83 84 89 107 288 301 303 397 556 573 585 604 617 759
230 67 83 288 455 568
231 1 60 80 83 84 107 109 110 152 160 201 297 301 354 356 366 369 381 391 392 437 478 479 506 511 520 521 592 648 650 690 710 725
232 83 84 201 581
233 2 83 84 160 184 256 298 300 354 506 520 572 599 620 631
234 4 203 254 263 289 298 305 356 414 506 511 520 539 560 596 633 710 743
235 83 84 196 301 432
236 84 110 326 432 631
237 10 13 83 252 301 303 472
238 23 83 107 201 251 252 254 256 268 301 309 316 395 399 455 459 546 572 583 590 629 687
239 25 78 83 107 160 236 252 263 268 298 301 308 358 359 367 403 468 469 520 521 572 626 633
240 48 83 84 107 110 152 248 252 301
241 84 108 625
242 16 83 84 337
243 27 62 83 84 92 110 301 506 511 633
244 2 83 84 289 301 305
245 23 83 84 160 201 252 256 309 354 511 521 572 599 759
246 23 61 84 201 298 309 391 506 520 572 633 725
247 83 107 201 298 300 301 349 350 381 520 572 574 589 624 633
248 83 84 107 251 298 300 520 631 633
249 83 84 107 279 365
250 83 84 107 371
251 83 84 88 252 296 317 461
252 83 84 107 256 303 325 385
253 51 83 84 208 301 525 633
254 23 79 80 83 84 117 160 174 201 251 279 288 298 309 439 520 521 572 633 753
255 83 84 126 201 251 298 308 381
256 48 83 84 107 300 301 309
257 235 282 284 285 292
258 83 84 201 252 256 279 288 298 520 572 631
259 23 84 93 160 201 251 252 298 301 381 382 448 459 506 521 546 572 600 633 676 731 759
260 78 81 83 84 85 98 107 160 201 216 248 249 288 298 301 309 310 315 358 459 470 506 511 565 678 710
261 83 84 236 252 289 301 305 511 526
262 83 252 288
263 83 301 455 645 654
264 83 84 248 249 631
265 23 39 63 83 84 107 110 177 178 202 244 252 256 301 422 453 456 459 506 633
266 83 84 107 123 201 236 248 249 251 256 262 263 279 288 293 294 298 348 478 483 487 582 583 607 608 631 670 736 753 759
267 83 84 301 303 511 530 710
268 83 84 152 252 303
269 83 84 152 277 289 301 305 511 526
270 84 252 288
271 50 65 83 90 107 111 238 252 288 296 298 301 303 380 395 414 511 528 543 604 619 643 690 710 727 743 753 759
272 48 83 110 152 154 252
273 83 84 119 120 136 152 169 201 248 249 252 256 279 280 301 303 345 348 381 459 473 476 483 487 493 626 633 638 663 689 707 748 749 750 759
274 83 84 152 201 256 288 391 572 631 759
275 69 83 84 252 301 530
276 83 84 248 288 298 450 521 633 753
277 83 84 119 123 180 248 249 252 256 279 301 309 487 637 670 697 698 699 703
278 69 83 84 252 301
279 83 84 152 252 301 633
280 83 84 94 252 256 288 298 301 303 381 391 506 572 633 689
281 83 84 248 249 252 256 301 303 337 506 515 520 753
282 83 288 305 367
283 83 182 288 319
284 83 134 288 301 308 338 374 506 710 737
285 37 84 122 169 263 288 301 391 487 493 504 707 719 749
286 252 288 627
287 84 288 511
288 83 252 288 311
289 63 83 84 201 251 256 288 298 303 456 613 631 633
290 83 84 288 633
291 84 152 236 252 289 301 305 526 710
292 83 84 301 303 338 481 633 710
293 23 60 63 83 84 125 128 248 252 263 301 443 445 453 557 599 631 689
294 1 83 84 107 123 161 263 301 311 633
295 83 252 288
296 37 51 83 84 179 248 252 288 301 480 541 638 664 707
297 80 84 521 558 631 660 759
298 37 51 83 84 179 252 256 288 478 480 541 638 664 707
299 25 29 58 74 78 80 83 84 107 277 288 303 309 338 356 358 391 431 487 506 520 631 641
300 58 83 84 87 107 134 288 301 338 506 511 520 547
301 83 84 236 252 277 288 289 305 526
302 83 84 236 252 288 289 511 526
303 83 134 303 468 737
304 12 48 58 74 78 80 83 87 107 173 277 288 301 309 325 338 356 358 367 431 520 521 550 565 612 631 641
305 83 84 252 301 339 706 707
306 83 84 134 301 303 338 481 633
307 83 84 148 201 236 288 303 568
308 182 288 303
309 83 134 301 303 338 710 737
310 83 84 152 252 277 289 305 526 710
311 83 84 288 633
312 55 62 83 84 85 252 256 258 279 298 301 355 511 520 572 633
313 37 51 83 84 179 252 288 301 478 480 541 638 664 707
314 9 49 55 84 89 152 171 172 201 231 251 256 268 279 288 299 301 381 382 403 427 506 520 574 582 601 631 633 658 725 753
315 19 83 84 256 288 301 345 476 478 480 487 511 638 710 719
316 33 83 84 92 137 256 264 298 377 385 506 553 622
317 83 84 288 289
318 83 84 119 169 248 252 279 288 301 339 436 707 710
319 83 119 169 252 301 339 706 707
320 53 83 84 89 107 252 301 303 391 397 573 585 604 617
321 83 252 288 638
322 84 288 367
323 60 63 83 125 128 248 252 263 288 301 354 443 445 453 487 557 599 689
324 83 84 99 288
325 46 83 84 248 252 256 435
326 39 83 107 110 123 201 254 256 279 298 301 515 572
327 83 84 107 201 251 252 256 298 301 303 308 520 572 689
328 53 83 84 89 107 252 288 301 391 397 556 585 604 617
329 83 134 288 633
330 83 84 160 298 301 438 520 572 580 601 710
331 83 123 134 263 301 308 338 468 511 737
332 83 84 256 288 318 504 710 719
333 83 152 236 252 277 288 289 305 526
334 15 80 83 193 194 254 256 301 309 330 400 422 543 759
335 83 84 201 251 526 633 657 725
336 37 83 119 122 169 263 288 301 487 504 707 719 749
337 84 288 303
338 288 303 319
339 83 84 252 288 303
340 63 83 84 201 251 253 453 456 633 638
341 83 84 152 201 248 252 301 520 759
342 63 83 84 201 251 256 298 301 303 453 613 631 633
343 49 83 107 201 251 279 298 301 399 400 459 520 521 626
344 83 84 201 251 256 263 279 298 301 354 626 631 641
345 83 84 203 252 301 303 338 633
346 83 301 338 468 737
347 83 84 89 238 256 288 301 303 391 397 556 585 617 759
348 288 546 710
349 62 83 84 511
350 83 134 263 301 303 338 710 737
351 53 83 84 89 252 256 288 303 391 397 573 585 604 617
352 65 78 83 84 99 107 110 152 202 250 252 279 293 294 298 300 301 308 367 391 448 506 519 520 521 541 577 599 631 633 643 735
353 83 84 249 252 288 478
354 84 288 367
355 37 51 83 84 179 249 252 256 288 301 480 541 638 664
356 83 84 288 638
357 37 83 84 122 263 288 301 455 487 493 504 707 719 749
358 83 84 279 298 301 438 520 521 601 710
359 83 84 256 288
360 83 235 282 283 284 285 288 292
361 83 84 152 236 277 288 289 305 526
362 63 83 84 152 160 174 252 256 301 309 354 367 381 382 453 456 506 520 521 572 626 633 759
363 182 288 303
364 84 98 201 202 251 300 301 309 475 520 521 541 572 583 604 633 712 721 725
365 78 81 83 84 85 107 160 201 216 236 249 251 252 288 298 309 310 315 358 459 470 506 511 526 565 710
366 53 83 89 238 252 256 288 301 391 397 585 604 617 759
367 49 83 84 119 248 256 279 301 339 410 520 572 707 710
368 4 511 526
369 83 84 201 301 526 633
370 83 107 109 139 201 236 239 248 249 251 252 262 279 293 294 297 301 348 582 583 607 608 631 670 759
371 83 84 107 110 152 173 252 256 279 298 308 320 367 425 520 521 633 725 759
372 39 83 85 107 152 196 248 252 255 256 263 279 288 298 301 471 487 530 574 639 725
373 83 84 288 303
374 288 303 319
375 83 84 201 248 252 301 303 478
376 15 80 83 84 108 252 288 330
377 83 110 227 263 288 289 301 316 395 441
378 81 83 84 459 520 633
379 83 84 249 252 301 303
380 83 84 249 252 303
381 37 38 83 84 107 252 298 511 521 580 626 710
382 83 84 107 110 128 227 249 256 294 301 309 391 478 479 631
383 83 89 107 238 252 288 301 391 397 573 585 604 617 759
384 83 84 152 252 288 303
385 81 252 344
386 19 83 119 169 252 288 301 318 342 345 419 504 626 707 719 728
387 83 84 89 107 256 301 391 397 556 573 585 604 617 759
388 83 84 263 301 638
389 83 301 391 496 511 568 711
390 83 84 288 638
391 83 84 107 160 201 248 251 252 256 288 298 301 308 367 381 473 487 520 521 633
392 83 84 107 110 128 248 256 294 301 309 391 478 479 631 656 748
393 83 84 254 263 279 294 298 303 490 508 633
394 83 152 220 252 288
395 83 84 126 142 256 298 301 409 410 520 521 748
396 83 84 130 249 256 298 301 391 520 521 526 546 753
397 2 37 83 107 109 112 119 120 227 244 248 249 252 254 256 288 298 301 303 356 385 476 487 626 633 648 663 727 729
398 83 153 353 391
399 83 84 151 248 252 301 455 568
400 83 84 263 301 638
401 84 288 638
402 83 84 182 288 303
403 288 303 319
404 83 92 152 252 288 301 506 520 638 759
405 37 51 83 84 122 288 318 339 345 444 478 487 504 664 706 707 719
406 182 288 303
407 83 201 235 282 283 284 285 292
408 38 83 84 107 110 158 256 288 297 298 301 572 592 599 633
409 84 89 238 252 256 288 301 303 391 397 556 573 585 604 617
410 83 301 633 638 727
411 83 84 288 303 319
412 288 303 319
413 51 288 573
414 84 252 288
415 83 152 201 252 256 301 303 471 520 539 725 759
416 84 288 638
417 19 37 49 83 84 107 119 169 174 201 256 279 288 298 301 309 345 473 476 487 493 520 546 568 574 583 631 633 638 663 706 707 719 731 749 759
418 83 84 262 298 301 303 520 572 633
419 84 252 288
420 23 60 63 83 125 128 263 288 301 354 443 445 453 487 557 599 631 689
421 83 84 107 251 252 256 288 297 298 301 303 506 690
422 80 83 294 521 572 599 626
423 23 80 83 128 160 248 249 252 256 279 288 298 301 459 521 572 687
424 83 84 288 367
425 83 186 367 526 568 587 633
426 83 84 288 638
427 288 303 319
428 83 84 119 248 256 263 288 298 301 345 487 511 560 572 689 710 725
429 83 84 298 301 354 631 633
430 83 84 288 303
431 83 84 85 252 254 279 288 301 426 515 521 568 572 599 631 725 759
432 182 288 303
433 83 288 527
434 84 288 638
435 83 89 107 256 301 303 391 397 556 573 585 604 617 759
436 288 303 319
437 83 84 152 251 252 298 564 633
438 83 84 201 249 251 252 301 633
439 49 86 152 171 172 252 256 279 298 301 450 520 631 667 725 731 748
440 256 301 354
441 83 84 110 252 301 362 698
442 83 84 107 511 710
443 83 84 145 201 252 256 279 298 301 520 521 572 633 689 753 759
444 53 83 84 89 107 288 301 303 391 556 585 604 617
445 134 301 303 468 737
446 83 84 249 252 303
447 39 110 355 690
448 83 252 301 638 706 707
449 83 84 241 288 520 633
450 83 107 160 201 251 255 256 294 298 301 309 381 521 572 604 633
451 63 83 84 152 160 201 236 248 249 251 252 253 254 263 298 301 303 348 453 456 476 487 521 572 624 633 748
452 84 130 248 256 298 300 301 303 520 526 546 633 753
453 83 84 85 126 142 252 256 288 298 301 409 410 572 633 748
454 182 288 303
455 83 84 107 152 160 251 256 298 354 391 506 521 577 633 759
456 83 84 119 120 136 160 201 248 249 252 263 280 288 298 301 328 345 348 352 473 476 487 493 521 572 582 633 638 663 706 707 719 749 750 759
457 288 301 319
458 83 107 110 128 227 248 249 288 294 301 391 478 479 631 748
459 80 84 256
460 83 84 252 254 256 288 298 301 303 323 670 689 707
461 33 83 252 294 464 465 553 602 631 670
462 84 301 710
463 83 107 308 391 443 746
464 83 84 94 110 160 249 256 257 288 301 355 572 631 710 725 758
465 84 252 288
466 83 84 107 268 645
467 84 301 426
468 83 201 217 235 282 283 284 285 292
469 83 84 252 301 303
470 407 414 511 710
471 83 84 252 288
472 83 84 252 288
473 83 252 301 391 473 525
474 84 256 288
475 83 152 252 288 303 697
476 80 81 83 84 85 123 128 174 254 256 263 298 301 453 507 532 572 631
477 83 84 89 93 152 201 227 236 251 256 288 298 301 367 400 520 521 568 572 626 633
478 51 107 110 294 355 381 759
479 83 152 236 288 289 301 526 710
480 83 296 301 710 725
481 4 52 89 98 301 557
482 83 84 248 252 301 334 391
483 36 56 62 84 93 172 309 560 670 736
484 83 235 282 283 284 285 301
485 47 107 227 233 254 267 293 294 298 324 362 365 367 370 385 520 530 599 604 631
486 83 84 160 201 252 256 759
487 62 80 83 84 201 298 301 459 612 633
488 83 84 288 437 506 588
489 256 301 364
490 33 83 84 119 120 248 249 256 288 301 309 478 483 546 626 631 707 728 759
491 83 303 637
492 182 288 301
493 83 84 288 334
494 10 11 83 472
495 80 83 84 294 298 301 725
496 83 84 107 301 631 633 746
497 83 303 637
498 90 140 661 703 714
499 47 80 83 84 256 288 298 301 506 580 631
500 83 84 171 301 338
501 83 236 288 393
502 83 84 251 288 298 301 526 633 638 753
503 84 152 222 248 252 288 301 699 704 728
504 68 83 84 152 222 249 252 270 288 298 301 697 707
505 7 83 84 119 120 135 160 169 280 301 339 581
506 9 83 84 159 248 288 301 377 384
507 83 84 92 256 298 419 710
508 23 83 84 298 301 450 520 521 633
509 37 44 83 301 506 606
510 83 84 248 252 279 759
511 83 187 188 710
512 23 62 80 83 84 251 256 288 298 612
513 84 288 301
514 83 84 288 303
515 83 84 159 263 377
516 84 496 506 511
517 83 152 248 252 288 298 301 706 707 759
518 57 83 84 107 109 152 160 298 313 369 448 450 460 496 506 520 521 650
519 83 84 92 301 511 710
520 23 52 60 63 83 84 125 128 263 301 354 443 445 487 557 599 631 689
521 83 107 391 496 506 612
522 23 80 83 84 168 178 256 279 298 301 309 459 521 572 748 752 759
523 46 83 84 201 248 249 252 256 269 279 301 358 515 521 559 572 689
524 19 37 64 83 84 107 119 136 252 256 263 301 345 348 352 476 487 493 511 626 633 638 663 706 707 710 719 749 750
525 10 13 84 288
526 41 63 80 81 84 85 123 128 256 263 298 301 303 456 507 532 572 631
527 4 83 289 298 301 305 338 632 636
528 83 84 298 301 459 520 572 633
529 83 84 85 107 146 160 252 256 263 298 301 521 541 572 670 748
530 39 83 84 160 252 256 269 279 298 301 303 391 731
531 83 84 92 288 511 710
532 2 83 84 173 242 298 301 446 508 572 614
533 70 83 201 251 254 298 451 455 506 521 571 654
534 33 36 83 84 110 114 152 180 251 252 256 270 288 298 477 478 511 520 521 541 602 631 670 710 736 740 759
535 84 288 403
536 83 84 152 169 252 288 301 339 506 626 663 707 728
537 74 83 84 160 201 248 252 256 288 487 759
538 9 83 84 248 252 288 377 670 759
539 6 83 182 201 252 256 338 690
540 5 22 37 83 84 89 301 338 473 487 516 539 631 633 710
541 288 301 511
542 83 110 135 136 252 256 301 478 480 487 606 638
543 37 83 84 119 169 263 279 288 298 301 345 487 504 631 707 719 749
544 83 84 301 401 511 645
545 55 83 84 249 252 256 288 298 301 391 401 511 622 759
546 83 84 94 107 119 120 152 201 248 249 251 252 256 263 279 298 301 348 391 476 487 506 520 521 557 572 626 631 633 645 663 689 707 759
547 84 252 288
548 83 84 110 135 136 248 288 301 478 480 487 573 606
549 6 37 83 84 119 152 201 248 249 251 252 254 256 288 294 301 303 391 520 540 626 631 633 690 725
550 83 84 288 303
551 83 84 256 269 288 707
552 83 84 173 248 279 288 301 391 511 710
553 74 84 152 201 248 249 251 252 256 298 301 309 367 400 487 520 521 568 572 626 645
554 39 83 119 155 160 242 248 249 251 252 256 279 288 301 303 345 348 354 381 391 453 456 459 478 480 483 487 489 539 638 643 663 707
555 83 252 301 473 539 605 642 663
556 83 84 248 249 252 255 256 288 298 301 309 400 487 520 521 545 606 664 759
557 80 83 84 160 168 248 252 256 279 288 301 489 520 521 535 546 572 582 626 633 670 689 759
558 83 84 107 119 248 249 256 301 391 478 480 487 664 707
559 19 42 83 86 110 120 135 248 249 252 256 280 301 391 428 478 480 487 728
560 47 83 84 256 279 288 298 301 506 520 580 631
561 301 637 687
562 83 288 305
563 37 83 119 122 169 201 251 256 263 288 301 487 493 504 526 707 719 749 753
564 83 84 123 298 301 391 759
565 288 301 638
566 41 81 83 84 85 123 174 201 254 263 298 303 453 456 507 532 572 631
567 83 84 108 152 252 288 301 330 526 544
568 83 84 89 174 256 520 521 633
569 83 271 288 365
570 62 80 83 84 201 251 298 301 459 612
571 83 110 123 143 152 252 298 301 303 482 663 690
572 83 84 89 110 248 249 252 254 256 293 294 301 511 520 631
573 288 441 654
574 83 108 330 734
575 83 84 118 152 288 301 526
576 203 288 301
577 77 83 84 86 110 173 252 261 288 301 511 520 657 658 710 725
578 23 52 60 83 125 128 248 301 354 443 445 453 487 557 572 599 631 689
579 83 107 114 160 252 279 520 521 602 725 736 740
580 235 283 285
581 83 235 251 282 283 284 285 292 301
582 83 84 288
583 84 159 248 252 288 301 377 384 478 759
584 83 84 172 301 338
585 9 39 51 83 84 107 121 248 251 254 256 279 288 301 348 381 422 476 478 483 487 520 521 575 604 643 725
586 83 84 252 301 470 581
587 84 288 307 326 385
588 49 83 84 298 308 381 395 432 521 572 626
589 23 80 83 201 247 248 249 251 256 279 288 298 301 303 306 358 459 521 583 759
590 23 83 160 256 288 298 301 442 459 506 511 569 710 725 759
591 83 84 123 170 201 256 279 294 298 391 511 549 725 753
592 7 83 84 152 252 256 288 301 318 339 345 622 626 707 728
593 2 9 155 160 201 236 248 249 254 256 288 301 367 499 500
594 9 83 93 140 152 196 248 249 251 252 256 261 279 288 300 301 303 307 391 546 583 599 607 631 748 759
595 23 84 119 160 169 249 256 288 301 354 406 419 459 495 572 578 607 658 689
596 83 84 196 208 256 298 301 308 525 526 668
597 389 660 729
598 83 252 289 301 548 638 698
599 37 70 80 84 201 242 248 249 256 263 288 298 301 345 348 487 521 638
600 48 80 84 86 110 171 172 201 211 252 254 298 301 325 475 521 572 756
601 83 84 432 511 539 710
602 83 84 196 252 288 296 422
603 84 123 152 221 237 252 296 301 396 474 607
604 83 84 160 256 288 326 329 391 478 626
605 80 83 84 248 288 301 506 697
606 83 84 152 201 252 748
607 81 288 301
608 83 84 160 196 252 256 279 288 298 309 487 491 582 583 639
609 83 164 248 249 252 256 288 298 301 487 652 653 697 698
610 37 83 84 152 173 201 248 249 251 252 256 263 279 288 298 299 301 303 345 348 487 520 521 583 633 707 749 759
611 84 227 256
612 83 109 196 221 252 289 301 607 633
613 80 83 263 301 303
614 83 84 127 248 251 301 457 478 606
615 68 83 84 152 160 165 201 251 256 301 759
616 47 110 170 201 252 256 279 288 298 301 455 725
617 83 84 170 201 249 301 520
618 22 83 110 263 301 578
619 30 83 84 107 152 174 201 251 256 260 279 297 298 299 301 309 381 382 518 521 713 759
620 39 201 248 249 252 256 279 298 301 478 479 572 638 689 690
621 80 83 84 152 201 248 251 288 301 725 759
622 22 83 366 648 650 710
623 5 23 39 64 80 83 84 107 128 196 201 256 270 288 298 299 301 381 422 459 572 654 689 753 759
624 83 84 183 201 248 251 288 294 301
625 30 84 107 152 174 201 239 251 256 260 263 279 298 299 301 309 381 382 521 592 631 713
626 72 111 227 252 265 301 448 475 478
627 83 139 252 506 670
628 83 107 111 301 324
629 2 83 152 298 301 355 663 746
630 289 488 561
631 80 83 84 108 152 288 301
632 56 84 107 160 208 256 298 301 324 329 478 480 520 521 525 526 604 626 633 725 749
633 46 77 80 83 84 107 256 279 293 294 298 386 422 519 521 572 577 631
634 11 13 22 472
635 55 80 83 84 110 128 249 254 263 279 309 422 517 582 626 645 759
636 83 93 201 202 251 256 298 301 520 541
637 83 84 94 107 201 256 298 301 303 402 506 521 633
638 1 23 67 83 84 92 128 152 201 248 249 251 256 277 279 298 459 506 520 521 612 759
639 83 84 152 201 225 251 256 288 298 300 301 309 310 506 521 572
640 24 39 83 84 160 171 172 173 251 252 256 263 288 298 301 303 309 506 520 572 582 615 631 657 689 756
641 23 83 84 89 173 251 252 256 279 288 298 301 303 759
642 39 83 84 119 160 227 248 249 252 254 255 256 263 288 298 521 572 583 639 707 725
643 84 201 249 252 288 301 663
644 83 84 92 201 246 256 279 288 298 301 307 325 396 474 607 667
645 23 83 84 173 216 251 254 279 298 301 309 356 391 459 520 521
646 83 84 89 160 254 279 381 387 390 620 626 644
647 80 83 84 107 173 201 251 256 308 313 506 511 557 633 643 668 674 710 733
648 9 33 39 46 77 83 84 85 86 107 140 152 160 201 251 254 256 298 299 301 303 356 367 387 390 400 521 572 617 624 626 633 652 676 690 756
649 80 83 247 248 279 612
650 23 81 171 546
651 37 83 84 119 120 136 152 169 248 249 252 263 280 288 298 301 303 348 352 410 476 478 487 493 520 521 572 606 633 638 663 707 719 725 749 750 759
652 83 84 107 160 279 288 298 381 391 459 511 521 631
653 83 84 152 256 288 654 685
654 79 84 93 160 173 254 256 279 298 382 520 521 557 572 600
655 83 84 171 355 432
656 83 84 119 169 208 296 298 301 339 345 525 638 719 725 753
657 107 109 110 156 178 249 254 256 279 294 298 301 387 506 521 650 759
658 84 289 301 354 355 365 506 633
659 8 83 84 107 301 620 637 645
660 84 288 301
661 39 62 64 83 89 160 248 249 256 279 288 301 422 574 707 728
662 68 83 84 107 249 256 301 633
663 48 83 84 201 246 251 256 279 298 307 325 396 474 560 608 667
664 81 83 248 252 288 299 301
665 83 84 110 119 169 248 249 252 256 288 298 301 345 352 473 476 478 487 521 572
666 84 110 128 254 288 298 299 301 441 506 520 546 582 626 629 631
667 83 84 196 208 298 301 308 520 525 526 668
668 83 84 204 308 511
669 47 83 84 201 219 226 251 252 256 293 294 298 301 520 521 572 633 689 690
670 83 84 202 301 391 414 743
671 80 83 643 668
672 5 45 48 83 84 301 607
673 15 80 84 204 301 543 558
674 23 49 55 74 80 83 84 110 155 173 234 288 298 299 301 381 391 452 506 572 631 633 663
675 83 84 94 152 201 220 252 307 725
676 288 303 319
677 80 83 84 107 152 251 252 298 301 600 759
678 108 288 638
679 23 68 83 84 251 256 279 293 294 298 325 459 511 546 689 710
680 9 49 80 83 84 93 201 241 248 249 254 301 303 381 452 572 583 604 689 759
681 31 83 109 152 221 607 690 698
682 83 84 263 301 354 753
683 83 84 110 201 248 249 251 252 254 270 301 303 313 391 403 487 633 651 710 723
684 42 83 84 252 301
685 39 83 84 107 196 201 252 254 256 298 299 303 391 422 618 643 759
686 83 84 288 725
687 48 64 83 84 624
688 288 301 329
689 83 107 154 173 201 252 254 256 298 367 520 521 541 572 607 608 614 631 658 756 759
690 67 83 84 107 152 252 301
691 5 84 107 109 298 366 369 452 572 631 648 735
692 4 288 489
693 83 84 254 298 301 339 345 473 476 487 520 572 614 626 633
694 1 83 84 298 301 339 345 348 473 487 572 614 626 633
695 82 308 631
696 288 303 319
697 139 301 306
698 84 242 456 569 583
699 83 301 303 549 574 674
700 62 83 84 152 201 249 251 252 254 256 288 293 294 299 300 301 367 467 725 755 759
701 75 83 84 172 201 251 252 256 279 298 301 415 452 520 521 725
702 83 84 123 749
703 80 620 644
704 45 288 301
705 24 83 84 196 252 256 263 288 478 479 759
706 4 44 83 152 252 423 503 506
707 83 108 252 289 541
708 72 80 83 84 242 288 520 725
709 37 83 135 252 280 301
710 83 84 252 288 298 301 387 390 396 607
711 23 80 83 248 252 301 308 493
712 83 84 643 668
713 83 107 119 123 201 234 251 252 254 288 296 298 301 307 323 328 374 406 495 521 539 631 670 710 753 758
714 19 37 83 84 119 136 169 201 252 256 263 280 288 298 301 345 422 476 487 493 520 521 572 633 638 663 719 728 749 750 756
715 83 107 152 204 206 252 313 506
716 39 56 83 84 110 152 160 201 248 249 252 256 263 273 277 279 298 301 310 324 328 345 346 348 357 460 463 478 480 487 572 575 606 631 663 759
717 46 74 77 83 107 160 254 256 274 293 294 301 386 422 519 521 572 631
718 49 62 80 84 110 119 152 248 249 252 263 279 288 298 301 303 335 367 487 493 506 520 521 572 604 633 674 725 747
719 83 84 152 160 201 249 252 256 298 299 301 345 487 583 631 759
720 83 84 252 288
721 48 62 80 84 152 208 248 249 251 252 256 263 298 301 303 345 348 406 476 478 483 487 521 572 633 663 694
722 182 288 303
723 9 83 84 107 180 181 301 309 354 479 758
724 9 23 39 62 83 84 160 196 201 202 248 249 254 256 298 309 395 396 459 491 521 541 546 572 599 607 608 620 748
725 83 84 132 301 307
726 5 23 64 84 107 152 177 201 236 246 248 251 252 256 279 293 294 298 299 301 303 338 459 506 511 520 521 541 572 582 674 689 710 725 748 759
727 44 83 85 119 196 221 236 251 252 256 273 288 298 299 301 373 408 506 572 607 631
728 157 307 607
729 23 81 83 84 120 160 256 288 298 301 381 400 459 568 572 620 633 725 756
730 308 638 668
731 80 83 252 288 301 506 697 698 759
732 23 80 83 84 107 152 201 251 254 279 293 294 298 301 349 350 354 367 381 382 402 459 520 521 572 633 710 733 753 756 757 759
733 36 83 202 288 301 608 706 707
734 84 151 288 301 325 455 568 654
735 83 84 123 201 252 256 298 301 303 520 521 633 749
736 83 84 152 173 201 251 252 256 298 301 520
737 84 256 620
738 2 47 83 84 119 178 248 249 252 256 279 301 303 410 455 478 483 487 511 633 649 706 725
739 2 47 83 84 119 170 248 249 252 256 279 288 298 301 410 483 487 511 710 725
740 83 84 152 252 301
741 37 48 83 84 169 256 273 288 301 487 493 504 663 707 719 749
742 83 84 152 252 301 367 526
743 83 84 152 303 367 526
744 256 301 452
745 83 84 152 252 301
746 84 204 301
747 83 84 152 252 303 367
748 6 110 119 196 201 252 254 263 273 279 288 301 487 495 574 637
749 15 83 108 204 303 544
750 23 84 107 160 234 248 252 254 262 298 301 357 450 459 521 546 572 582
751 33 36 62 80 83 84 114 171 172 252 279 297 506 520 521 546 602 670 703 725 736 739 759
752 51 83 84 128 160 256 273 298 301 345 521
753 83 84 98 248 256 259 301 607 638
754 80 84 631
755 83 84 211 357
756 83 84 108 252 478 670 740
757 80 83 84 173 201 251 256 279 288 298 301 344 391 468 478 483 487 531 555 633 643 668
758 48 84 256 301 323 511 549 560 759
759 49 83 99 152 173 201 229 236 248 249 251 252 254 256 257 279 288 298 301 303 332 348 442 476 478 483 487 506 520 521 604 663 673 706 731
760 83 84 152 301 337 367 520 759
761 83 236 288 735
762 83 84 107 301 303 716
763 83 84 146 152 252 256 301 367 455 545 572 670
764 55 83 107 128 140 141 152 173 252 262 277 288 301 303 367 369 385 489 520 521 546 573 578 582 658 759
765 84 236 288 735
766 83 84 201 539
767 47 84 85 123 177 178 256 262 298 503 506 520 546 572 631 633
768 37 83 84 107 110 119 152 201 248 249 251 252 254 288 293 294 298 301 367 476 487 520 521 572 626 663 707 759
769 288 301 319
770 65 83 152 158 201 252 256 288 301 303 337 520
771 9 83 84 152 160 201 251 256 263 293 294 298 301 367 520 521 572
772 84 152 201 248 301
773 33 45 83 84 85 87 110 123 152 171 172 252 263 297 298 301 303 309 396 400 440 474 520 521 568 594 596 607 608 690 745 759
774 83 84 288 354 664
775 10 11 83 272
776 83 84 288
777 83 84 152 248 256 301 303 459 487 526 725 759
778 84 172 201 249 251 252 256 288 298 301 303 410 520 521 572 582 583 626 633 759
779 83 236 288 735
780 83 84 108 301 303
781 174 607 608
782 83 107 459 503 620 759
783 83 84 107 152 256 298 301 309 400 448 506 520 521 568 615 633
784 33 45 68 84 85 87 123 152 171 172 252 288 296 297 298 301 303 309 396 400 474 506 520 521 568 594 596 607 608 690 745 759
785 9 36 83 114 128 152 173 249 252 254 256 293 294 301 307 334 455 499 520 521 562 572 583 602 670 725 736 759
786 9 36 83 114 152 254 293 294 298 301 307 334 385 520 521 562 583 602 631 670 725 736 759
787 9 83 84 107 160 201 252 256 263 293 294 298 301 367 520 521 572 626
788 84 160 303 520
789 83 84 89 107 238 256 288 301 391 556 573 585 604 617 759
790 83 84 85 110 123 128 160 171 172 201 249 252 256 277 288 298 301 381 450 476 487 521 572 631 633 723 756 759
791 9 83 84 96 165 174 201 252 255 256 279 288 358 427 435 521 572 631
792 84 85 256 269 279 288 301 303 307 422 601 759
793 0 9 76 83 84 107 110 152 160 201 207 236 251 252 256 293 294 298 303 367 381 403 455 478 520 521 572 583 637 658 748 756
794 83 84 152 160 248 252 279 288 298 301 307 356 487
795 83 252 288 345
796 11 13 83 84 252 301 472 526 631
797 108 288 422
798 83 84 128 248 252 519
799 83 84 303 663
800 83 84 92 201 246 256 279 288 298 301 307 325 396 474 607 667
801 23 33 83 84 252 256 301 323 459 549 610 725 748 759
802 83 84 252 288 638
803 9 83 152 201 279 298 301 332 391 520 601 759
804 23 83 252 256 263 288 301 303 337 520 521 615 631
805 83 89 109 166 196 201 221 248 249 256 263 279 288 294 298 300 301 303 367 403 520 521 526 572 607 608 633 717
806 48 83 84 92 246 251 256 298 301 303 307 396 474 560 608 667
807 23 83 84 107 152 160 174 201 248 249 251 252 254 256 279 293 294 298 303 325 367 459 487 572 583 748 759
808 23 83 107 119 128 152 155 160 201 248 249 251 252 254 256 263 279 288 298 301 303 325 338 345 348 367 387 453 456 459 487 493 572 631 633 759
809 18 60 83 84 123 129 254 263 286 288 301 480 584 599 606 609 753 759
810 33 45 68 83 84 85 87 123 171 172 252 263 288 296 297 301 303 309 396 400 440 474 520 521 568 572 596 607 608 690 745 759
811 83 84 152 177 256 279 288 301 303 450 506 546 631
812 80 83 84 85 107 152 160 171 172 173 201 248 249 251 252 263 279 288 301 303 348 358 367 476 520 521 572 582 626 631
813 83 152 194 252 288 301 330
814 83 84 152 252 301
815 83 301 311 690 710 753
816 252 301 303
817 9 83 84 92 110 141 152 160 173 251 256 279 288 298 301 303 422 428 506 520 521 540 560 710 731 759
818 39 45 51 84 119 120 136 152 155 169 173 248 249 252 256 263 279 280 298 301 325 345 352 473 476 487 493 525 568 598 638 663 707 719 749 750
819 55 83 123 152 201 249 252 256 258 279 301 303 415 422 471 475 520 521 572 590 615 633 731
820 10 11 22 80 84
821 10 11 13 22
822 83 252 288 345
823 80 83 118 152 204 206 252 288 301 422
824 19 37 83 84 119 120 136 152 201 251 252 256 263 279 280 288 301 345 348 352 473 476 487 493 520 521 582 604 626 633 638 663 706 707 719 723 750
825 0 83 84 160 173 201 252 254 256 279 301 381 457 572 759
826 83 84 123 152 160 196 201 251 252 256 279 491 521 572 633 759
827 83 84 152 167 248 249 252 256 288 298 301 520 521 759
828 37 83 84 288 296 301 345 633 719
829 83 84 252 301 345
830 83 252 273 288
831 0 9 83 84 152 173 201 251 254 256 279 301 303 457 759
832 39 45 51 84 119 120 136 152 155 173 248 249 256 279 280 298 301 325 338 345 352 473 476 487 493 572 598 633 638 663 689 706 707 719 749 750
833 62 83 84 107 128 152 153 201 251 252 256 279 298 301 303 385 511 521 546 607 608 634 748
834 51 83 84 110 121 123 256 288 301 303 346 434 487 725
835 33 83 84 137 168 256 279 298 301 303 323 520 549
836 48 83 132 152 173 221 252 256 279 288 296 301 303 307 332 391 511 560 583 607 608 705 725 731
837 25 78 83 84 85 107 172 201 216 252 298 301 303 381 396 474 503 521 557 582 608
838 221 301 307 325 607 608
839 83 84 107 110 132 141 152 160 173 252 256 279 298 301 303 309 323 355 400 416 506 520 521 546 549 568 572 633 670 697 698 703 725 731 753 759
840 83 84 288
841 83 84 123 152 252 256 263 288 298 379 478 482
842 83 84 152 252 583 631
843 83 84 89 152 160 178 196 201 249 251 252 256 262 279 301 478 482 491 521 546 568 572 633 759
844 51 83 84 128 160 256 273 298 345 521 633
845 84 160 165 173 201 256 288 298 301 354 475 521 601
846 23 83 84 173 201 251 252 256 279 301 303 459 520 521 572 582 604 633 635 759
847 83 84 160 173 201 256 288 298 400 521 539 568 572 633
848 55 264 298 452 511 631 710
849 301 367 638
850 9 36 62 83 114 252 254 293 294 301 307 309 334 335 367 385 499 520 521 552 562 602 631 670 725 736 759
851 83 123 152 252 256 288 298 301 309 478 482 521
852 83 84 160 173 201 249 252 256 277 288 301 303 348 459 478 480 487 521 572 603 682 707
853 84 160 288
854 83 201 251 256 288 298 301 307 396 474 520 521 533 607
855 23 33 83 174 201 252 256 279 301 323 410 459 521 583 748 759
856 51 56 83 84 103 107 128 160 208 248 249 345 348 375 476 478 480 487 520 521 572 604 623 626 633 721 725 749 753
857 80 83 84 152 201 251 252 256 279 298 301 303 521 546 759
858 83 84 107 110 119 152 201 248 249 251 254 256 263 288 293 294 298 303 348 367 476 478 487 520 521 572 582 626 663 706 707 759
859 65 83 84 107 110 152 166 171 172 248 249 251 252 256 279 298 303 385 422 427 520 521 572 625 633 643 687 689 753 755 759
860 84 108 206 288
861 83 138 431 662
862 9 62 80 83 84 107 113 174 256 265 301 354 452 506 521 670 748 759
863 83 84 146 152 252 256 301 455 521 545 670 759
864 80 83 84 89 160 201 251 252 256 279 288 298 301 570 572
865 80 84 101 288 301
866 83 84 152 177 252 256 288 301 506 631 725
867 47 83 84 123 252 298 303 397 759
868 23 49 80 83 84 98 107 110 166 219 248 251 254 256 277 279 288 298 301 379 400 450 457 459 487 506 520 521 568 572 633 725
869 83 84 160 256 422 521
870 83 84 85 139 256 279 385 498 670 698 700 702 725
871 62 83 109 110 132 146 248 249 256 288 294 298 301 323 335 354 355 369 384 511 520 521 541 549 551 552 560 562 648 650 670 688 690 698 700 701 710 745
872 0 39 83 84 85 86 123 160 239 248 249 252 262 279 288 298 301 303 345 381 422 487 503 518 521 538 572 582 607 633 758 759
873 67 84 107 160 256 298 301 381 526 572
874 83 84 252 256 279 521
875 83 84 204 252 303
876 37 83 84 248 249 252 256 288 298 301 303 476 487 520 521 526 572 626 663 707
877 84 301 569
878 83 84 92 94 110 152 173 256 288 301 506 725
879 83 84 256 633
880 43 83 84 107 152 160 201 248 251 252 254 256 301 303 367 511 520 521 620 633 643 710
881 2 84 277
882 83 235 283 284 285 292 301 526
883 83 242 256 298 301 521 759
884 3 4 53 89 107 152 166 238 252 288 291 301 303 360 391 397 407 413 414 556 604 617 759
885 83 84 288 391
886 39 83 84 201 252 256 263 298 301 391 506 526 725 759
887 83 84 152 249 252 256 301
888 38 138 288 662
889 9 39 79 84 174 201 242 248 252 256 572 583 584 626 631
890 83 84 256 288
891 46 83 84 107 160 252 268 279 298 301 349 350 541 583 696 756
892 83 84 633 674 725
893 83 84 152 256 263 301 303
894 83 110 152 288 301 303 385 564 690 758
895 83 110 123 154 173 201 248 249 252 256 298 301 308 381 521 541 572 643 670 756
896 83 84 152 251 256 298 301 345 521 572 633 689 753 759
897 83 84 201 252 301
898 83 152 252 288 298 301 520 710 753
899 83 84 152 160 201 248 252 301 391 631
900 68 76 83 92 110 152 252 254 256 279 288 298 301 335 478 521 572 633 725 753
901 221 366 369 607 608 648
902 63 83 84 128 201 248 252 256 298 301 349 350 453 521 572 631 633 759
903 39 83 84 152 201 248 249 252 256 288 298 301 303 306 367 521 572 604 707 756 759
904 83 288 380 591
905 83 84 92 256 298 301 581
906 83 84 174 178 251 256 301 367 568
907 84 288 303
908 77 84 252 256 301 604 759
909 84 301 710
910 83 84 252 288
911 84 288 303
912 83 84 249 256 301
913 84 288 318
914 84 107 254 256 298 301 303 367
915 43 83 84 152 160 174 178 248 256 279 301 325 402 506 520 521 626 633 725 759
916 84 152 206 252 256 272 301 303 349 367 521 558
917 83 84 288
918 2 84 174 256 459 489
919 204 206 367 489
920 37 83 84 119 248 249 256 288 298 301 303 487 521 526 626 663 707
921 256 288 301
922 83 84 303 506 711
923 83 108 194 301 422 544
924 47 83 84 152 262 288 298 301 303 506 574
925 83 84 256 263 301
926 84 303 508
927 83 84 110 111 252 256 426 515 633 725
928 57 84 152 248 298 301 303 520 539
929 9 83 84 152 193 194 204 251 252 263 288 303 367 526 543 690
930 83 84 252 255 265 301
931 84 102 196 251 254 279 354 511
932 83 84 252 401
933 83 84 152 201 252 256 298 301 475 511 521 572 631 710 756 759
934 84 248 249 255 256 279 298 301 309 338 459 572 583 748 759
935 83 84 152 194 206 251 252 263 301 303 367 514 526 543 690
936 83 84 252 401
937 83 84 301 303 506 525
938 83 84 152 252 301 303 706 707
939 83 84 108 152 193 194 201 251 252 263 301 367 526 543 690
940 83 84 252 401
941 83 84 152 252 256 298 301 303 520 631 725
942 83 84 154 541 604
943 83 84 448 506 725
944 84 226 301
945 84 107 160 201
946 9 25 83 107 160 165 178 201 251 252 256 298 551 572 583
947 2 83 99 110 283 292 294 298 385 468 469 531 690 759
948 83 160 256 298 301 391 506 521 725 753
949 83 108 256 288
950 2 48 83 84 107 128 140 173 201 204 234 248 249 279 288 294 298 301 325 353 428 506 569 624 633 725 753 759
951 9 10 11 13 22 80 83 84 298 301
952 23 60 63 125 128 252 263 301 354 443 445 453 487 545 557 599 631 689
953 84 400 568 578
954 83 301 450 568 651
955 83 84 262 448 459 460 565 571 612
956 44 55 63 83 84 99 107 160 173 201 251 252 253 298 301 303 309 310 367 446 450 456 508 520 572 633 645
957 83 84 256 303
958 83 84 152 251 256 298 301 520 572 753
959 84 201 303
960 84 249 256
961 83 84 216 301 571 633
962 47 78 83 84 107 152 201 215 256 293 294 298 301 316 367 368 395 423 506 520 521 572 583 629 631 633 743 746
963 83 84 288
964 83 84 152 201 279 298 303 309 520 521 572 759
965 48 83 294 311 367 385 447 759
966 23 83 84 110 255 256 262 294 298 301 309 367 400 429 447 459 490 521 568 752 759
967 83 156 201 248 252 254 256 258 298 301 401 520 521
968 42 83 301 303 305 706
969 23 83 84 251 301 345 459 633 753
970 62 80 83 391 720 759
971 235 282 283 284 285 292
972 83 84 252 288
973 39 84 107 119 120 136 160 169 201 252 256 280 301 303 345 348 476 478 483 521 539 572 626 633 638 663 706 707 719 749 750 759
974 62 84 139 298 478 479 546 673
975 84 296 301
976 23 83 84 248 279 459
977 83 84 288 303
978 83 203 301 303 526 753
979 83 84 108 252 288 526 544
980 84 107 110 256 301 396 520 521 607 654
981 76 83 90 94 288 301 526
982 83 84 298 301 354 520 720
983 83 84 252 288
984 282 283 284 285 292
985 83 84 107 110 301
986 83 84 279 459
987 83 84 248 288 298 301 521 545 759
988 37 83 84 107 152 201 248 249 251 252 273 288 298 301 303 520 521 572 599 633 707 728
989 23 25 80 83 84 85 107 152 153 155 160 178 201 248 249 251 252 254 256 262 268 269 279 293 294 298 301 303 316 355 367 381 382 395 459 506 520 521 526 572 582 583 615 626 748 759
990 83 84 121 288 303
991 84 288 298 301 380 526 727
992 51 83 84 208 525 633
993 83 107 110 204 206 252 475 706
994 83 84 99 160 174 201 242 249 252 279 298 301 349 350 455 572 581
995 48 83 84 119 182 288 303 626 663 707 728
996 37 83 119 169 301 444 478 541 707 719
997 27 83 84 160 201 279 298 301 309 350 400 475 521 568 572 759
998 49 83 84 123 249 252 256 279 288 298 301 354 498
999 84 152 249 308 367
1000 83 84 249 256
1001 60 107 123 129 248 254 263 286 288 301 478 480 584 599 606 609 655 753
1002 83 84 303
1003 288 301 391
1004 83 248 249 252 301 638
1005 83 84 252 301 303
1006 83 84 152 288 301 638 667
1007 51 83 84 93 152 178 201 248 249 252 279 288 298 325 344 478 483 487 521 525 555 591 633
1008 51 83 84 128 208 256 298 301 345 525 633
1009 23 37 83 84 152 201 248 249 251 252 256 288 298 324 348 487 520 521 572 633 689 759
1010 84 110 160 201 248 249 251 256 279 298 301 411 520 521 572 583 604 634 637 758
1011 48 80 83 84 152 248 249 252 256 288 298 301 303 325 345 348 476 487 520 521 572 606 609 626 633 707 759
1012 76 83 84 90 94 288 526
1013 84 239 248 256 279 288 298 301 335 358 391 399 459 489 518 521 538 633 638 725
1014 38 39 84 252 303
1015 84 256 269
1016 83 84 252 288
1017 23 83 84 86 110 247 256 288 298 335 391 441 459 506 521 568 572 631
1018 48 83 84 252 288 633
1019 83 84 252 288
1020 96 288 301
1021 23 63 80 83 119 160 201 248 249 252 253 256 269 279 288 301 348 391 400 441 453 455 459 487 521 568 572 638 753
1022 83 84 354
1023 83 84 256 303 520
1024 84 152 160 247 248 252 256 279 288 298 301 316 391 506 520 521 725
1025 80 83 256 288 301 391 633
1026 83 84 301 526 633
1027 39 83 84 201 248 249 252 255 256 279 301 309 520 521 572 725
1028 48 83 84 201 248 252 256 301 303 520 521 725
1029 201 217 235 251 282 283 284 285 288 526
1030 83 252 256 279 301 572 582 759
1031 83 110 152 252 256 279 298 301 520 521 572 725
1032 39 83 84 160 201 234 251 256 288 298 301 322 520 521 689
1033 83 84 508 582
1034 288 301 348
1035 37 119 169 263 288 301 345 487 504 707 719 749
1036 37 83 84 122 263 288 487 504 706 707 719
1037 37 83 119 122 169 301 487 504 706 707 749
1038 37 83 84 119 122 169 288 487 504 706 719
1039 288 452 470
1040 83 84 151 203 252 256 279 288 528 687
1041 9 84 201 248 252 254 256 298 301 506 511 572 592 659 710
1042 46 83 84 160 174 189 201 239 252 256 298 301 308 354 518 572 583 756 759
1043 84 301 367
1044 84 256 452
1045 82 83 84 172 301 503 626
1046 288 301 319
1047 48 83 84 107 110 217 248 249 252 279 288 298 301 325 345 348 385 476 478 483 520 604 626 631 633 706 724 728 749
1048 83 84 201 248 256 279 288 301 349 350 450 521 572 753
1049 83 84 123 171 189 203 248 256 298 301 521 568
1050 23 83 301 391 506 557
1051 82 84 220 248 254 301 435
1052 83 84 252 301 725
1053 56 71 83 248 249 252 288 301 348 419 476 478 480 487 604 663 721 728
1054 80 83 84 279 301 446 459 559
1055 83 84 110 288
1056 83 84 256 441 448 506 710
1057 11 80 84
1058 48 83 84 160 242 248 249 252 279 288 298 301 455 487 604 725 745
1059 48 83 288 568
1060 83 248 256 288 631 633
1061 84 203 248 288 301 526 633 753
1062 84 352 638 663
1063 80 110 111 252 263 274 288 296 301 303 308 331 339 488 506 626 706 707 728
1064 64 83 84 86 160 173 174 201 251 254 256 279 288 298 301 410 520 521 572 633 725
1065 19 37 83 84 119 120 169 252 280 288 301 345 348 476 487 493 626 638 663 707 749 750
1066 288 303 319
1067 83 84 201 301 526 633
1068 2 83 84 152 173 248 288 301 391 497 508 511 710
1069 23 83 119 160 201 248 249 252 256 279 345 348 459 487 572
1070 76 83 90 94 288 301 526
1071 83 84 234 256 288 638
1072 123 160 201 248 249 251 252 256 288 298 301 325 345 484 521 572
1073 38 39 83 84 160 189 252 256 279 288 298 410 506 626 687 759
1074 19 46 76 77 83 89 107 110 120 152 160 201 248 251 252 254 256 279 301 381 478 520 521 572 626 631 633 728 759
1075 78 83 220 252 288 301 506 565 638
1076 182 288 303
1077 83 84 247 256 288 301 470
1078 9 62 84 114 234 251 252 256 298 301 309 327 365 367 465 511 572 599 675 689 710
1079 83 173 248 251 256 279 288 298 301 470 506
1080 84 248 256 298 301 511 599
1081 83 201 248 249 251 254 279 293 294 298 381 511 520 572 631 633 710
1082 83 99 112 153 192 301 368 385 511 560
1083 83 84 279 288 301 303 426 521
1084 83 84 288 426 515
1085 83 84 107 152 160 201 251 252 256 298 301 497 520 521 572
1086 83 248 249 252 254 256 288 294 298 301 367 461 521 572 633
1087 83 84 119 174 201 254 256 263 294 298 391 511 520 521 526 568 638 642 710 725
1088 49 83 84 107 110 119 148 152 201 247 248 251 252 256 263 277 288 298 299 301 303 329 345 348 391 487 506 520 521 626 633 663 707 728
1089 83 303 706 707
1090 80 84 288 298 301 335 489 568
1091 83 84 168 288 298 301 379 446 759
1092 83 84 110 152 252 279 301 335 470 520 618 725 753
1093 83 84 288 638
1094 83 84 256 298 402 526 631 633
1095 23 67 83 84 160 192 201 248 249 252 279 298 303 335 348 459 487 521 572 583
1096 18 60 83 84 85 107 123 152 248 249 251 252 254 256 301 478 480 599 606 609 655 759
1097 23 39 62 83 84 248 249 251 256 298 459 511 710 759
1098 83 84 152 251 256 298 301 367 520 521
1099 90 256 301
1100 19 23 37 80 83 84 107 256 263 288 301 348 459 473 476 487 520 633 638 719
1101 19 23 37 80 83 279 288 298 301 345 348 453 456 459 476 487 511 520 521 612 633 638 667 696 710 719 733 749
1102 77 82 84 152 249 252 256 279 298 301 710 759
1103 7 23 80 83 84 107 119 120 136 201 248 249 252 256 263 269 279 280 288 298 301 345 348 379 381 385 401 419 459 476 478 483 487 520 525 565 572 604 638 706 707 758
1104 83 84 209 306
1105 83 84 107 110 189 201 251 254 256 288 293 298 301 303 354 367 385 499 500 506 520 521 572 604 633 670 676 725 759
1106 18 107 123 263 286 288 301 481 584 606 609 655 753 759
1107 288 303 497
1108 83 84 105 249 301
1109 83 84 160 173 174 201 252 256 298 301 309 471 520 521 696
1110 83 217 235 282 283 284 285 292 301
1111 80 83 84 160 239 248 249 252 256 288 298 303 410 572 583 697 706 707 759
1112 19 83 84 119 263 288 301 345 348 473 487 493 638 719 749
1113 83 84 167 279 297 592
1114 84 209 248 256 612 633
1115 83 84 107 152 155 160 251 252 256 298 301 303 309 358 410 520 521 572 577 583 759
1116 83 84 316 629
1117 83 231 288 301 638 707 753
1118 288 301 319
1119 23 84 173 183 248 252 288 301 354
1120 84 152 252 254 256 298 301 367 520 759
1121 83 84 201 301 526 633
1122 80 83 84 252 288
1123 83 84 85 196 249 256 301
1124 54 83 251 256 298 301 442 506
1125 81 83 84 90
1126 83 84 123 252 256 298 301 459 520 572 582 759
1127 83 84 201 251 256 298 301 521 572 753
1128 84 115 288
1129 83 84 152 252 256 288 526 633 638 706
1130 54 83 84 98 152 201 252 521 526
1131 83 84 107 249 288 301 391 633
1132 80 83 107 119 169 201 248 249 251 252 256 279 298 301 303 310 344 345 348 367 400 476 478 483 487 495 520 521 568 601 606 626 633 663 706 707 725
1133 160 201 204 206 604
1134 83 84 123 124 160 249 279 298 301 712 759
1135 84 90 301
1136 48 83 107 173 201 248 249 251 252 255 256 263 279 288 298 299 301 308 325 345 358 367 459 476 503 506 511 520 572 581 631 633 689 710 725
1137 84 152 155 288 298 301 335 498 670 722 759
1138 49 83 84 107 109 152 160 201 248 251 256 278 279 288 299 301 303 366 428 451 475 506 520 521 541 572 650 731
1139 83 84 107 196 256 288 301 423
1140 83 84 85 172 173 201 248 249 251 254 256 288 298 301 475 572 631 753
1141 62 83 107 208 248 249 252 256 263 288 298 301 303 309 310 313 376 391 572 604 656 710 725 753
1142 83 84 119 144 169 248 249 252 288 298 301 303 328 339 345 348 419 423 476 478 483 520 521 572 622 626 633 663 707
1143 83 84 301 461 526
1144 83 84 152 169 256 263 288 298 301 520 521 572 573 633 689
1145 45 83 84 254 256 267 279 288 298 301 484
1146 83 84 288
1147 42 263 303 660 706
1148 182 288 303
1149 38 56 83 84 85 92 189 248 249 252 294 298 301 492 503
1150 57 84 107 152 248 249 252 279 288 301 381 520 521
1151 84 160 171 172 201 248 252 256 258 279 293 294 298 301 316 520 572 689
1152 83 84 252 288 526
1153 288 303 319
1154 83 84 160 201 248 252 256 298 301 303 521 759
1155 9 23 77 83 173 201 248 249 252 256 298 301 459 572 631 756 759
1156 83 247 256 288 298 301 520 521 633 638
1157 83 84 224 256 301
1158 83 84 248 279 288 298 520
1159 288 301 486
1160 27 83 84 85 107 201 256 279 288 301 315 361 367 391 409 410 506 520 521 559 572 631 694 733
1161 9 84 119 160 201 252 256 263 280 301 303 345 473 476 478 483 487 521 568 572 583 633 638 663 719 749 750 759
1162 2 84 173 249 298 301 391 508 511 710
1163 72 83 84 110 138 139 288 298 301 631
1164 83 84 121 189 201 248 249 256 263 279 293 294 298 328 346 521 526 572 633 689 759
1165 55 84 201 248 252 262 263 288 298 301
1166 84 288 526
1167 48 83 84 201 249 252 256 263 288 297 298 301 506 511 710 759
1168 90 252 301 511 695 710
1169 83 84 160 298 301 309 499 500 521
1170 83 252 288 745
1171 37 83 84 109 152 201 228 248 249 251 252 256 273 288 298 301 303 366 520 521 572 599 626 633 638 650 753
1172 23 84 145 160 201 211 248 249 256 279 298 301 432 459 521 604 759
1173 83 84 301 422 455 574
1174 49 80 83 252 256 263 298 301 633
1175 47 83 107 110 132 152 160 248 252 279 288 293 294 298 301 307 358 367 400 521 572 583 626 731
1176 83 107 189 248 249 252 254 256 288 294 387 390 411 599
1177 288 301 319
1178 48 83 84 638
1179 83 84 107 110 114 152 192 201 248 249 251 252 256 263 288 301 431 478 482 520 521 687 731 759
1180 84 107 160 201 248 249 252 256 279 298 367 506 521 572 583 689 759
1181 83 252 345 471 478 633
1182 9 83 84 85 110 119 140 201 251 252 254 256 288 301 354 520 539 631 725 759
1183 83 84 252 305 526
1184 23 63 80 83 128 152 160 219 251 268 298 301 381 453 459 520 521 572 574 633
1185 80 108 195 544
1186 51 83 84 99 256 298 367 400 568 572 588 610
1187 80 83 84 152 252
1188 84 288 335
1189 83 84 110 201 202 251 252 256 288 298 520 521 591
1190 83 109 221 296 608
1191 83 84 301 506 526
1192 50 65 83 90 107 111 152 238 252 296 298 301 303 380 395 413 414 511 528 604 619 643 690 710 727 743 753 759
1193 84 301 452
1194 83 96 288
1195 83 84 152 201 251 252 256 297 298 301 337 521 572 592 689 759
1196 83 84 107 160 201 248 251 252 256 301 367 385 498 520 521 560 572 583 626 633 725
1197 83 152 252 256 298 301 422 514 521 572 633 759
1198 83 169 301 345 573 633
1199 84 256 725
1200 15 80 83 84 108 152 256 301 543
1201 15 80 84 108 152 252 301 422
1202 83 152 203 252 298 385 407 511 710 743
1203 38 83 431 573 662
1204 84 108 204 625
1205 83 84 152 160 171 172 201 202 252 294 301 354 453 520 541 572 604 626 628 631 633 641
1206 83 301 631 633 733
1207 204 367 543
1208 28 48 83 84 140 252 288 298 301 325 354 407 413 743
1209 23 52 60 63 84 128 248 252 354 443 445 453 487 557 572 599 631 689
1210 288 301 317
1211 26 83 110 150 152 288 301 324 503 597 690
1212 15 83 84 252 272 544
1213 22 83 84 98 107 191 252 279 297 298 301 305 417 475 592 710 759
1214 23 52 60 83 84 125 128 248 263 354 445 453 487 557 572 599 631 689
1215 48 83 84 256 301 325 520 521
1216 39 83 84 160 201 247 248 249 252 260 265 279 298 301 475 572 583 590 604 667 759
1217 83 107 143 173 248 256 288 301 395 409 410 506 520 572 631 633 717 756
1218 50 84 152 171 301 486 631 633 759
1219 80 84 108 206 256
1220 53 83 84 89 256 288 301 391 397 556 585 604 617 759
1221 55 108 475 514 526 543 558
1222 18 60 83 84 123 129 248 254 263 478 480 584 599 606 609 655 753 759
1223 83 84 201 251 252 254 256 279 298 520 572 633 725 756
1224 83 84 88 155 201 298 338 631 759
1225 83 84 203 252 256 257 301 381 403 475 511 546 710
1226 25 83 84 100 252 301 521 526 630
1227 83 84 288 303
1228 84 152 160 252 293 298 301 354 381 387 390 520 521 572 626
1229 18 83 107 248 252 254 286 288 301 481 584 606 609 655 753 759
1230 83 301 366 369 650
1231 66 449 486
1232 80 83 84 108
1233 83 252 301 506 511 710
1234 18 51 83 107 123 129 248 252 254 263 286 301 584 599 606 609 655 759
1235 26 83 84 110 150 154 239 252 256 298 301 324 503 541
1236 83 84 252 367 506
1237 83 84 252 706
1238 83 85 152 201 252 298 301 449 520 521 631 725 753
1239 83 84 107 108 204 252 325 367 455 520 546 631
1240 83 84 107 201 256 279 298 301 506 521 526 541 687
1241 169 288 303 419 616 632 706 707
1242 83 201 248 251 252 256 288 301 725
1243 80 83 84 249 252 301
1244 5 83 84 107 152 172 173 201 219 298 301 304 312 428 506 511 520 572 577 631 633 674 689 710 759
1245 109 221 296 301 607
1246 83 84 288 568
1247 83 110 301 560 619 690 757
1248 83 108 422 544
1249 50 65 84 107 110 171 172 248 249 251 252 256 288 298 301 303 385 422 427 520 521 572 619 625 633 643 687 689 753 755 759
1250 83 84 86 152 201 251 256 298 301 520 626
1251 26 83 110 150 152 288 298 324 503 597 690
1252 83 84 152 202 248 256 279 301 367 422 520 643
1253 83 84 94 152 173 202 251 298 301 452 511 520 572 633 689 710
1254 288 301 638
1255 83 84 288
1256 18 83 84 107 123 248 254 263 286 301 584 599 606 609 655 753
1257 84 99 152 172 252 256 301 427 521 643 689 759
1258 83 107 109 152 252 301 369 648 650 690
1259 23 83 123 256 288 301 402 633
1260 51 83 84 107 110 152 173 252 256 279 301 403 425 521 572 632 633 725 759
1261 48 84 263 298 301 356 451 506 725 753
1262 80 83 84 201 252 254 256 298 301 520 521 572 631 633
1263 50 65 83 90 107 111 152 252 296 298 301 303 380 395 407 413 414 511 528 543 604 619 643 690 710 727 753 759
1264 48 83 288 363
1265 83 84 256 298 301 520 631 633 759
1266 83 84 152 254 301 367 422
1267 83 84 107 174 256 298 367 520 521 572 633 759
1268 48 83 84 363
1269 83 84 108 152 252 526 544
1270 83 288 330 544
1271 83 84 252 475
1272 83 84 256 301 413 414 533 565 612
1273 83 172 201 521 633
1274 26 83 150 152 154 239 252 256 288 301 503 518 690 759
1275 15 80 108 193 194 301 330 543 544
1276 83 84 107 110 173 252 256 298 308 320 367 425 521 572 632 633 759
1277 47 83 84 99 633 725
1278 55 83 84 256 725 753
1279 83 84 140 294 367 633 654 759
1280 83 84 252 533
1281 26 83 84 150 152 154 239 288 298 301 324 503 541 759
1282 80 194 422 544 734
1283 83 84 470 526
1284 23 25 49 80 84 171 172 173 256 293 294 296 422 459 520 521
1285 66 449 486
1286 26 83 150 152 288 298 301 324 503 597 690
1287 83 84 152 252 256 288 308 520 521
1288 83 84 85 123 201 219 248 249 252 256 298 400 521 633 689 723
1289 83 298 301 391 520 521 633
1290 48 83 98 110 256 506
1291 9 83 86 92 94 107 152 201 251 252 254 256 279 288 301 309 354 381 475 506 520 521 582 759
1292 23 48 80 83 84 93 110 160 173 252 256 298 301 309 459 526 600 725 759
1293 23 62 80 83 84 86 89 107 110 152 154 155 166 188 201 248 249 252 254 256 293 294 298 301 306 312 358 367 381 428 432 459 503 506 520 521 541 572 577 583 591 604 633 687 759
1294 18 83 107 123 248 252 254 286 301 481 584 606 609 655 753 759
1295 84 288 305
1296 26 83 110 150 152 252 301 324 503 541 597
1297 23 51 80 83 84 160 201 248 249 251 252 256 288 296 297 298 301 309 410 448 459 506 511 520 521 546 572 583 604 626 631 633 638 690 710 753
1298 80 84 152 201 251 252 254 256 298 301 381 572 631 633
1299 26 83 84 110 150 154 239 252 256 288 293 298 324 503 759
1300 9 80 83 252 256 301 521 690 725
1301 83 84 86 152 201 251 256 263 288 298 301 381 434 476 506 511 572 604 710 725
1302 83 84 108 256 301 544 631
1303 83 84 112 288
1304 182 288 301
1305 32 33 34 416 661 695 703 704 714
1306 83 84 256 443
1307 83 84 92 160 171 172 201 251 252 262 279 298 301 309 310 381 506 572 598 631 633 689
1308 83 84 107 160 173 201 251 298 301 381 459 572 631
1309 83 84 107 160 201 251 252 256 279 298 301 520 572 626 631
1310 80 84 289 305 710
1311 9 83 145 201 256 298 367 381 568 759
1312 83 85 107 252 254 279 294 298 301 310 367 391 475 489 521 572 604 620 624 631
1313 83 84 193 252
1314 74 80 83 84 160 173 201 202 247 248 249 251 252 256 301 309 381 382 520 541 572 633 759
1315 93 107 110 201 202 298 301 354 381 395 503 521 759
1316 83 84 108 152 194 558
1317 84 288 298 301 455 506 526 541
1318 9 83 84 88 152 201 252 298 541 589 599 676 725
1319 26 83 84 110 154 239 252 288 298 324 503 518 541 690 759
1320 83 84 173 256 298 301 475 520 521 759
1321 83 84 249 252 301 633
1322 105 303 363
1323 34 83 160 252 298 377 384 478 479 499 500 501 523 545 583 602 670 697 698 703 714 759
1324 56 83 107 152 201 252 256 269 279 294 298 301 367 427 520 521 615 731 759
1325 109 153 432
1326 23 52 60 63 84 125 248 263 288 301 354 443 445 557 572 599 631 689
1327 0 84 110 114 152 252 301
1328 83 84 160 248 252 256 301 422 521 610 643 710 759
1329 83 84 160 288
1330 83 84 256 288 298 301 429 506
1331 83 84 202 254 256 411 641
1332 80 83 107 201 252 254 256 288 298 301 381 391 520 521 631
1333 49 83 84 107 152 212 252 256 279 288 298 301 446 572 631 651 759
1334 4 83 98 289 298 305 506 520
1335 83 84 85 152 160 201 211 279 294 298 301 355 622 624 666
1336 83 84 85 89 107 109 152 160 252 256 279 298 300 301 309 690 759
1337 78 80 83 84 92 107 160 201 252 277 279 298 301 308 358 367 381 382 489 490 506 520 521 572 630 633 643 712 716
1338 83 84 288 303
1339 108 251 256 298 301 514 526 544 633
1340 46 83 108 165 202 256 288 301
1341 83 84 167 256 268 301 391 475
1342 83 107 110 202 298 301 304 310 312 521 572 577 626
1343 49 83 89 160 171 172 256 298 301 618
1344 83 107 152 196 201 251 252 263 288 298 301 475 506 520 521 572 626 633 689 725 753 759
1345 14 83 84 124 156 160 173 189 246 251 252 254 288 294 298 301 354 367 519 577 622 635 759
1346 63 83 84 100 178 253 256 288 329 450 456 506
1347 83 84 173 201 248 249 251 256 288 298 301 511 526 633 710 725
1348 38 39 254 301 381 521 759
1349 25 34 36 62 84 114 152 247 249 252 298 301 327 416 520 521 523 654 661 670 676 697 698 703 704 714
1350 83 84 252 296 301 633
1351 81 83 252 296 301 633
1352 64 83 84 160 201 252 254 256 298 301 309 381 482 572 631
1353 83 84 152 252 301 325 506 526
1354 83 84 108 152 195 301 526
1355 83 84 152 252 256 367
1356 84 94 201 251 252 256 262 301 455 475 521 535 572 689 759
1357 63 83 84 92 152 251 252 253 256 301 303 453
1358 83 84 152 251 298 301 521 626 643
1359 83 252 288
1360 59 84 107 123 160 201 254 256 279 294 301 400 520 568 628 725
1361 9 46 77 83 84 160 201 279 298 521 568 651 756 757 759
1362 77 83 84 155 160 201 256 298 358 359 520 521 572 626 633 634 637 712
1363 83 84 116 294 371 506
1364 83 84 173 174 242 248 249 256 279 298 301 308 521 759
1365 55 83 84 86 107 152 160 173 174 211 251 252 256 288 301 367 520 521 572 583 615 633 732 759
1366 83 84 252 256 288 301 360 391 397 556 573 585 604 617 759
1367 51 83 107 110 152 183 252 254 256 288 298 301 308 381 492 520 521 572 592 676 759
1368 23 83 173 236 252 277 296 298 301 459 613 684
1369 53 83 89 107 238 252 256 301 391 397 585 604 617 759
1370 25 49 83 84 86 152 201 256 301 309 367 381 382 511 520 521 533 534 572 710 759
1371 48 83 84 173 257 258 288 296 301 455 478 511
1372 83 84 256 303 520
1373 84 107 152 252 256 279 301 759
1374 56 84 99 444 546 557 574
1375 23 80 83 107 152 160 201 239 242 251 256 279 298 301 358 359 367 459 518 520 521 550 626
1376 83 84 256 279 303
1377 31 33 36 62 83 93 110 147 298 334 335 385 410 439 478 506 511 520 521 523 582 602 631 670 697 698 731 736
1378 27 83 84 308 489
1379 0 9 74 84 201 256 288 298 301 309 354 422 521 582 735 756
1380 23 80 152 168 202 251 254 256 279 294 301 367 387 390 411 459 460 520 521 583 604 610 759
1381 23 83 84 160 201 251 252 256 279 298 301 309 459 520 521 560 572 627 631 731 753
1382 77 83 84 107 152 160 165 201 252 256 298 354 572 592
1383 48 110 152 153 252 256 296 301 355 431 631
1384 25 62 83 84 85 99 201 251 252 256 298 301 367 398 506 521 758
1385 83 84 107 110 201 256 260 298 301 520 521 626 633
1386 39 124 201 254 279 503
1387 83 84 173 252 257 258 263 296 301 455 478 710
1388 72 77 81 84 107 160 202 249 252 256 279 298 301 381 503 541 572 580 756 757
1389 63 83 86 152 189 201 251 252 279 298 301 325 354 367 391 459 520 521 572 583 599 633 676 759
1390 9 77 83 84 201 252 256 268 298 301 455 756 757
1391 62 78 84 252 452 582
1392 39 83 84 107 110 111 152 201 251 256 279 298 300 301 308 355 381 473 511 520 710 759
1393 9 25 46 83 107 124 160 174 201 252 254 256 301 381 455 459 521 689 720 759
1394 83 84 152 173 252 256 279 288 298 301 590
1395 49 78 83 152 201 251 252 298 301 506 759
1396 9 77 83 86 107 152 155 160 201 202 203 253 256 279 293 294 298 299 301 358 367 391 503 506 521 572 582 583 604 633 634 660 676 756 757
1397 9 83 84 152 160 201 252 256 298 301 350 520 521 572 689
1398 84 252 367 467
1399 83 160 248 249 256 279 288 298 300 301 338 492 572 651 689
1400 23 80 83 152 201 251 252 256 301 459 521 572 583 610 633 756 759
1401 83 84 152 251 252 256 298 759
1402 84 256 301
1403 83 84 252 288
1404 46 72 77 81 83 84 160 201 202 248 249 252 256 279 381 503 572 712 756 757
1405 9 83 84 160 252 256 279 541 572 574 631 633 666 687 689 756
1406 63 83 84 100 178 253 279 288 301 329 450 456
1407 46 77 84 252 301 633 757
1408 83 84 251 256 301 308 381 432 572 759
1409 9 14 83 84 107 110 201 251 252 256 288 296 298 301 521 572 631 633
1410 9 46 83 84 172 174 288 298 299 301 308 756 757
1411 39 46 77 83 84 152 160 178 201 252 254 256 262 301 325 357 448 459 478 482 520 521 572 759
1412 77 84 107 201 252 254 256 279 298 301 411 521 572
1413 83 152 256 443
1414 84 152 171 252 442
1415 83 84 301 450 511 710
1416 46 83 84 152 160 201 239 256 268 298 301 518 521 572 631 756 757
1417 46 78 83 84 85 154 252 256 279 308 572 632 689
1418 248 252 256 279 301 411 521 759
1419 63 84 100 178 253 256 279 288 301 329 450 453
1420 83 84 152 252 256 301 367
1421 84 201 252 256 298 381 521 572 735
1422 67 80 83 84 152 173 234 256 279 301 309 325 358 367 391 521 568 572 583 631
1423 65 83 84 152 251 252 301 367 520
1424 31 36 83 84 110 160 298 310 312 327 546 670 725 740
1425 77 84 107 201 239 252 256 268 298 301 381 518 521 572 631 756 757
1426 83 94 251 256 262 301 455 475 478 521 535 572 689 725 759
1427 84 152 252 256 279 298 301 521 572 759
1428 56 83 84 87 184 252 256 288 298 301 325 356 381 506 631 643 665 725
1429 2 83 84 107 124 252 279 298 301 356 503 520 521 572 631 670 689 759
1430 37 83 84 89 227 248 249 252 256 288 301 391 487 490 521 571 572 606 707 759
1431 80 83 84 145 173 227 254 256 301 309 459
1432 62 110 413 414 520
1433 23 83 84 201 251 252 256 279 288 294 298 301 381 382 459 539 725 753
1434 45 83 84 86 93 107 152 174 201 234 239 251 252 254 256 269 293 294 298 367 450 452 518 568 582 583 600 633 748 759
1435 23 83 84 252 256 269 279 298 309 521
1436 84 201 252 269 298 309 459 521 572
1437 83 84 107 184 252 256 288 298 308 470 503 759
1438 9 84 256 279 301 308 521 759
1439 46 77 83 84 298 301 633 757
1440 64 83 84 110 160 173 201 251 252 254 256 298 301 309 381 631
1441 84 160 201 252 256 279 288 298 381 520 572
1442 9 46 77 160 201 252 256 298 301 316 367 395 414 503 518 572 631 633 743 756 757
1443 83 154 202 252 301 414 521 572 743
1444 5 83 84 301 455 520 631 633
1445 83 149 301 441 511
1446 83 84 288
1447 31 33 107 254 256 298 301 384 441 478 506 511 560 710 759
1448 63 83 100 178 253 256 279 301 329 450 456 506
1449 78 83 84 160 201 256 261 279 288 298 301 310 322 478 511 521 535 631 710
1450 46 61 63 77 83 84 152 173 201 202 251 252 253 256 288 309 367 400 410 443 453 456 460 520 521 539 568 572 583 610 633 643 733 759
1451 46 77 81 83 160 201 202 248 249 252 279 298 301 503 541 572 580 712 756 757
1452 39 84 92 160 201 248 249 256 279 293 294 298 335 572 759
1453 39 77 83 85 124 202 252 256 279 301 308 521 618
1454 0 9 83 84 252 256 308 615
1455 9 46 77 83 107 152 153 201 252 256 288 293 294 301 503 506 520 521 572 633 720 756 757 759
1456 83 84 169 301 633 753
1457 83 110 123 160 251 252 254 256 301 435 631
1458 102 254 301
1459 9 39 83 160 178 251 252 256 298 300 301 358 359 381 568 572 626 759
1460 83 172 288 450
1461 83 152 154 289 298 301 305 503 631
1462 84 152 171 172 186 252 254 256 298 301 310 355 381 511 519 520 521 587 604 622 710 759
1463 27 84 86 202 256 288 300 301 308 309 511 541 710 759
1464 83 152 155 173 202 252 288 301 308 511 521 541
1465 84 89 152 217 252 256 301 521 633
1466 84 108 367
1467 83 93 202 252 256 279 294 298 301 459 511 569 572 622 631 710
1468 83 152 252 288 301 367 506 520
1469 84 94 107 178 201 248 251 252 256 279 298 301 521 725 732
1470 39 83 84 110 128 173 256 288 301 379 560 568 753
1471 83 84 201 301 520 572
1472 83 84 152 197 252 288 301 364
1473 19 37 83 301 345 487 633 638 719
1474 83 84 229 249 252 279 301
1475 83 84 229 248 252 301 381
1476 46 83 84 152 252 279 298 301 309 400 503 521 568 572
1477 83 84 152 252 256 288 301 526 706 707
1478 83 84 107 249 252 254 256 257 288 301 354 487 506
1479 83 160 173 201 248 252 298 301 487 568
1480 83 84 152 201 248 249 252 256 279 288 298 301 309 430 487 520 521 572 689 725
1481 84 99 152 251 252 256 269 279 298 301 347 374 411 520 521 572 635 731 759
1482 23 74 84 107 152 183 201 248 249 251 252 254 256 288 298 301 303 344 357 410 449 459 526 572 604 631 633 748
1483 83 84 152 248 249 251 252 255 279 288 298 301 309 487 511 521 710 725 759
1484 83 84 248 249 251 255 279 288 298 301 487 511 521 546 656 710 725 759
1485 1 31 48 89 298 301 325 429 477 478 511 535 560 697 698 710 744 745
1486 84 256 288
1487 83 84 152 252 256 288 301 526 706 707
1488 83 84 201 229 252 279 301 309 381 487
1489 65 83 84 155 201 248 251 252 254 301 475 506 520 521 526
1490 83 84 249 256 263 298 301 383
1491 83 84 229 248 252 301 478 483
1492 83 84 201 248 249 251 252 256 270 279 288 301 303 487 493 521 572 612 633 689
1493 83 110 160 248 279 288 301 478 483 487 493 728
1494 44 83 84 107 110 256 288 298 301 303 385 476 507 520 521 572 626 633 663 707 758
1495 83 197 288 303
1496 84 229 249 252 279 288 301 381
1497 83 84 160 248 256 279 288 298 301 459
1498 84 301 317
1499 83 98 288 511
1500 83 84 288
1501 9 80 83 84 107 160 201 207 251 256 288 298 301 356 367 572 604 631 633 712
1502 83 84 108 152 303
1503 33 34 55 107 114 160 248 249 255 265 279 301 306 327 358 478 521 562 568 581 661 670 697 698 700 702 703 714 736 759
1504 51 78 83 84 89 110 201 222 252 288 301 355 407 414 520 521 557 572 604 633 666 687 743 759
1505 83 84 152 201 301 411
1506 37 83 107 119 252 256 263 288 301 345 348 364 473 476 478 487 493 633 638 719
1507 83 84 256 456 520 530 582
1508 83 84 119 169 296 339 345 593 638 725
1509 64 83 84 201 252 256 279 298 301 325 509 725 759
1510 83 201 229 248 252 288 381 669
1511 83 108 252 301 303
1512 31 33 86 160 178 279 301 354 367 478 520 521 572 583 602 670 697 698 725 736
1513 83 109 252 256 650
1514 31 83 84 107 110 139 297 506 510 602 670 697 702
1515 39 48 49 62 83 84 92 152 160 248 249 252 279 301 308 325 367 376 396 604 607 608 759
1516 83 84 152 252 256 301 357 569
1517 84 478 506 523 661 714 725 759
1518 9 37 65 84 160 248 252 256 279 288 298 301 309 345 473 476 487 493 568 575 582 610 633
1519 83 84 152 201 248 249 251 252 263 279 301 309 487 546 639 710 725 759
1520 83 93 152 201 248 249 251 252 254 256 279 298 301 367 521 604 759
1521 83 84 99 152 288 301 402 448 506 581
1522 83 84 252 301 569
1523 65 83 84 107 123 152 178 201 219 248 249 251 252 288 293 294 297 298 301 475 506 511 520 521 572 631 633 689 713
1524 56 83 303 317 581
1525 84 288 301
1526 81 83 252 256 301 379 521 759
1527 83 84 108 252 526 633
1528 83 84 97 217 252 256 279 288 298 301 349 350 381 427 545 583
1529 256 263 288
1530 83 84 175 201 249 298 301 521
1531 1 68 83 84 107 139 147 160 222 252 256 298 367 506 523 631 633 670 697 698 703 710 759
1532 317 506 710
1533 5 23 48 80 84 85 152 173 174 201 251 252 256 279 298 329 410 459 537 601 748
1534 83 84 288 313
1535 65 83 84 107 152 201 219 251 252 256 288 293 294 297 298 475 506 511 572 592 631 633 689 710 713
1536 83 84 201 248 249 251 256 293 294 298 301 317 520 631 743 759
1537 83 84 229 248 288 301 381 669
1538 31 83 84 201 298 309 509 517 650
1539 31 72 83 84 110 133 256 301 520 521 572 602 624 627 631 633 670 705 725 736 759
1540 31 36 72 83 110 112 256 298 327 520 521 624 627 631 633 670 705 725 759
1541 5 83 160 477 509 510 511 520 521 523 535 572 602 697 698 710 736
1542 83 84 152 160 298 363 429 509 656 670 759
1543 83 84 110 147 301
1544 82 83 252 289
1545 47 83 84 160 201 248 249 251 252 256 279 298 350 367 381 520 521 557 572 590
1546 84 301 509
1547 84 153 429 509 521 670
1548 33 83 244 254 279 294 301 347 367 374 429 436 477 478 509 521 572 583 759
1549 139 377 384 440 698 701 702
1550 56 83 84 87 89 107 152 201 220 251 256 263 277 288 298 301 303 345 350 355 367 473 476 487 519 572 574 577 622
1551 79 83 84 92 301 511 725
1552 9 60 61 84 177 201 248 256 276 301 310 347 374 392 411 521 759
1553 83 288 303
1554 33 48 84 107 254 298 301 325 354 478 523 602 633 727 736 759
1555 81 84 301
1556 83 84 201 229 249 252
1557 47 233 307
1558 62 83 84 152 153 160 173 298 307 354 415 509 511 607 608 658 710
1559 47 84 251 257 298 301 378 506 633 725
1560 39 83 84 110 160 248 249 252 256 279 301 642 759
1561 33 76 83 160 198 201 251 254 301 358 359 382 478 520 521 572 577 631 758
1562 84 256 303
1563 83 84 303 646
1564 83 84 252 288
1565 31 36 83 133 248 301 385 602 670
1566 42 83 84 288 296 298 301 397 584
1567 139 213 298 310 323 426 511 549 560 602 670 690 702
1568 11 13 83 152 272 288 301
1569 23 59 80 84 107 140 152 160 166 201 236 251 263 277 279 293 294 298 301 303 310 316 356 395 414 459 475 489 506 578 583 626 725 743 759
1570 83 84 110 252 263 288 298 301 309 663 759
1571 83 84 123 201 256 288 301 354 511 520 710
1572 152 160 248 249 252 256 278 279 301 351 503 572 670 759
1573 83 213 597 626 632
1574 83 110 288 753
1575 83 84 107 152 201 251 252 256 298 301 520 521 572 759
1576 23 83 84 174 229 249 252 301 487 517
1577 83 84 201 251 256 298 301 520 569
1578 1 84 227 249 254 288 301 478
1579 9 81 83 84 160 248 249 252 256 279 288 298 301 345 473 476 487 493 568 582 606 610 633 707
1580 39 84 152 201 248 249 251 252 256 298 367 521 583 748 759
1581 83 84 92 160 168 301 441 508
1582 9 25 83 84 107 152 171 172 249 252 256 279 288 297 301 303 395 503 521 572 583 584 621 759
1583 9 83 84 107 152 160 248 249 256 288 293 294 297 298 301 303 521 559 572 583 584 621 759
1584 9 39 83 84 107 152 248 249 252 256 293 294 297 301 303 395 503 521 572 583 621 690 759
1585 9 83 84 107 110 152 160 171 172 249 252 256 279 288 293 294 301 303 382 395 503 521 559 572 583 690 759
1586 83 263 301 303 609 621
1587 84 139 160 173 252 279 298 301 391 599 670 759
1588 83 84 152 201 248 251 252 256 279 298 301 455 487 520 521 572 612
1589 23 46 83 84 148 152 174 201 251 252 298 367 400 410 459 520 521 533 568 572 583 731 759
1590 83 84 107 201 248 256 263 279 288 298 301 487 493 520 521 572
1591 139 256 377 384 478 523 533 596 602 670
1592 39 49 83 84 85 172 252 256 301
1593 46 83 160 165 242 248 249 256 279 288 300 301 580
1594 23 83 84 201 248 249 256 288 298 301 345 348 459 476 487 521 606 609 633 759
1595 84 107 201 248 249 251 252 256 263 279 288 301 430 487 520 521 572 689
1596 9 83 84 155 174 201 251 256 298 301 381 409 521 572 583 633 756
1597 83 84 201 249 256 288 301 521 759
1598 83 84 248 249 301
1599 31 46 48 49 61 77 83 89 165 167 254 256 260 263 294 298 300 301 308 309 325 376 478 479
1600 39 83 85 107 174 201 248 249 252 256 279 288 354 406 463 521 569 572 604 631 633 662 759
1601 5 83 84 152 160 201 252 256 279 298 301 367 395 511 520 521 546 583 629 663 710 743
1602 83 84 288 303
1603 23 84 171 173 248 249 252 279 288 301 459 526 572
1604 31 80 83 84 107 152 201 251 256 293 294 297 298 301 367 381 521 572 631 748 759
1605 14 83 84 89 107 160 293 294 298 301 365 381 382 443 528 572 626 637 690
1606 1 84 174 201 247 248 251 252 298 301 367 470 509 520 521 534 572 626 658
1607 139 201 222 310 323 478 511 523 549 560 602 607 670 710 736
1608 49 83 84 227 248 254 288 478
1609 84 256 279 298 430 511 520 521 745
1610 83 301 317 506 560 670 702 759
1611 46 77 83 84 107 110 152 189 201 251 252 256 279 298 316 367 371 385 391 395 489 572 633 651 743 759
1612 25 39 83 84 201 252 298 301 521 572 689 759
1613 80 84 201 248 249 254 256 298 367 381 387 390 418 520 521 546 572 631 759
1614 83 84 288 633
1615 37 42 83 174 248 288 298 301 422 753
1616 83 201 256 279 506
1617 83 84 152 157 263 288 298 301 326 725
1618 1 84 222 310 478 520 523 631 670 697 698 710
1619 23 83 84 110 152 160 173 175 309 415 429 520 521 572 583 602 633 701 736
1620 33 111 139 298 381 477 670 697 698 702
1621 76 83 84 478 568
1622 33 55 83 84 107 152 252 301 303 354 367 377 520 583 631 670 690 697 700 702
1623 84 146 152 256 265 298 301 410 520 759
1624 84 107 160 256 279 298 301 381 422 520 753
1625 47 84 256 631 667
1626 84 89 196 201 248 252 256 288 301
1627 23 83 84 120 152 155 171 251 252 294 296 298 301 454 459 487 561 572
1628 38 39 83 84 160 171 248 251 256 279 298 359 392 521 572 583
1629 83 84 152 201 251 252 256 279 298 520 521 572
1630 23 80 83 84 107 155 160 171 173 174 201 298 300 301 309 459 521 557 568 572
1631 83 84 252 289 301 511 526
1632 9 83 84 152 174 201 256 279 349 350 759
1633 74 83 84 160 171 201 251 252 256 262 279 298 300 301 309 358 520 572 629 631 753
1634 47 174 201 256 277 279 301 309 381 520 521 582
1635 83 84 236 288 289 301 511 526
1636 83 84 256 631
1637 84 288 289
1638 83 103 107 113 296 298 301 375 520 525 623 719 725 749 753
1639 83 84 252 288
1640 84 256 288
1641 83 84 110 254 256 294 301 367
1642 83 84 201 251 256 298 301 424 521 631 759
1643 83 84 692 710
1644 23 63 83 84 248 249 251 256 454 456 506 521 631
1645 23 39 201 279 298 475 521 631
1646 83 89 288 301 385 478 559
1647 83 84 160 201 251 252 256 279 298 354 497 520 572 667 759
1648 80 84 112 298 301 312 367 577
1649 83 84 103 107 128 208 256 298 301 375 521 525 623 725 749 753
1650 83 152 236 252 289 301 526 710
1651 23 49 80 83 84 85 87 107 152 160 201 236 251 252 256 258 279 298 300 301 313 332 336 358 367 459 520 521 581 583 658 731 759
1652 15 80 193 194 254 301 309 330 543 544 759
1653 83 107 234 252 279 298 310 520 572 633 698 725 759
1654 84 86 92 160 201 251 256 258 298 300 301 410 511 520 521 572 582 626 633 733
1655 83 84 119 296 301 339 345 593 638 719
1656 43 65 80 83 84 201 251 256 288 298 300 301 303 325 356 466 520 521 572 626 633 756 759
1657 84 288 692 710
1658 64 84 301
1659 46 77 83 84 160 173 201 251 279 300 358 381 383 441 506 521 572 583 631 635
1660 83 84 288 345 573 633
1661 83 288 511 692
1662 49 83 84 248 263 288 298 301 487 520 749
1663 80 83 84 152 201 202 251 256 298 301 521 643
1664 80 83 107 152 160 201 251 252 279 293 294 298 300 301 381 427 443 520 521 572 583 626 759
1665 83 84 526
1666 36 45 84 86 107 110 114 139 146 152 160 252 293 294 298 309 367 385 391 410 415 506 520 521 535 572 626 633 641 670 697 698 725 736 748 758 759
1667 23 80 83 84 173 256 279 298 317 460 520 572
1668 83 84 108 152 252 289 305 526
1669 83 116 203 278 301 397 680
1670 2 83 160 256 301 391 448 459
1671 248 249 467 604
1672 2 83 84 109 221 227 234 252 254 256 298 301 303 307 335 338 366 367 385 520 521 607 608 633 650
1673 59 84 298 330 359 367 368 514 520 521 572 583 649
1674 9 23 83 160 252 254 256 301 457 459 521
1675 84 252 301
1676 83 84 152 277 289 301 511 526
1677 83 84 511 692
1678 83 84 248 252 301 303
1679 84 152 236 252 289 301 526 710
1680 84 201 298 356 520 626 633
1681 18 23 93 201 251 254 256 279 298 301 306 354 459 520 521 546 583 604 622
1682 27 83 84 254 267 320 478 479 489
1683 2 84 152 201 251 256 298 301 530 572 633 725
1684 76 109 225 366 369
1685 84 152 252 277 288 289 511 526
1686 48 83 84 301 551
1687 84 201 449 471 725
1688 46 77 83 155 201 251 252 254 256 279 293 294 298 301 309 367 506 541 696 725
1689 83 84 526 633
1690 39 80 83 84 201 251 256 279 294 298 356 367 520 521 572 631 633 756
1691 84 160 234
1692 33 83 160 234 256 298 301 499 500 521 618 661 717
1693 83 84 252 308
1694 78 83 98 107 110 152 173 201 225 234 251 256 279 298 300 301 306 583 753 759
1695 83 201 251 256 277 279 298 400 410 520 521 546 568 572 583 615 633
1696 83 84 152 236 252 289 526 710
1697 84 288 338 710
1698 83 84 203 249 252 301 526 633 753
1699 234 252 367
1700 31 48 83 147 168 520 731
1701 86 92 201 251 256 258 288 298 300 301 410 506 511 520 521 572 626 710
1702 83 176 207 288 301 409 633 685 725
1703 25 84 152 201 249 256 301 347 374 582 759
1704 18 83 84 107 129 248 254 263 286 301 584 599 606 609 655 753 759
1705 83 84 89 107 160 201 251 252 256 298 301 452 520 521 572 633 756
1706 83 84 110 138 220 248 249 252 256 288 293 298 301 355 362 391 455 473 521 572 654 744 759
1707 48 83 84 301 551
1708 84 202 625
1709 9 84 256 298 301 418 521 526 546
1710 9 80 83 252 256 288 301 350
1711 83 84 184 201 256 279 631 633 645 759
1712 193 194 422 734
1713 39 56 83 85 107 123 152 155 160 201 251 252 256 298 301 309 367 381 382 521 626
1714 83 84 152 201 252 256 279 298 385 520 521 572
1715 83 84 116 152 203 301 397 680
1716 84 256 298 301 353 414 743
1717 83 84 123 152 252 256 301 690
1718 9 83 84 201 256 298 418 526 546
1719 83 84 85 107 110 123 160 219 252 254 256 296 298 301 367 391 451 506 572 631 632 633 689 725 753 756 757
1720 83 107 111 116 139 371 397 506 605
1721 110 160 424 725
1722 83 84 252 256 423 475
1723 49 65 83 84 107 152 202 248 254 256 279 288 293 294 298 300 301 303 308 338 367 391 400 410 448 506 519 520 521 541 546 568 572 577 583 631 759
1724 84 252 277 288 289 301 511 526
1725 83 84 252 288
1726 84 139 298 323 384 511 549 670
1727 25 83 84 251 256 298 521
1728 83 84 236 252 288 289 526 710
1729 39 84 107 152 155 158 248 249 256 279 298 301 306 349 350 367 376 400 520 521
1730 33 38 48 80 83 84 107 114 152 229 234 248 249 252 254 256 263 288 293 294 298 301 303 309 354 362 368 385 407 413 414 434 478 480 506 511 520 521 604 620 633 710 759
1731 15 80 108 195 256 543 544
1732 83 201 256 294 381
1733 23 47 63 80 83 84 107 152 173 201 251 252 279 288 293 294 298 300 309 325 381 382 399 459 520 521 557 759
1734 23 47 63 80 83 84 92 107 152 173 186 201 252 256 279 293 294 300 301 309 325 382 399 459 520 521 587 615 759
1735 84 220 301
1736 83 160 201 251 252 256 279 297 301 354 478 479 521 565 588 604
1737 83 84 152 251 252 279 303 316 359 367 386 394 395 467 520 521 583 620 626 748 759
1738 83 110 171 247 252 301
1739 9 83 124 252 256 288 301 308 521 759
1740 83 84 107 146 248 249 254 256 279 288 298 301 309 354 521
1741 25 47 76 84 107 152 201 239 251 256 298 309 518 521 572 582 583 633 676 748 759
1742 60 83 84 107 151 152 160 201 247 249 251 254 256 260 279 298 301 358 367 521 635 676 717
1743 33 84 107 114 139 148 154 160 201 202 234 251 268 293 410 411 499 500 520 521 541 572 633 661 670 740 759
1744 83 152 252 254 288 296 298 301
1745 249 279 467 604
1746 23 84 234 251 298 301 471 725
1747 83 84 160 201 251 252 254 256 279 293 298 309 367 520 521 572 615 759
1748 9 84 85 152 173 201 256 301 392 455 645 710 749 751
1749 83 84 107 201 256 279 298 301 349 350 520 521 572 583
1750 43 83 84 152 252 256 288 301 349 350 367 422 521 604 759
1751 83 84 160 242 254 256 300 301 583
1752 30 83 84 201 256 301 511 546 597 759
1753 39 49 62 83 84 451 459 471
1754 9 84 201 242 252 254 256 298 300 301 511 521 546 572 604 633 643 645 710 759
1755 83 84 252 256 303 569
1756 84 256 288
1757 63 83 84 301 456 457 696 753
1758 83 84 301 638 706 707
1759 249 288 301
1760 81 82 83 84 252 301 633
1761 83 84 110 256 294 650
1762 83 305 683
1763 90 256 301
1764 83 108 194 206
1765 63 83 288 301 456 457 696 725
1766 2 254 301 381 620 624 759
1767 83 84 99 107 201 256 301 381 620 624 759
1768 84 288 613
1769 63 83 301 456 457 506 696 753
1770 83 84 152 256 288 301 521 759
1771 84 255 577
1772 36 83 84 92 112 114 160 256 288 301 303 334 385 478 506 511 521 523 553 562 602 670 703 736 745 759
1773 83 84 248 252 301 720
1774 288 303 319
1775 83 84 96 160 201 251 252 279 288 298 301 309 520 521 572 759
1776 182 288 319
1777 31 109 112 139 256 301 354 369 631 650 670 745
1778 27 216 301
1779 83 84 151 211 288 320
1780 83 288 319
1781 63 84 301 456 457 506 696 753
1782 51 83 84 128 256 273 288 298 345 521 525
1783 145 450 470
1784 84 152 277 288 289 301 511 526
1785 23 60 63 83 84 125 252 263 301 354 443 445 453 557 599 631 689
1786 83 252 256 301 355 478 690
1787 83 288 613
1788 83 289 301 461 612 638
1789 83 84 201 459 633 753
1790 53 83 89 107 238 252 301 360 391 397 556 604 617 743 759
1791 83 84 248 249 251 252 256 298 301 309 487 546 639 656
1792 83 84 252 279 467
1793 94 112 114 461 506 670
1794 27 216 301
1795 90 391 511 710
1796 83 84 288 453 456 457 696 753
1797 83 84 107 110 153 256 270 301 309 478 626 633 697 698 703 725 728 745
1798 83 288 319
1799 84 107 160 201 256 277 279 294 298 309 354 395 520 546 748
1800 182 288 303
1801 83 84 110 521 560 670 710 759
1802 53 83 84 89 107 238 252 256 303 391 585 604 617 759
1803 83 84 89 238 252 256 288 301 391 397 556 585 604 617 759
1804 83 116 139 296 301 371 397 506
1805 182 303 319
1806 83 84 288 289 296 298 301 305 407 414 725
1807 49 83 252 256 298 301 381
1808 83 84 110 506
1809 83 84 110 174 254 257 288 301 506
1810 83 84 119 288 298 301 345 476 478 520 521 526 572 626 633 663
1811 83 84 140 279 298 301 354
1812 83 84 160 201 224 248 249 251 256 288 298 301 633 725 759
1813 84 152 160 201 251 252 256 288 298 301 487 520 521 572 626 633 728
1814 212 301 610
1815 83 84 107 152 201 249 251 252 263 279 288 301 303 309 410 411 506 520 521 572 583 657 733 759
1816 77 83 110 129 174 201 254 288 301 357 568
1817 83 94 173 201 248 249 252 256 279 298 301 345 455 582
1818 80 83 84 92 381 459 506 725
1819 84 94 107 110 152 153 248 249 252 288 293 294 298 301 367 506 511 520 572 587 615 633 710 758 759
1820 9 83 84 152 201 248 256 279 301 427 487 759
1821 83 84 174 249 288 298 301 551
1822 37 69 80 83 84 85 107 173 201 251 252 279 298 301 303 521 565 572 633 690 748
1823 23 80 84 107 160 248 249 256 265 279 298 301 309 335 521 604 645 670 686 752 759
1824 83 84 152 173 252 256 288 298 301 460 521 572
1825 83 84 638 654
1826 17 84 169 256 288 298 301 495
1827 83 84 225 252 256 279 298 301 520 521 558 572 689 759
1828 84 134 288
1829 30 76 83 84 107 152 160 174 201 252 256 279 298 301 349 350 478 520 568 572 631 633 757
1830 72 83 242 248 255 256 288 627
1831 63 83 84 160 256 279 298 301 410 453 638 725
1832 84 242 455 459
1833 83 109 174 227 262 288 301 369 381 385 650
1834 83 84 406 654
1835 48 83 84 256 355 367
1836 43 48 51 83 84 89 93 98 107 123 201 251 252 256 293 294 298 301 303 325 495 506 520 521 546 560 572 633 638
1837 9 48 83 84 152 251 278 301 325 589 725
1838 83 108 252 256 288 334 690
1839 83 84 152 169 248 249 252 256 263 288 301 352 511 725
1840 84 301 663
1841 9 80 83 84 119 152 160 166 187 188 201 226 248 249 251 252 254 256 263 279 288 298 301 303 345 348 367 414 434 476 478 483 487 520 521 539 572 582 638 743 753
1842 9 25 46 77 83 84 107 152 201 252 256 265 279 297 298 309 358 367 381 435 520 521 583 592 759
1843 83 252 288 298 301 520 521 725
1844 9 39 83 152 201 251 273 288 301 309 344 345 350 381 476 478 480 487 495 521 572 599 606 633 638 663 728
1845 83 152 301 337 367 467 526
1846 83 84 152 251 256 301 478
1847 83 84 89 301 354 712
1848 83 84 117 152 160 201 229 256 279 288 301 309 521 572 658 759
1849 9 83 84 152 252 256 273 275 288 298 301 303 495 520 521 526 572 626 633 652 653 707
1850 76 84 160 173 254 256 301 354 381 478 521 557 572
1851 83 152 169 252 263 298 301 352 356 706 707
1852 46 77 83 84 86 152 160 178 248 249 256 298 301 487 521 572 582 583 626 723 756
1853 83 84 298 301 521 710 753
1854 62 83 84 201 298 301 511 521 572 583 618 689 710 759
1855 83 84 256 296 298 301 530 670
1856 83 84 107 110 139 252 256 288 289 296 305 338 391 413 414 633 743
1857 17 83 84 252 279 406
1858 83 86 174 178 220 248 249 252 279 301 391 520 521 733 748
1859 39 84 254 301 631 725
1860 39 201 251 254 259 294 301 309 354 381 391 520 521 687 725 759
1861 83 84 249 256 301 318 633 725
1862 84 98 107 152 252 288 301
1863 84 152 201 251 252 256 298 301 449 578
1864 81 83 123 248 249 252 265 279 298 301 309 459 546 582 670 752
1865 84 288 654
1866 84 288 296 301 339 345 638 753
1867 83 152 252 300 392 422 426 515
1868 83 201 252 256 298 426 515 526 572 687
1869 30 84 152 155 201 252 254 256 301 387 390 520 526 759
1870 83 84 89 107 152 236 252 254 256 288 293 294 301 303 309 367 511 520 521 582 697 698 710 723 759
1871 83 84 288 307
1872 83 84 119 248 249 251 252 279 297 298 299 301 348 406 483 487 506 521 551 572 592 609 626 663 707
1873 83 84 152 252 256 298 301 345 690 759
1874 83 84 201 459
1875 17 21 81 83 84 160 256 288 301 308 318 495 572 604 638
1876 21 83 84 119 169 252 256 301 345 348 419 487 495 521 572 633 638 725 756
1877 77 83 84 123 160 173 236 252 256 301 381 452 521 670
1878 160 201 248 251 252 256 298 301 487 575 687
1879 31 36 80 83 84 85 114 146 152 160 209 252 301 313 354 368 467 521 572 583 602 631 633 670 705 736 759
1880 83 202 252 256 301 308 486 631 633
1881 39 77 83 84 248 249 251 252 256 298 301 313 572 756 759
1882 83 84 249 288
1883 83 229 248 249 252 256 288 301 345 478 511 521 548 572 633 710 759
1884 62 84 201 248 249 251 252 256 279 288 298 301 303 381 759
1885 5 69 84 248 249 252 255 279 288 298 309 415 546 725
1886 83 152 178 252 256 301 345 572 633 759
1887 80 83 84 289 363 506
1888 83 107 140 173 174 201 256 279 288 298 301 489 521 568 572 581 599 610 759
1889 83 234 248 252 254 256 279 288 293 294 298 345 354 511 521 572 631 633 710 753
1890 80 83 256 298 301 367 503 568
1891 23 83 84 160 256 381
1892 83 84 251 354 381 620 711
1893 83 84 251 256 298 301 306 633 759
1894 72 83 84 172 301 620
1895 84 254 294 298 301 367 369 565 650 706
1896 83 252 256 288 460 526
1897 83 247 248 252 256 301 725
1898 23 83 107 128 168 173 211 248 252 254 255 256 263 269 279 288 301 309 316 348 395 459 460 487 521 629 631 752
1899 25 256 301
1900 83 249 256 279 298 301 381 697 698 759
1901 83 152 201 256 288 298 301 580 687 759
1902 23 83 84 152 201 229 248 249 251 252 256 279 301 317 356 521 568 572 728 733
1903 83 84 152 171 173 252 256 298 317 471 725
1904 83 84 249 256 288 301 568
1905 37 83 201 252 256 301 345 354 487 719 749
1906 5 83 84 107 110 123 174 178 252 254 256 288 293 294 295 298 301 303 306 367 506 572 723 746 759
1907 83 84 160 168 248 256 279 298 301 521 759
1908 83 84 119 152 251 256 298 301 521 526 759
1909 49 59 83 89 110 123 160 165 167 201 256 298 301 367 495 521 540 572 599 626 631 653 690
1910 47 62 78 84 93 152 248 249 252 256 279 298 300 301 303 345 348 521 539 581 582 612 633 651 725 759
1911 23 48 63 81 84 174 254 256 260 288 298 301 325 452 459 511 604 710
1912 65 80 83 84 301 318 381 504 719
1913 83 212 526
1914 1 83 84 152 201 251 252 256 301 441 521 535 572 631 758 759
1915 19 83 84 107 110 119 169 201 248 251 252 256 263 288 298 301 328 345 348 476 478 483 520 521 526 626 633 638 663 706 707 728 753 759
1916 84 201 251 254 259 294 298 309 367 381 391 521 599 687 725 759
1917 84 109 152 252 288 301 366 369 648 650 721
1918 4 83 263 301 352
1919 83 84 152 252 301
1920 80 83 107 152 201 220 229 247 249 251 252 256 279 288 301 345 348 367 391 459 487 520 521 568 572 633 689
1921 222 424 511 631
1922 83 84 173 355 381 546
1923 7 83 84 152 201 248 252 256 301 303 487 521 572
1924 84 256 298 301 387 390 520 521 578 633 710 725
1925 83 84 249 252 301
1926 17 83 84 92 252 256 273 298 301 391
1927 39 83 84 107 155 249 254 256 279 298 301 309 317 354 428 520 604 759
1928 83 84 252 690
1929 49 80 83 84 99 107 153 160 254 256 293 294 300 301 308 309 355 367 381 572 599 604 633 759
1930 31 33 36 83 84 107 114 234 252 254 256 258 293 294 298 301 310 335 385 395 464 465 520 521 602 631 633 661 670 690 697 698 699 703 704 733 736 740 744 759
1931 23 31 36 62 63 83 84 107 133 186 201 248 249 251 252 293 294 298 301 358 367 385 423 459 478 521 568 572 581 582 583 602 635 670 676 736 759
1932 25 83 84 201 251 252 279 301 450 520 521 526 583 759
1933 36 83 84 107 160 201 248 249 256 263 279 487 631 670 759
1934 62 83 84 201 252 298 301 631 759
1935 83 84 263 288 301 706 707 709
1936 83 84 252 256
1937 63 83 84 201 251 252 279 288 298 301 520 521 526 572 631 633 731
1938 9 47 83 84 89 152 160 201 252 256 263 273 301 415 442 455 511 526 568 604 633 652 663 686 710 759
1939 83 84 256 298 301 478 511 690
1940 83 210 229 251 252 256 301 478
1941 84 99 256 288 298 301 455 520 633
1942 80 83 84 89 152 157 256 258 298 301 310 381 511 618 674 710 753
1943 84 94 152 252 301 633 725 759
1944 9 83 84 201 202 279 381 503 521 643 759
1945 83 84 110 160 201 248 252 256 279 288 298 301 381 382 506 520 521 674
1946 83 84 288 318
1947 78 79 83 84 123 152 168 201 251 252 256 273 274 279 298 301 332 402 410 487 506 520 521 572 583 633 682 730 759
1948 51 74 80 83 84 107 110 140 151 152 201 248 249 251 252 254 256 279 298 354 410 448 506 520 521 572 583 631 633 689 731 759
1949 23 80 83 84 107 252 256 298 309 386 459 487 520 521 572 583 633 759
1950 83 84 208 251 252 256 288 298 301 373 406 466 520 521 572 689
1951 36 84 252 670
1952 84 256 301
1953 83 84 152 158 201 252 256 298 367 386
1954 83 92 202 252 288 506 539 541
1955 55 83 84 152 201 256 279 298 309 381 521 759
1956 109 369 648 650
1957 83 84 201 252 256 560
1958 23 63 84 107 140 201 251 253 298 300 368 381 407 414 453 456 459 520 521 557 720 725 759
1959 83 160 201 252 256 288 298 301 367 520 521 572
1960 1 83 99 110 123 152 201 248 251 256 288 298 301 323 481 520 521 599 725 743 759
1961 152 201 251 252 298 300 301 447 520 541 572 633 687 759
1962 56 84 86 87 99 123 160 178 186 201 202 220 251 256 298 301 356 367 506 520 572 583 587 620 633 635 749
1963 83 84 160 171 201 252 255 256 298 455 572 583 604 759
1964 83 84 288 460
1965 80 83 84 139 152 252 254 294 296 301 367 520 521 759
1966 83 84 160 417 521 725
1967 49 83 84 252 300 347 374 526 631
1968 23 46 63 77 83 84 160 171 254 256 279 298 301 358 435 450 453 457 459 572 756 757
1969 72 83 217 252 256 279 288 298 301 449 610
1970 80 83 84 444
1971 83 84 201 417 521 725
1972 80 81 171 220 234 251 301 572 631
1973 84 252 256 269 298 399 633
1974 108 199 367
1975 107 160 201 251 256 298 301 367 385 410 520 521 572 577 591 759
1976 6 39 83 84 248 301
1977 1 48 83 84 298 301 362 367 413 529 725 743
1978 84 201 213 254 256 301 344 622 759
1979 251 252 256 268 301 354 569
1980 84 288 301
1981 77 83 303
1982 83 84 198 251 252 254 298 301 521
1983 26 84 107 251 298 300 301 354 407 414 572 633 689
1984 84 148 224 298 381 382 428 445 450 452 455 613 654 725 759
1985 19 80 83 84 173 201 248 249 251 252 256 279 298 301 759
1986 48 83 84 107 301
1987 36 84 114 252 265 279 301 333 334 511 670 759
1988 39 61 63 84 256 298 410 450 453 456 520 521 572 583 633 759
1989 1 362 385 391 407 743
1990 9 83 84 107 152 160 201 251 252 254 256 298 305 521 572 582 583 604 631 756 759
1991 83 84 187 188 301 325
1992 83 84 249 252 256
1993 288 301 574
1994 83 84 201 301 303 521
1995 18 60 83 84 93 173 201 252 256 288 298 301 432 519 539 572 601
1996 83 84 123 196 201 227 252 288 294 298 301 400 478 479 520 521 568 572 631 633
1997 46 49 201 251 252 256 298 432 572 626
1998 83 84 105 453 633
1999 5 51 83 84 93 154 201 202 252 256 300 301 381 394 442 475 521 541 572 631 643
2000 83 256 298 301 410 521 583 633
2001 83 84 300 475 631 633
2002 48 83 288 301 325 355 385 415
2003 83 84 288 303
2004 83 84 160 201 249 251 256 288 301 487 728
2005 83 84 249 252 301 633
2006 62 80 83 84 301 633 638
2007 83 84 256 301 367 435 633
2008 61 84 252 256 298 301 443 572 631 753
2009 42 83 84 123 201 227 251 252 256 281 288 298 301 479 568 572 631 633
2010 83 301 468 469 531 626 633
2011 56 62 83 84 109 141 173 252 279 298 369 650
2012 83 318 638
2013 83 84 248 249 256 279
2014 61 83 152 160 173 189 201 251 252 256 288 298 301 308 354 358 428 443 506 520 521 572 599 609 725
2015 84 107 160 213 251 268 279 298 301 521 572
2016 256 288 511
2017 9 23 83 84 160 252 256 298 299 432 459 475 526 572 583 604 643 689 759
2018 80 83 84 172 252 256 263 298 301 475 521 689 759
2019 83 84 263 301 303
2020 83 107 154 256 298 301 541 759
2021 1 56 83 107 160 252 298 309 310 391 478 523 560 572 582 602 670 725 736 759
2022 81 83 201 248 251 252 279 298 301 487 520 521 561 572 641
2023 23 37 84 109 152 178 201 248 249 251 252 273 288 298 301 303 366 459 506 520 521 572 626 633 648 650 707 728 753
2024 9 83 84 107 160 201 252 256 298 301 344 521
2025 83 84 201 239 256 263 279 298 336 391 506 520 572
2026 83 84 86 107 110 152 155 160 166 201 252 256 279 288 391 441 518 519 521 546 572 631
2027 83 220 254 313 574
2028 83 84 107 155 173 201 208 248 249 251 252 279 288 301 478 480 520 521 546 572 583 756
2029 84 92 202 288 301 506 539 541
2030 98 338 710
2031 83 84 288 305
2032 69 83 84 252 256 279 301 568 759
2033 0 27 83 84 107 152 201 256 300 301 347 367 374 521
2034 83 107 201 298 373 385 466 468 469 521 531 633
2035 84 256 298 301 521 583 633
2036 83 84 248 252 254 256 294 298 301 367
2037 83 89 107 238 252 256 288 301 391 556 573 585 604 617 759
2038 84 212 298 318 381 580 631 638
2039 39 83 84 107 160 242 252 256 293 294 298 301 308 521
2040 83 84 351 392 401
2041 84 160 256 367 435 633
2042 151 288 301
2043 81 83 161 201
2044 83 84 107 227 254 256 301 444 521 633
2045 83 84 301 303 633
2046 288 469 531
2047 84 288 511
2048 70 83 84 254 256
2049 139 298 506 511 670 697 698 702 705
2050 84 173 256 298 411 520 521 633
2051 23 51 84 201 251 256 288 301 357 459 511 520 572 631 710 759
2052 83 84 288 415
2053 9 83 160 202 301 308 394 503 541 568 582 759
2054 39 78 83 84 201 256 288 301 746 759
2055 0 83 84 88 110 123 298 309 356 459 520 521 572 631 633 753
2056 0 83 84 88 110 123 252 256 298 301 309 356 459 520 572 631 633 753
2057 1 42 49 83 281 385 594
2058 83 84 288
2059 39 84 160 201 234 251 254 256 298 301 410 520 521 526 572
2060 83 84 152 252 288 298 300 301 325 385
2061 84 256 288 294 301 330 541 543 624 725
2062 83 84 256 301 303
2063 74 83 84 201 256 279 310 503 521 572 759
2064 84 469 531
2065 83 84 201 251 256 279 298 301 391 511 520 521 620 633 710 725
2066 80 83 84 549 670 759
2067 83 84 140 152 202 252 256 260 298 300 301 309 381 520 572 631 633
2068 78 83 84 160 201 251 252 256 300 301 309 367 381 382 475 520 521 568 572 633 756 759
2069 83 84 252 288 303
2070 70 83 84 152 252 256 288
2071 83 115 301 378 444
2072 83 84 288
2073 83 201 248 252 256 288 301 706
2074 39 74 83 201 217 251 254 270 288 294 296 298 300 301 310 367 503 520 521 572 633 725 756 757
2075 84 107 201 240 251 254 256 288 298 300 301 506 511 520 521 559 572 599 609 630 631 633 710
2076 80 83 84 256 633
2077 83 84 109 201 251 252 288 301 369 650 690
2078 84 217 288 301 391 414 743
2079 173 252 256 300 301 347 374 521 572
2080 83 84 87 160 171 172 268 298 301 521 572 631
2081 83 84 204 206 256 298 367 520 521
2082 83 107 196 201 252 288 298 432 521 626
2083 31 83 139 256 298 301 520 521 657
2084 83 201 252 256 300 301 349 354 381 475 478
2085 83 152 251 252 256 298 301 468 531 725
2086 23 62 80 83 84 107 152 173 174 252 256 288 299 300 301 303 354 367 381 382 459 506 520 521
2087 84 424 633 725
2088 84 201 251 254 256 298 301 410 521 725 757
2089 84 99 107 256 288 298 444 468 469 520 521 531 604 758
2090 9 46 76 83 84 160 256 279 298 300 354 443 478 759
2091 84 174 298 503 521 712 757
2092 83 201 242 251 256 294 298 520 521
2093 23 39 49 83 84 298 301 569 572
2094 80 84 256 307 568
2095 23 80 83 84 152 229 248 249 251 252 256 279 288 298 301 303 348 385 459 476 478 483 487 511 526 631 663
2096 83 84 252 289 301
2097 83 84 92 256 279 300
2098 9 47 48 61 83 110 152 160 173 201 252 256 288 293 294 298 301 443 506 520 521 572 630 633
2099 84 160 201 242 248 249 256 279 298 357 521 572 749 751 756
2100 83 429 591 697
2101 84 301 725
2102 84 107 152 160 183 201 252 256 298 301 592 689
2103 83 84 201 249 256
2104 81 84 107 152 173 201 252 254 256 269 298 300 301 520 572 630 633
2105 83 84 256 288
2106 83 84 152 201 251 256 298 301 367 633
2107 48 83 84 110 152
2108 83 84 301 308 631
2109 83 84 171 172 173 201 220 251 252 256 288 298 300 301 309 506 520 521 572 633
2110 70 83 288 301 468 469 531
2111 39 62 83 84 86 145 152 153 154 201 202 254 279 298 300 309 381 432 478 492 511 541 604 689 710 759
2112 83 84 89 107 110 202 251 298 468 469 520 521 572 596 604 725 759
2113 80 83 84 252 684
2114 63 83 107 152 160 201 251 256 301 381 511 520 521 710 725 759
2115 83 84 201 256 300 301 436 444 568 689 759
2116 84 252 281
2117 83 84 142 152 160 173 201 251 256 279 298 520 521 572 751
2118 81 84 171 172 301 316 561
2119 80 83 160 171 172 201 248 249 252 256 268 288 301 381 459 521 572 599 630 631 658 725 749 750 759
2120 83 107 201 251 256 298 301 392 399 460 468 469 520 531
2121 83 84 152 248 256 301 511 725 759
2122 83 84 107 152 252 256 300 301 337 506 520 526
2123 84 160 201 248 249 256 301 422 511 521 610 643 759
2124 83 84 254 298 301 329 612 633
2125 9 27 83 84 301 367 506 759
2126 83 89 298 414 572 591 626 632 633 743
2127 56 83 84 123 252 256 279 298 300 301 310 381 460 520 521 604 615 631 725
2128 76 80 83 84 85 160 252 381 459 478 521 572 583
2129 83 84 94 152 254 298 520 633
2130 83 185 256
2131 83 171 288 452
2132 83 84 107 201 288 298 301 314 367 391 533 568 613 631
2133 25 83 84 85 239 254 301
2134 83 173 201 256 288 298 301 355 391 460 560 645 735
2135 78 84 256 298 301 455 460 521 572
2136 83 263 624 632
2137 83 84 256 294 381 624
2138 83 84 107 201 227 251 256 298 301 510 759
2139 19 83 84 119 120 152 169 201 251 252 256 263 288 298 453 456 473 487 520 572 633 728
2140 83 84 121 301 453 456
2141 83 84 93 107 201 207 252 256 298 300 301 307 326 403 503 600 759
2142 80 83 84 173 178 201 251 252 256 298 309 521 572 604 633 645
2143 83 84 152 201 256 367
2144 124 214 301
2145 83 84 164 201 249 251 252 301 478 487
2146 84 173 252 256 301 449 546 633 710 725
2147 108 256 367
2148 42 83 84 201 248 252 301 455 526 713 759
2149 80 83 84 109 153 289 296 301 305 414 631 743
2150 78 84 152 160 163 173 201 213 219 251 252 254 256 298 300 301 355 367 395 399 410 451 506 520 521 568 572 583 617 626 631 689 759
2151 83 84 160 201 256 298 354 379 521 572 633
2152 80 83 84 86 89 107 160 171 172 254 256 293 294 301 358 381 382 387 390 425 452 520 572 631 746
2153 23 52 60 63 83 128 248 252 263 288 301 354 443 445 453 487 557 689
2154 2 83 109 296 363 366 369 413 511 648 650 710 743
2155 83 171 217 279 391 624
2156 9 48 83 107 152 160 201 213 251 252 254 279 301 304 309 312 381 518 520 521 572 577 599 622 626 759
2157 83 84 107 157 252 254 301 432 539 599 631 636 725
2158 2 83 289 296 301 305 753
2159 83 84 107 123 160 226 256 260 269 288 298 300 301 381 511 521 572 710
2160 80 160 201 234 252 256 279 298 301 387 390 391 432 475 511 521 572 604 710
2161 80 84 301
2162 83 84 288
2163 55 83 84 171 172 201 252 256 288 298 301 325 380 381 520 521 572 599 631 633 657
2164 84 256 298 301 511 521 710 759
2165 83 84 160 201 248 256 351 381 475 541
2166 76 83 84 152 160 201 249 256 279 298 301 391 568 572 756 759
2167 84 86 89 107 160 171 172 256 293 294 298 301 358 359 367 382 425 520 521 572
2168 83 84 151 201 242 256 307 608 633
2169 83 160 242 248 254 256 288 301 546
2170 83 107 155 201 252 254 256 288 298 301 367 391 520 521 546 572 583
2171 288 301 486
2172 79 83 84 121 152 256 260 261 288 415 441 455 506
2173 84 115 152 256 298 301 453 520 633
2174 83 84 107 152 201 252 256 288 298 301
2175 69 83 145 152 160 201 251 252 254 256 279 298 301 309 391 520 521 546 572 725 748 759
2176 49 160 249 256 279 298 301 526 572 759
2177 83 84 160 248 249 256 288 293 298 301 379 422 511 520 583 710 759
2178 84 107 110 156 201 251 256 293 298 301 391 520 583 631
2179 83 108 194 195 526 544
2180 23 80 84 160 201 256 263 279 298 301 520 521 572
2181 48 49 83 84 256 301 325 381 725
2182 94 153 288
2183 9 201 256 298 381 521 526 572 759
2184 84 256 301
2185 9 62 80 83 84 163 174 254 288 298 301 308 400 410 475 506 520 521 568 572 633
2186 83 84 201 248 249 251 252 256 298 330 487 575
2187 2 83 296 301 353 397
2188 2 263 353
2189 47 79 83 256 298 301 357 399 526
2190 83 84 254 301 367 633 725 753
2191 83 84 201 256 288 298 301 484 539 725
2192 4 83 84 251 256 288 298 633 725
2193 83 84 174 254 279 298 381 624
2194 83 84 152 301 369 432 530 650
2195 39 83 84 165 189 201 252 256 263 298 301 521 583 604
2196 83 84 252 303
2197 48 83 251 256 279 301 325 439
2198 92 201 248 252 256 301 317 343 478 479
2199 83 84 92 160 201 256 298 317 343 478
2200 79 83 84 301 631 711
2201 84 107 256 298 301 503 521 546
2202 108 153 355 624
2203 80 83 84 110 211 256 301 354 470
2204 83 115 288
2205 83 163 213 220
2206 83 152 201 248 251 252 256 301 487 520 631 759
2207 62 83 84 152 201 231 251 252 256 279 298 301 349 350 520 521
2208 84 126 256 301 391 521 759
2209 47 83 84 94 173 256 298 301 391 520 521 546 572 633 753
2210 75 83 84 201 252 256 298 301 520 521 572 633 759
2211 227 288 564
2212 78 83 84 124 201 251 252 256 288 301 367 432 539 604
2213 83 84 152 173 256 288 301 407 414 415 506 759
2214 83 84 252 303
2215 37 83 84 194 248 252 298 301 330 473 487 575
2216 80 83 84
2217 217 235 282 283 284 285 292 301
2218 48 83 84 152 252 288 298 301 325 568 725
2219 66 449 486
2220 39 46 84 160 201 248 249 256 279 301 411 583
2221 45 80 83 84 128 201 248 251 256 293 294 298 374 391 511 520 521 631 633
2222 3 4 53 89 166 238 252 288 290 291 301 391 397 407 413 414 542 556 573 604 617 743 759
2223 83 84 110 123 251 289 298 305
2224 83 84 506 526
2225 23 39 62 80 83 84 152 160 173 201 251 253 256 262 279 298 301 309 453 456 459 520 521 626 633
2226 23 39 74 80 83 84 86 93 107 152 160 174 201 251 252 262 277 279 298 309 450 452 459 506 520 521 572 583 599 600 626 753 759
2227 47 83 84 93 98 201 251 256 298 301 400 520 521 568 572 633 675
2228 83 84 92 160 252 256 298 427 520 526 569 748
2229 139 279 298 309 521 572 656 670 698 736 740
2230 83 84 160 201 202 251 254 256 298 301 357 381 492 521 546 569 572 583 633
2231 15 80 108 543 544
2232 4 83 288 298 301 346 354 473 478 479 487 506 555
2233 83 84 160 201 252 288 298 301 435 631
2234 83 84 201 633 725
2235 5 83 84 110 120 298 318 568 572 638 753
2236 74 83 298 361 391 478 487 511 555 710
2237 39 83 84 107 110 201 239 248 249 251 252 254 256 293 294 298 299 301 309 355 356 370 381 382 385 467 518 520 521 572 583 624 626 759
2238 38 84 248 249 256 298 301 355 521 631
2239 9 83 84 155 174 201 249 252 298 301 308 309 568 572 689 712 756 759
2240 83 84 256 258
2241 2 83 84 173 298 301 391 497 508 511
2242 83 84 555
2243 5 83 84 107 141 248 249 251 252 256 288 297 301 345 348 381 428 487 506 521 572 582 583 689 696 759
2244 83 84 249 252 301 303
2245 83 256 288 298 301 478 479 588
2246 301 361 571
2247 80 83 110 152 203 252 263 301 478 482 663
2248 83 84 588
2249 83 301 303 588
2250 5 83 84 160 196 201 247 251 256 298 301 367 418 511 520 521 572 604 689 710 748 759
2251 19 37 55 75 83 84 119 136 169 196 252 280 288 301 303 345 352 473 476 487 493 521 557 572 626 638 663 689 707 719 723 749 750
2252 83 84 94 173 256 260 309
2253 83 84 85 107 115 128 201 256 301 381 476 478 479 599 606 675 725
2254 48 83 84 85 147 152 160 168 248 249 251 252 256 279 288 298 301 325 356 476 521 572 583 633 663 689 759
2255 83 84 249 252 256 263 298 345 423 473 487 521 526 573
2256 83 84 248 252 256 301 344
2257 83 84 110 201 248 249 251 256 297 301 303 345 487 633
2258 81 84 255 356 361 399 409 508 520 633
2259 19 37 83 263 301 345 348 487 638 719
2260 83 201 249 252 279 301 759
2261 83 84 152 251 252 256 288 298 301 303 626 728
2262 83 84 201 248 249 252 256 263 301 303 345 348 459 476 487 493 521 707
2263 19 83 84 119 120 136 152 201 252 256 263 279 288 301 303 345 348 352 476 487 493 626 633 638 663 707 719 749 750 759
2264 83 248 256 345 361 759
2265 84 152 252 256 298 301 309 520 546 572 583 633 670 689 731 759
2266 83 84 128 171 172 201 249 256 288 298 301 381 428 487 520 572 582 590 631 759
2267 235 282 283 285 292 301
2268 83 84 119 201 252 256 288 301 753
2269 78 83 84 252 256 288 301 361 487 520 572 582 631
2270 83 84 119 248 249 256 301 339 436 511 520 521 572 583 710
2271 81 84 301
2272 23 39 83 84 201 252 256 294 298 301 459 520 521 525 572 725
2273 288 453 456
2274 83 107 110 248 256 288 301 309 391 487 489 570 670
2275 83 84 110 155 165 248 249 252 279 298 308 535 753
2276 83 84 189 249 251 252 256 279 298 301 345 475 521 557 568 572 633 735 759
2277 83 85 227 248 288 296 301 478 479 483 487 560
2278 83 85 107 110 152 249 252 254 255 288 294 298 301 309 487 521 582 639 710 748 759
2279 39 62 83 84 107 110 152 201 249 251 252 255 256 279 288 301 309 521 546 582 639 656 681 731
2280 83 84 201 298 301 367 631
2281 83 84 107 142 254 298 313 315 345 367 633 753
2282 63 83 145 173 254 256 279 298 381 453 521 526 759
2283 83 84 201 249 256 301 521 759
2284 9 83 160 249 251 256 279 294 298 301 367 520 521 572
2285 288 318 364
2286 84 201 227 242 254 459
2287 77 83 84 236 248 249 263 279 298 301 689 739
2288 80 83 288 298 301 399 460 725
2289 20 80 83 128 289 301 361
2290 83 84 235 282 283 284 285 292 301 385
2291 288 301 361
2292 83 107 201 228 248 249 251 252 256 298 301 710 725
2293 39 83 84 178 196 248 249 251 252 256 288 293 294 298 301 303 348 367 521 539 663 759
2294 68 80 84 85 248 252 279 298 361 572 725
2295 83 84 107 201 248 252 298 301 308 478 479 506 631
2296 83 85 86 201 249 251 252 254 256 279 293 294 298 301 303 306 308 367 438 475 521 615 624 731 753 759
2297 83 84 256 520 633
2298 84 108 248 256 288 330 481
2299 83 84 201 251 256 298 344 345 361 759
2300 84 288 301
2301 4 112 288
2302 83 84 164 248 256 288 301 478
2303 80 83 84 256 279 288 298
2304 83 84 301 305
2305 83 84 120 301 638
2306 27 71 83 301 361 473 478 480 633
2307 83 84 201 252 256 298 301 521 561 572 630 689 723 749
2308 23 220 361
2309 83 84 256 303 411
2310 23 84 85 92 248 249 252 298 301 459 572 710
2311 83 168 279 631 731
2312 252 301 697 698 703
2313 83 84 249 252
2314 80 83 201 301 315 717
2315 63 83 84 253 256 288 301 361 367 456 459 725
2316 2 19 37 39 55 83 84 107 119 152 160 201 248 249 251 252 256 263 288 298 301 303 316 367 381 382 391 395 400 401 428 473 476 487 506 520 521 557 568 572 583 633 689 728 759
2317 44 55 83 84 119 120 160 201 248 249 251 252 263 279 288 298 301 487 638 731
2318 46 83 84 160 201 202 248 249 252 256 258 279 298 301 572
2319 84 93 148 152 201 248 249 251 252 279 288 301 358 520 521 583 599 604
2320 23 80 83 84 160 279 361 367 521 559 571 572
2321 83 85 107 152 236 288 301 305 385 407 413 506 511 633 710
2322 22 83 84 252 301
2323 83 92 131 152 169 178 239 248 249 251 252 256 288 298 301 303 423 506 518 539 626 633 725 759
2324 83 84 160 248 251 256 301 315 446 521
2325 83 84 252 301 428 559
2326 83 155 173 248 249 256 288 301 348 473 478 479 487
2327 83 84 131 201 256 288 298 301
2328 83 84 301 446
2329 83 84 252 301 303
2330 84 335 602
2331 83 84 196 568
2332 83 84 256
2333 77 83 84 155 196 242 248 252 256 279 491 492 521 568 572 759
2334 83 84 252 263 301
2335 83 256 288 301 631 706 716
2336 23 83 84 152 160 196 248 249 252 255 256 265 269 279 298 303 335 338 386 459 478 483 487 506 521 572 583 592 633 637 670 689 725 759
2337 83 201 235 282 283 284 285 292
2338 83 201 248 256 288 298 301 478 479 572
2339 39 83 84 152 160 196 256 301 316 395 423 759
2340 84 201 248 256 298 301 520
2341 83 84 147 201 256 301 309 354 520 521 583 670 681 748 752
2342 83 84 152 248 249 252 256 301 391 511 568 710 759
2343 84 301 361 584 710 753
2344 83 84 86 107 152 161 248 249 252 254 256 279 288 293 294 298 301 303 367 381 391 520 521 546 560 568 572 626 631 667 725 728 731 753 758 759
2345 83 84 249 256 335
2346 108 256 480
2347 80 82 84 110 111 256 301
2348 9 46 83 152 201 251 252 256 301 308 337
2349 83 107 135 280 288 301 303 361 652
2350 25 83 84 155 201 256 301 436 441 521 572
2351 49 83 84 733
2352 83 84 152 249 256 301 710
2353 39 83 84 85 152 160 201 249 252 256 270 279 288 298 303 309 354 410 541 562 583 689 748
2354 83 84 288 301 361 385 682
2355 63 84 288 456
2356 83 84 89 201 252 256 301 309 729
2357 23 33 83 84 152 160 196 229 248 249 252 256 279 288 297 298 301 303 335 338 358 386 410 459 487 506 520 521 572 583 592 604 626 633 670 689 725 733 753 759
2358 84 256 288
2359 83 84 152 248 249 252 256 288 301 303 348 487 526 572 633
2360 23 80 84 93 160 201 220 251 279 288 301 309 361 455 459 600 612
2361 83 152 173 201 251 252 256 297 298 301 354 391 520 521 526 592 626 631 633 713 749 753
2362 83 84 89 238 252 256 288 301 397 573 585 604 617 759
2363 83 119 298 301 478 520 633
2364 42 82 83 84 123 201 252 298 301 572 659
2365 49 84 247 248 359 459
2366 84 248 251 252 288 298 301 725
2367 84 301 354 631 713
2368 83 84 107 160 173 201 248 249 251 252 254 256 288 298 301 303 354 358 367 386 391 521 572 583 592 604 633 713 749 753
2369 28 83 84 152 201 219 248 249 251 279 294 298 301 367 381 382 520 521 572 626 633 689
2370 48 84 288 298 301 526 573 633 638
2371 84 107 638
2372 2 83 84 249 301 391 489 508 511 710
2373 83 84 252 256 459 633
2374 83 84 201 251 256 298 478 633
2375 46 77 80 83 84 107 165 201 251 279 301 408 432 492 521
2376 489 511 638
2377 83 256 345 471 478 633
2378 84 107 123 152 201 219 251 252 298 301 572 689 753
2379 83 84 256 303
2380 83 84 155 201 248 249 251 279 301 520 521 561 572 631
2381 5 83 84 99 107 152 160 189 248 252 256 262 288 301 367 572 582 612 631 632 645 710 753
2382 83 84 123 152 189 201 251 252 297 298 301 345 592 633 690
2383 83 84 248 252 256 402 526
2384 84 107 109 201 252 256 288 297 301 391 415 511 689 690 710
2385 39 59 83 84 107 152 160 173 174 251 252 256 263 298 301 381 382 520 521 572 633 689 690 725 759
2386 83 84 98 152 252 256 298 301 379 506 511 520 521 557 572 606 633 689 710 759
2387 83 84 301 353 391
2388 84 256 288
2389 23 60 63 83 84 125 128 248 252 288 443 445 453 487 557 599 631 689
2390 23 56 83 84 92 201 242 249 256 279 301 308 459 521 557 759
2391 5 39 48 51 62 83 152 201 213 251 252 256 298 301 306 308 310 313 355 410 487 511 520 521 546 572 582 583 633 710 717 721
2392 83 84 201 248 249 252 256 345 480 487 647 664
2393 9 83 84 123 127 155 183 219 248 252 256 263 288 301 303 487 572 602 609 631 670 736 749 753
2394 80 83 84 201 251 256 288 298 345 348 381 520 521 572 633
2395 83 84 173 256 391 520 572 633 753
2396 48 84 123 160 201 248 249 252 256 279 288 298 301 309 335 487 572 689 698
2397 83 160 201 248 249 252 256 279 288 298 301 487 521 689 753
2398 80 83 84 189 248 298 301 308 631 712
2399 83 169 301 303
2400 5 9 83 84 256 279 288 301 399 689 725 753
2401 83 107 252 286 288 296 478 481 506 584 599 609 655
2402 23 83 107 120 160 201 248 249 252 256 279 288 301 459 487 521 689 759
2403 83 84 248 249 301 725
2404 83 84 155 189 201 252 279 298 301 505 712
2405 33 83 110 111 114 152 234 252 256 298 301 313 335 338 391 416 520 572 582 583 612 633 661 699 703 759
2406 83 84 160 168 201 239 242 248 249 251 252 256 263 279 288 298 303 411 459 478 480 518 521 572 583 604 669 689 759
2407 37 48 83 84 152 160 189 201 219 248 251 252 254 256 263 288 298 301 408 505 520 521 539 572 604 689 710
2408 23 62 83 84 110 160 171 172 174 248 252 256 298 335 393 415 423 439 459 520 521 523 546 602 670 697 698
2409 83 84 301 633
2410 83 84 249 579
2411 83 108 249 288 301 330 526
2412 62 83 84 93 107 110 152 153 156 196 219 248 249 251 256 279 288 298 301 325 395 520 572 633 689 725
2413 84 85 248 256 301 521 633
2414 107 252 276
2415 84 160 174 201 248 256 279 298 348 367 381 442 450 459 487 572 626 689 694 759
2416 80 84 152 252 256 288 298 301 478 483 725
2417 63 83 84 110 128 201 256 279 298 400 453 456 520 521 568 572 583 633 749
2418 83 203 252 263 288 297 298 301 356 506 592 633
2419 83 84 252 256 279 298 301 506 521 572 633 689 752 753 759
2420 83 422 631 678
2421 83 92 129 160 201 248 249 252 256 298 301 309 517 521 546 689
2422 19 83 84 107 110 173 248 249 279 288 301 325 345 348 476 478 483 520 626 631 633 707 724 749
2423 83 84 109 128 369 650
2424 83 110 189 201 234 252 256 279 288 298 308 391 521 572 630 689 759
2425 83 248 249 252 256 288 298 301 391 478 483 689 759
2426 83 84 252 710
2427 83 84 155 201 248 252 256 279 301 410 520 521 566 572 583 759
2428 83 84 152 212 256 301 367 395 506 520 584 753
2429 33 83 139 335 432 478 523 602 725 736
2430 9 23 83 84 165 248 251 256 288 298 301 338 689
2431 52 60 63 83 125 128 248 252 288 301 354 445 453 487 557 599 631 689
2432 83 84 89 99 128 152 160 201 251 288 298 301 354 506 520 590 631 753
2433 83 84 252 301 638
2434 83 84 152 160 248 249 256 288 301 478 487 511 526 710 759
2435 83 84 189 201 248 249 251 252 256 288 296 301 354 520 572 599 631 633 689
2436 83 301 391 710
2437 83 84 152 201 252 256 301 367 506 521 526 753
2438 288 301 355
2439 62 83 84 86 173 201 248 249 251 252 288 301 345 526 633 725 759
2440 36 62 84 114 139 140 160 247 248 249 252 279 298 301 441 521 670 702 703 725 731 736 739 741 759
2441 84 152 249 252 298 301 520 521 572 633
2442 83 107 123 152 172 189 201 219 251 252 256 288 298 301 354 572 689
2443 84 107 160 173 201 251 252 256 298 301 520 521 572 582 631 633 753 759
2444 80 84 106 107 160 173 248 249 252 256 263 298 313 520 572 609 633 689
2445 83 84 242 248 252 256 279 288 415 521
2446 83 84 110 246 478 690
2447 1 83 228 288 298 301 620 710
2448 1 83 228 256 511 599
2449 22 83 84 98 107 152 279 289 298 301 305 380 417 475 511 592 643 710 727
2450 217 235 251 282 283 284 285 292 301
2451 83 84 114 236 249 252 256 301 415 520 633 697 698
2452 83 201 251 252 256 298 301 506 521 710
2453 83 84 188 324
2454 83 84 130 248 249 298 300 301 303 520 521 526 546 633
2455 83 84 249 256 301 568 753
2456 84 152 201 256 288 301 633
2457 23 63 83 89 125 128 288 301 345 445 473 481 545 557 599 631 753
2458 39 83 84 152 176 201 251 256 263 279 288 298 301 391 521 546 572 759
2459 83 84 107 110 201 248 249 252 256 263 279 288 301 511 521 633 710 725 759
2460 74 83 84 152 201 248 249 251 252 256 288 301 309 367 400 520 568 572 626 645
2461 84 160 248 260 279 298 467
2462 83 252 288 301 436 652 706 707 710
2463 23 52 60 63 125 128 248 252 263 301 354 443 445 487 557 572 599 631
2464 83 84 160 201 248 249 251 252 256 260 298 301 359 520 521 545 572 759
2465 62 83 84 107 201 248 251 252 256 279 288 298 301 572
2466 4 539 638
2467 84 256 379 442 568
2468 37 235 282 283 285 292 301 473 481
2469 83 84 107 152 201 248 251 288 298 301 308 325 348 367 520 521 572 599 631 712 725
2470 83 84 189 201 247 254 256 279 298 301 308 505 521 572 689
2471 25 83 84 152 189 201 248 249 251 252 254 256 279 288 301 367 391 572 599 633 753
2472 84 107 110 248 256 288 298 301 511 520 521 572 710 753
2473 83 84 249 252 256 511 725
2474 83 201 248 288 298 300 301
2475 83 160 189 201 242 248 249 252 256 279 288 298 301 521 572 630 689 712 759
2476 25 81 83 84 211 301 637
2477 37 83 84 87 119 120 152 160 169 174 201 251 252 256 263 288 298 301 345 348 352 473 476 487 493 520 521 572 582 583 626 633 638 663 706 707 719 749 750 759
2478 84 201 217 251 252 256 298 301 400 401 520 521 568 572 633
2479 48 83 84 160 248 249 252 256 279 301 309 487 521 572 689 697 753
2480 256 288 301
2481 23 70 80 83 160 288 391 520 572
2482 84 123 152 178 183 201 248 249 251 252 256 279 298 301 303 520 521 533 572 626 633 759
2483 80 83 84 152 201 251 256 279 301 521
2484 23 63 83 84 128 152 160 173 253 256 279 301 402 453 506 753
2485 83 235 251 282 283 284 285 292 301 526
2486 83 217 235 282 283 284 285 292 301
2487 83 84 107 152 252 256 263 288 298 301 642 758
2488 51 83 128 160 208 256 288 298 345 521 633
2489 83 84 242 254 308 391
2490 80 83 160 173 220 298 301 631 735
2491 63 80 84 126 248 249 252 301 453 459 521 579
2492 48 83 84 201 248 252 256 288 298 487 520 521 526 572
2493 83 143 169 256 263 288 473 506 626 724 728
2494 83 84 152 248 249 252 256 298 301 476 506 521 572 633 690 753
2495 83 84 115 301
2496 48 83 84 152 173 174 201 249 251 252 256 279 298 325 441 506 511 633 710 725 753 759
2497 83 252 301 419
2498 83 84 201 521
2499 83 160 196 201 248 249 252 256 279 347 411 435 491 521 572 583 645 689
2500 248 249 268 279 303 645
2501 23 63 80 83 84 128 171 172 253 288 335 402 453 456 459 511 619 710
2502 18 84 107 123 129 248 252 254 286 288 301 481 599 606 609 655 753
2503 83 84 196 247 248 249 256 288 298 301 521 572 633
2504 23 84 119 136 160 169 173 201 248 249 251 252 256 263 279 280 298 301 303 345 348 352 367 459 487 493 520 521 572 638 663 706 707 719 723 750 759
2505 83 84 219 248 254 256 288 298 301 473 487 572 633 652 653 689 736
2506 2 83 279 298 354 377 384 391 511 520 523 583 602 645 661 670 698 703 710 736
2507 9 83 84 107 248 249 252 256 263 279 298 301 356 391 422 506 521 546 689 759
2508 23 52 60 83 84 125 128 263 301 354 443 445 453 557 572 599 631 689
2509 83 201 301 520
2510 83 84 201 248 301
2511 2 83 84 110 152 288 301 402 633
2512 48 83 84 152 201 248 252 256 279 288 298 520 521 526 572
2513 23 63 83 152 171 172 242 249 252 256 288 301 448 459 521 572 583 606 689 753
2514 83 84 107 113 228 256 279 288 298 301 506 513 599 604 622
2515 83 84 107 174 201 248 249 251 263 279 298 301 487 520 572 633 689 731
2516 9 49 83 84 152 201 248 249 251 256 277 279 298 301 428 487 506 521 572 633 696
2517 83 84 110 152 201 251 298 301 753
2518 82 247 288
2519 83 130 248 256 288 298 301 391 520 521 526 546 633 753
2520 14 42 84 124 203 256 301 521 687
2521 39 83 107 201 248 249 252 256 301 309 391 484 521 572
2522 84 171 172 189 248 249 255 288 301 521 572 583 666 687 689 712
2523 83 84 156 165 255 288 687
2524 83 172 174 239 248 249 256 309 391 538 560 582
2525 83 84 248 298 324 520 521 618 633
2526 18 60 83 84 85 107 248 249 251 252 254 263 286 288 301 478 480 584 606 609 753 759
2527 60 63 83 125 128 263 288 354 443 445 453 487 557 572 599 631 689
2528 9 62 83 84 160 173 256 279 288 294 298 301 511 572 582 604 633 710
2529 77 83 84 189 201 256 298 301 346 411 521 572 756 759
2530 23 80 84 152 252 256 279 288 301 391 402 441 454 511 520 631 710 753
2531 23 83 84 107 173 201 248 249 256 279 288 459 521 572 599 759
2532 1 84 110 288 296 301 666
2533 83 84 156 201 248 298 308
2534 9 84 252 256 288 298 301 385 520 521 526 572 633
2535 9 37 83 84 119 242 248 249 252 254 256 258 279 288 298 301 346 411 487 521 546 572 609 666 753
2536 288 301 319
2537 23 49 83 84 110 152 156 174 183 189 201 248 252 255 256 263 279 288 301 309 391 455 459 503 526 568 572 631 670
2538 83 156 301 354 630 633 676
2539 36 83 114 168 201 234 242 249 255 385 464 465 478 479 511 520 584 670 703 710 725
2540 39 83 201 252 256 279 288 298 301 725 753
2541 251 256 288 298 301 511 526 710 759
2542 83 84 288
2543 83 84 179 248 249 252 256 288 301 478 480 541 638 664
2544 83 256 298 301 307 520 759
2545 38 39 82 107 160 239 256 298 301 354 381 631
2546 83 84 201 256 298 301 409 572 759
2547 83 201 301 434
2548 84 256 301
2549 83 288 638
2550 83 84 256 301 526 633 638 707
2551 83 84 92 256 288 301 506 520 526 633 638 753
2552 84 201 301
2553 10 13 83
2554 83 84 252 288
2555 42 83 84 288 298 301 626 725
2556 84 301 638
2557 30 39 83 93 107 152 173 201 251 256 269 279 298 301 309 367 381 382 520 521 572 589 590 600 604 631 633 756 757 759
2558 83 84 256
2559 83 84 254 256 452
2560 84 288 638
2561 2 83 84 201 391 526
2562 84 107 142 152 252 256 263 301 395 574 759
2563 84 288 638
2564 83 84 248 249 252 254 279 288 298 520 521 526 753
2565 48 83 288 325 710
2566 23 83 84 85 86 93 152 160 201 217 248 249 251 252 279 298 309 381 391 400 452 455 459 506 520 521 568 583 600 612 631 731 759
2567 83 84 252 256 356 725
2568 83 84 152 252 256 301 337 349 350 521 526
2569 39 56 83 84 107 201 251 256 298 301 520 521 572 633
2570 80 83 84 252 303
2571 76 83 84 128 160 171 174 256 279 301 309 478
2572 80 83 84 107 110 160 252 256 294 298 300 301 521 572 759
2573 83 84 152 252 301
2574 83 84 86 107 184 188 201 251 252 288 294 296 301 506 759
2575 25 83 160 201 251 256 279 301 358 381 459
2576 5 84 94 160 174 201 252 256 298 301 367 521
2577 83 84 115 252 301 303
2578 83 176 177 391 407 414 448 520 633
2579 47 48 84 296 301 391 511
2580 39 84 141 173 248 249 256 298 520 521 557 572 582 633
2581 288 301 638
2582 110 160 289 298 301 305 354 517 520 572 582 670 697 698 725 736 740
2583 83 132 256 301 526 631 637 751 759
2584 83 84 92 298 301 309 316 381 395 520 620 631
2585 9 62 83 84 201 251 252 256 288 301
2586 83 84 110 152 252 256 288 301 378 631
2587 83 84 301 526 638
2588 83 84 92 256 288 301 506 521 526 633 638 753
2589 80 83 84 152 252 256 288 330 521 544 759
2590 64 83 84 86 107 114 152 184 201 251 252 256 301 303 459 469 507 511 531 604 710 749
2591 39 46 77 83 84 107 110 114 123 160 234 252 256 263 279 288 298 300 308 546 568 582 583 604 759
2592 31 83 160 201 256 263 288 301 307 415 725
2593 39 48 83 84 85 89 196 201 251 252 256 294 297 301 303 323 329 366 367 369 381 382 467 506 648 710 733 759
2594 83 84 152 251 256 301 367 520
2595 84 107 201 251 256 263 298 301 506 521 643
2596 23 83 84 155 201 252 256 262 288 301 354 403 459 521 546 608 637 643 689
2597 83 452 470 580
2598 55 78 83 84 89 107 128 171 172 173 201 251 252 279 288 293 294 298 301 381 511 539 710
2599 5 23 48 83 152 236 252 298 301 381 459 470 526 733 759
2600 84 152 256 301 381 521 572 631 759
2601 83 84 288
2602 84 301 638
2603 80 83 84 93 152 155 201 251 252 254 256 293 301 367 511 521 572 710 759
2604 80 84 96 160 173 201 251 279 309 367 393 441 506 520 521 546 583 626 633 681 696 748
2605 23 80 83 84 160 256 298 301 526 572 753
2606 84 201 251 256 279 288 626
2607 83 84 252 256 279 288 298 301 374 381 581
2608 83 84 201 256
2609 84 152 201 251 252 256 301 349 520 521 539 546 759
2610 83 84 160 201 252 256 298 300 301 475 521 572 759
2611 62 80 107 152 201 242 252 256 298 300 395 475 521 759
2612 84 201 251 252 254 256 298 301 337 367 520 521 633 756
2613 83 248 249 256 288 298 300 301 391 521 526 633
2614 42 169 288 301 536 706 707 708
2615 83 84 173 234 251 256 295 298 309 511 725
2616 83 84 152 252 301 526 633 638 706
2617 83 84 155 506 526 710
2618 83 84 104 107 256 279 288 298 301 478 520 572 707 753
2619 83 84 252 303
2620 58 83 187 188 234 252 279 298 301 539 546 570 615 725
2621 83 84 115 252 301 303
2622 83 84 252 303
2623 2 63 84 174 253 256 298 456 725
2624 83 84 99 201 239 251 252 256 279 298 301 358 454 521 572 583 759
2625 83 84 353
2626 83 84 203 301 526 753
2627 63 83 97 201 252 253 256 298 301 453 539 569 756 757
2628 9 39 83 84 107 110 152 160 201 202 241 251 252 256 279 298 300 338 391 428 511 520 521 541 582 710 759
2629 39 49 83 99 107 124 152 155 173 201 249 251 256 263 279 288 298 301 358 367 381 382 409 410 473 476 520 521 572 614 626 641 733 748
2630 1 45 49 62 83 84 92 160 256 288 298 301 320 572 633 685
2631 82 83 84 201 249
2632 83 201 235 282 283 284 285 292 521
2633 252 301 303
2634 83 84 152 252 301 305
2635 83 84 152 252 256 301 367 422 520
2636 84 252 256 317 344 651
2637 15 80 83 193 194 254 256 309 330 422 543 568 759
2638 83 84 110 251 301 710 725
2639 64 83 84 172 301 753
2640 235 282 283 292 301
2641 83 288 301 526 633 638 707
2642 83 152 252 288 301 526 633 638 707
2643 83 256 288
2644 83 84 115 252 301 303
2645 5 76 83 256 298 301 478
2646 84 183 184 251 256 301 441 521 633
2647 83 84 107 152 252 256 298 520 572 599 631 633
2648 23 83 84 256 279 459
2649 23 80 83 84 160 248 249 256 279 450 520 521
2650 83 84 86 99 152 173 201 256 279 298 299 301 569 633 759
2651 83 84 248 249 252 256 288 301 478 526 564
2652 83 84 303 725
2653 23 83 84 249 279 288 301 521 568
2654 83 301 330 422
2655 83 84 119 279 298 301 457 521 638 706 707
2656 83 107 112 160 279 298 307 310 511 521 670 697 698 710 745 759
2657 36 62 83 114 234 263 327 334 490 553 670 703 714 736
2658 84 288 638
2659 83 84 107 201 248 251 256 278 279 298 301 521 572 759
2660 72 83 84 107 112 171 298 301 316 395 499 500 604 618
2661 84 242 252 254 256 568 572
2662 74 83 84 151 256 301 349 350
2663 9 49 83 152 172 252 301 309 381 624 725 759
2664 39 46 77 83 84 107 123 160 165 201 234 252 256 279 288 300 301 308 546 572 580 582 583 604 759
2665 84 256 288
2666 83 109 221 296 608
2667 83 107 171 172 173 186 201 251 252 256 298 301 308 358 367 381 382 400 428 432 506 520 521 568 572 587 604 626
2668 42 83 84 201 251 256 301 313 381 753
2669 83 84 110 152 248 249 252 254 256 288 301 520 631 633 759
2670 39 48 84 109 110 173 227 252 254 256 301 366 385 638 650
2671 9 70 83 84 107 160 173 251 252 254 256 279 298 301 309 367 382 391 461 520 521 572 583 612 626 759
2672 25 83 184 201 252 254 256 301
2673 39 83 128 173 177 252 298 301 381 450 511 581 582
2674 288 301 638
2675 83 84 301 638 706 707
2676 83 413 414 753
2677 83 84 301 638
2678 83 84 638
2679 25 80 83 84 86 154 155 160 171 172 201 251 252 256 298 301 356 358 381 410 475 503 506 521 541 572 583 633 756
2680 50 65 83 84 107 110 152 166 171 172 248 249 251 252 256 279 288 385 422 520 521 572 619 625 633 643 687 689 753 755 759
2681 83 84 92 119 256 288 301 506 520 521 638 753
2682 55 83 84 89 107 123 152 171 172 201 241 252 256 279 293 294 298 301 381 506 511 520 572 631 632 710
2683 23 83 84 160 248 249 256 279 301 450 520 521
2684 83 84 152 252 256 288 298 301 506 520 521 572 633
2685 33 34 36 106 254 255 279 301 327 334 377 381 384 416 498 661 670 702 703 705 744 759
2686 83 301 330 422
2687 39 83 84 459 716
2688 72 83 84 170 301 303
2689 44 83 84 249 288 301 436 706
2690 83 84 107 139 170 252 279 301 309 367 439 478 483 627
2691 83 84 152 201 252 301
2692 83 84 201 248 252 256 288 298 301 423 526
2693 83 84 160 168 248 249 256 279 288 301 309 429 439 572 631 670 759
2694 84 94 160 201 251 256 298 301 526 631
2695 72 83 242 248 255 256 288 473 627
2696 83 236 252 288 289 301 305 526 710
2697 301 343 580
2698 83 84 252 582
2699 83 84 288
2700 65 83 84 107 173 201 246 298 303 520 521 572 613 633 676
2701 83 84 201 248 279 301
2702 72 83 84 248 256 298 301
2703 39 83 160 201 242 248 249 251 256 298 301 309 520 572 633
2704 72 242 248 252 256 301 627
2705 83 84 242 459 716
2706 83 92 248 249 256 279 288 301 478 483 487 521
2707 107 355 599
2708 37 83 84 109 152 201 228 248 249 252 273 288 298 301 303 369 385 520 521 572 599 626 633 638 648 650 707 728 753
2709 84 256 288
2710 83 84 201 251 252 256 298 521 758 759
2711 23 49 151 470 554 647
2712 84 139 170 252 263 288 301 309 367 439 478 483 487 627
2713 83 248 252 255 301
2714 83 84 107 113 153 201 256 279 298 301 633 657 685
2715 84 113 153 201 251 256 288 298 301 309 685 725
2716 83 84 301 526
2717 83 241 252 308 473 478
2718 56 72 83 210 256 288 301 478 483
2719 83 169 248 252 288 301 352 511 707 725
2720 84 110 256 279 298 301 429 572 638 711
2721 83 84 152 201 248 249 252 256 279 288 298 301 521 759
2722 84 249 376 506 526
2723 23 49 151 171 470 546 554 647
2724 83 248 301 478 582
2725 83 84 226 288 697
2726 83 84 248 251 252 256 263 279 288 298 301 478 487 521 698 747
2727 84 109 256 288 301 366 648 650
2728 79 83 84 85 107 123 152 201 239 251 252 254 256 279 288 298 301 356 506 518 520 521 572 604 618 631 636 641 733 753
2729 83 84 249 252 298 466 521 753
2730 83 84 123 139 201 252
2731 35 63 83 84 107 160 229 248 251 252 256 258 263 288 298 301 391 416 423 439 453 456 487 574 583 661 703 704 758
2732 256 279 298 301 316 395 520 626
2733 288 301 511
2734 83 256 288
2735 83 84 248 249 252 301
2736 83 143 252 288 301 549 638
2737 83 201 248 249 252 256 279 288 298 301 521
2738 83 84 263 301 638
2739 49 83 84 248 263 288 298 301 487 521 572
2740 83 84 109 256 298 366 369 648
2741 80 83 84 110 248 249 252 279 288 301 303 487 506 521 639
2742 62 80 83 84 107 110 248 249 252 255 256 279 288 298 301 303 487 521 631 639 707 725
2743 83 84 107 152 248 252 255 256 263 279 288 298 301 309 506 511 582 707 710 759
2744 83 84 252 639 710
2745 83 84 160 248 249 252 256 301 421 487 521 627 639
2746 83 84 115 252 301 567
2747 83 173 201 248 249 251 252 256 288 301 401 471 506 520 521 725
2748 72 84 248 249 256 298 301
2749 83 252 301 421 478 750
2750 83 84 160 256 381 633
2751 80 83 84 128 152 173 201 239 256 279 301 367 400 448 518 520 521 551
2752 83 84 89 107 152 160 201 241 251 252 298 301 303 320 345 376 391 473 478 479 506 511 520 560 604 631 633 670 690 710 725
2753 72 83 139 180 229 252 478 483 487 574
2754 83 84 230 252 256 301
2755 83 115 180 181 251 252 288 298 478 483 633
2756 83 210 249 252 256 301
2757 35 83 84 248 249 252 256 279 288 478 582 633 661 697 698 699 703 748
2758 83 84 160 173 201 234 248 249 252 279 288 537 582 759
2759 78 83 92 220 256 288 298 301 506 565
2760 84 248 249 252 298 301 325
2761 23 83 84 85 201 248 249 288 293 294 298 301 459 633 748 759
2762 83 84 301 506 633
2763 84 288 301
2764 83 288 303
2765 39 83 160 172 201 248 249 251 256 298 301 309 521 572 633
2766 83 84 252 288
2767 23 62 83 84 107 256 279 298 301 308 382 386 453 456 459 506 557 579 604
2768 23 83 84 234 252 256 301 574 633 638
2769 39 83 242 252 716
2770 83 84 92 248 301 452
2771 83 84 301 638
2772 39 83 84 249 252 298 301 309 572 716 759
2773 81 84 152 204 252 298 301 750 759
2774 84 288 301 638
2775 65 80 84 201 251 256 279 288 301 459 554
2776 23 48 80 83 84 107 110 114 152 248 249 252 256 263 279 298 301 325 345 385 428 459 520 604 633 682 710 725 753 759
2777 83 84 123 288 298 301 612 745
2778 49 83 84 160 201 248 249 251 252 256 263 265 279 288 296 298 301 309 323 325 358 367 455 506 511 520 521 549 572 599 626 670 710 725 731
2779 23 83 84 85 119 128 201 252 294 298 301 381 459 633 748 759
2780 23 83 201 248 249 252 256 293 298 301 343 381 459 633 748 759
2781 83 84 252 288
2782 9 56 77 84 107 256 298 511 520 521 592 627 710 713 759
2783 84 256 526
2784 23 80 83 152 160 178 248 249 252 279 288 301 348 367 409 410 450 459 476 520 521 559 633 759
2785 23 60 63 83 125 128 248 263 288 301 354 443 445 453 487 557 599 689
2786 83 164 240 385 531
2787 84 249 256 298 301 520 521 565
2788 78 83 84 92 220 252 256 288 298 565
2789 83 288 298 301 455 511 525 697 698 710
2790 83 84 256 303 320 511
2791 23 83 84 94 160 248 249 252 402 450 459 511 520 521 526 612 633 685 707 710 725 748
2792 49 83 84 248 263 288 298 487 521 572 749
2793 83 107 139 170 279 288 301 367 439 478 483 487 493 627
2794 489 497 710
2795 23 39 83 84 178 201 248 249 254 256 288 294 298 301 459 521 572 748
2796 39 84 160 242 248 249 251 256 298 301 309 520 521 572 633
2797 39 84 301 459 716
2798 83 84 252 301
2799 83 151 201 249 252 256 298 301 521
2800 2 83 84 301 478 639
2801 83 84 229 252 455 511 697 698 710
2802 23 83 151 470 546 554 647
2803 83 84 252 546 633 638
2804 23 84 128 201 252 256 288 294 298 301 343 381 459 521 633 748
2805 72 83 110 248 252 256 288 301 759
2806 83 151 201 256 279 288 298 301 521
2807 83 84 139 180 248 249 256 279 288 298 301 309 520
2808 62 65 80 83 84 256 279 301 459 554
2809 23 83 151 470 554 647
2810 23 65 80 83 84 279 301 554
2811 83 235 283 284 285 292 301
2812 23 62 83 84 248 256 279 298 301 459 487 614
2813 83 84 152 252 256
2814 83 84 151 201 248 256 298 301 521
2815 23 56 84 152 256 288 301 574 633 638
2816 80 84 142 160 176 178 201 251 256 279 288 298 301 367 450 459 520 521 559
2817 56 84 229 252 256 298 301 423 478
2818 83 84 201 251 252 254 256 288 298 301 303 520 521 572 633
2819 48 79 84 367
2820 83 248 249 252 279 288 301 548 551 725 747
2821 49 83 84 248 249 288 298 301 487 572 749
2822 72 83 84 139 180 229 478 483 487 574
2823 83 479 596
2824 84 256 301
2825 84 288 301 511
2826 83 84 252 551 699
2827 9 80 83 84 201 242 254 256 279 294 298 301 455 459 748
2828 84 256 506 633
2829 37 48 83 84 122 248 249 252 256 288 301 308 345 487 504 710 719
2830 83 84 256 301 303
2831 83 84 303
2832 83 301 506 633
2833 67 183 526
2834 83 84 115 248 288 706
2835 49 83 84 248 249 252 263 301 487 572 749
2836 83 107 248 249 252 256 279 288 316 395 441 506 519 546 633 759
2837 83 84 160 248 252 256 288 298 301 459 521 572 707
2838 80 83 84 201 288 301 633
2839 80 83 84 178 248 249 252 254 279 293 478 511 631 710 758
2840 151 459 470 546 554 647
2841 84 256 288
2842 23 80 83 248 249 256 279 288 298 301 325 459 526 580 604
2843 49 151 470 554 647
2844 83 84 152 160 229 248 249 256 279 288 298 301 345 354 483 487 521 572 633
2845 9 83 84 160 248 252 256 263 279 288 298 301 345 348 476 487 493 572 582 583 606 630 633 638
2846 83 84 248 249 252 301
2847 63 80 84 173 279 309 453 459 520 554 646
2848 83 84 256 288 303
2849 84 288 301 638
2850 72 83 84 249 252 256 758
2851 46 77 83 84 248 249 252 256 263 288 294 298 301 345 346 476 487 627 753
2852 83 252 256 301 391 520 572 592 601 710
2853 56 84 252 256 288 301 487 511 521 582 639
2854 83 89 123 252 263 288 298 478 511 520 548 572 576 631 690 697 698 710 723
2855 83 84 256 288
2856 49 83 84 160 247 252 268 448 459 526 607
2857 83 84 256 298 309 325 511 520 697 698 699 704
2858 83 84 128 152 160 248 249 252 256 288 298 301 348 487 511 521 583 633 710 759
2859 12 14 39 74 80 83 84 89 107 171 172 201 251 252 256 277 279 301 381 506 511 520 592 633 641 710 759
2860 46 49 77 83 84 110 152 160 168 174 201 248 249 251 252 255 279 288 298 301 303 483 520 521 759
2861 72 84 119 242 252 288 309 415 725
2862 83 84 134 288 301 338 481 633
2863 83 119 242 252 288 415 493 725
2864 83 84 249 252 269
2865 110 139 196 256 301 306 584
2866 80 83 631 713
2867 288 301 320
2868 83 84 288
2869 12 58 83 84 107 134 288 301 338 356 428 547 631
2870 84 301 426
2871 83 84 152 201 248 251 252 256 263 279 288 301 478 483 520 521 633 670 759
2872 83 229 288 298 301 309 338
2873 19 37 83 84 119 120 169 201 251 252 256 263 280 288 301 345 348 352 473 476 487 493 546 626 633 638 663 719 749 750
2874 83 84 252 256 301 338 601
2875 23 80 83 84 85 107 110 152 174 248 249 252 256 288 298 301 336 366 369 459 511 520 521 572 633 648 710 753
2876 83 248 252 256 301 526 633 635
2877 67 84 94 152 252 256 288 506 633 725
2878 69 80 83 84 248 252 279 345 459 601
2879 47 83 84 301 496 526 565 710
2880 83 84 110 123 160 173 249 252 255 256 288 298 301 309 670 710
2881 83 98 249 256 279 288 301 511
2882 288 301 352 548
2883 84 107 279 288 301 508 645
2884 49 83 84 98 201 229 248 249 256 279 301 348 478 511 710 759
2885 83 84 201 248 251 252 256 263 279 288 298 301 493 520 521 631 697 698 720
2886 84 248 249 252 256 263 279 288 298 301 345 348 487 493 521 572 626 633 670 697 759
2887 83 201 248 249 256 263 279 288 298 301 670
2888 83 119 160 229 248 252 279 288 301 478 487 493
2889 83 84 256 288
2890 59 83 84 201 251 252 279 288 293 294 298 301 309 633 759
2891 252 289 301 725
2892 83 204 301 625
2893 12 23 48 58 74 78 80 83 84 87 107 160 173 220 277 298 301 325 338 356 358 367 402 431 441 478 479 506 520 521 547 613 631 641 685
2894 83 84 252 279 288 565 601 633 654
2895 67 83 84 252 256 288 725
2896 83 84 288 315
2897 12 58 74 80 83 84 87 107 160 256 277 288 301 309 338 356 358 367 431 520 583 631 641
2898 23 83 85 152 160 249 252 256 288 301 309 459 520 521 546 572 582 748 759
2899 43 83 85 152 239 251 252 256 298 301 350 367 400 410 518 520 521 568 572 583 631 689 725
2900 84 110 153 252 254 256 288 298 301 506 521 605 670
2901 81 83 153 252 256 279 288 301 308 467
2902 83 84 248 249 252 288 301 478 483 487 707
2903 24 33 35 83 84 85 109 114 139 167 279 325 327 334 416 465 466 501 553 562 661 670 697 698 699 703 704 714
2904 83 84 196 201 248 249 251 256 279 288 298 301
2905 62 83 248 249 256 263 288 301 435 459 487
2906 83 84 252 301
2907 83 196 201 248 249 251 263 279 288 301 670
2908 84 303 315
2909 83 84 301 338 506 638
2910 84 252 296 301
2911 23 39 83 84 85 89 110 160 178 201 242 249 252 256 263 288 297 298 301 309 381 459 487 504 521 572 582 684 719
2912 81 83 84 94 220 229 288 301
2913 84 160 201 248 249 252 256 279 301 521 572
2914 84 301 303
2915 69 80 84 160 248 249 252 279 345 459 601
2916 84 698 733
2917 16 697 703
2918 83 84 710
2919 84 110 201 248 251 252 256 279 298 301 506 670
2920 83 84 107 288 298 301 560 697 698 710
2921 37 48 83 84 85 110 160 201 236 251 256 263 293 294 298 301 309 345 348 367 400 476 487 506 520 521 633
2922 83 84 119 248 256 279 288 301
2923 84 288 568
2924 83 84 114 160 252 279 298 301 335 410 439 521 572 582 670 689 697 759
2925 83 84 152 256 288 298 301 308 530 759
2926 49 83 84 107 114 160 248 249 252 279 298 301 367 450 467 511 515 521 572 710 758
2927 80 83 84 251 256 301 315 461
2928 83 256 288
2929 83 84 252 256
2930 78 83 84 248 252 256 279 288 298 520 521
2931 64 288 301
2932 80 83 110 139 252 256 298 301 478 670 759
2933 83 84 152 252 301
2934 9 84 201 248 249 252 256 263 279 301 455 642
2935 47 83 107 236 256 288 298 301 402 414 455 511 546 633 710 743
2936 83 84 201 251 256 279 367 506 520 565 631 633
2937 58 74 78 80 83 87 107 173 248 249 277 288 301 303 309 338 356 358 431 520 521 547 631 641
2938 23 62 80 83 84 160 201 248 249 251 263 279 298 367 459 467 520 521 534 583 748
2939 48 83 84 110 127 236 252 263 279 288 296 301 440 511 520 606 667 698 710
2940 83 84 288
2941 37 83 84 252 256 277 288 298 301
2942 83 84 201 227 247 249 256 303 374 402 526 572 759
2943 48 83 84 252 256 288
2944 83 84 152 201 251 252 256 298 301 723
2945 19 83 84 152 170 201 227 252 256 279 288 301 435 483 487 546
2946 83 84 123 170 201 227 252 256 263 279 288 301 345 348 478 483 487 546 572 582 690
2947 83 84 119 248 249 279 288 301 436 706 710
2948 83 110 201 248 249 252 256 288 298 301 511 688 710
2949 9 12 74 80 83 107 173 248 249 252 256 263 277 279 288 301 309 338 431 511 521 582 631 642
2950 72 83 84 136 139 229 252 280 298 301 303 487 511 686 747
2951 12 78 80 84 87 173 201 256 262 277 301 309 431 547
2952 13 84 301 303
2953 83 84 201 248 249 251 252 256 263 298 670
2954 37 84 115 248 252 256 263 288 298 301 759
2955 72 83 119 242 288 301 309 415 725
2956 12 58 84 134 288 338 506 547
2957 83 84 92 123 160 173 174 175 201 248 249 256 298 487 520 521 572
2958 84 110 301 645 654 732
2959 84 201 248 249 256 279 298 572 599 633 728 759
2960 19 37 57 84 119 201 248 249 252 256 301 345 348 476 487 521 633 759
2961 37 83 84 85 120 201 279 280 288 298 301 303 325 345 348 476 487 493 572 626 633 638 663 707 722 749 750
2962 83 84 173 174 288 296 301 455 520 521 633 654 725 748 759
2963 83 84 110 248 249 251 252 288 298 301 478 483 670
2964 46 77 80 83 84 107 155 227 248 249 254 256 288 297 298 301 345 352 476 478 479 487 572 592 633 736 753 759
2965 83 135 139 229 252 280 288 301 321 487 521 686 710 747
2966 83 84 252 301
2967 83 256 298 301 633 732 735
2968 220 301 667
2969 83 84 252 254 256 475
2970 83 84 248 279 288 298 301 389 478 487 520 521 731
2971 80 83 84 301 303 315
2972 23 83 84 256 279 301 459
2973 58 80 83 87 107 134 153 160 173 201 248 249 251 252 256 263 277 288 298 301 303 338 356 381 428 431 506 547 631 633
2974 49 83 84 256 470 753
2975 63 83 84 160 174 239 251 252 256 279 298 301 410 518 520 521 667 748
2976 83 84 252 301 402 565
2977 84 248 249 252 288 301 520 649 697 698
2978 31 83 84
2979 37 83 84 115 201 248 252 256 263 298 759
2980 83 84 152 180 248 249 252 256 263 279 288 298 301 345 487 493 521 572 697 698
2981 31 36 83 85 110 114 139 152 234 252 256 279 298 301 415 466 521 562 604 721 736 759
2982 23 83 248 249 252 315
2983 83 84 248 252 288 298 526 725
2984 83 84 256 301 441 448 511
2985 2 83 84 252 301
2986 83 84 85 152 173 174 248 279 288 296 301 455 633 654 725
2987 83 84 441 448 506 511
2988 83 84 229 252 256 279 288 338 511 759
2989 49 83 139 254 256 301 489 515 627
2990 83 84 201 248 249 252 256 279 301 339 487 511 520 710 719
2991 42 83 109 369 648 650
2992 48 201 249 288
2993 84 256 457
2994 83 109 110 369 648 650
2995 83 84 436 521 638
2996 83 84 301 338 506
2997 83 84 152 248 249 252 256 263 279 301 303 345 348 487 493 521 572 626 670 698 759
2998 23 62 83 84 248 249 252 288 298 301 435 459
2999 37 160 175 248 256 288 301 487 638 670
3000 84 152 248 249 252 256 263 279 288 301 345 487 520 521 670 697 698 759
3001 248 521 649 697 698
3002 39 83 84 85 107 123 152 196 248 249 252 255 256 263 279 288 298 301 303 323 471 473 487 520 521 530 689 725
3003 83 201 249 256 279 288 301 487 521 748
3004 37 83 84 119 201 249 252 256 263 279 298 301 346 476 487 521 606 609 633 706 707 748
3005 9 83 84 248 249 252 256 263 279 288 298 301 345 476 487 493 521 582 583 633 707
3006 84 252 256 288 565
3007 83 84 301 303
3008 84 256 301 303
3009 83 84 288 303
3010 23 27 62 74 80 83 107 173 174 178 201 251 252 256 279 294 301 367 452 459 506 521 572 615 643
3011 39 160 176 201 219 251 252 288 293 294 298 301 303 305 475 520 572 631 633 689 753
3012 83 84 123 252 256 526
3013 16 83 102 252 288 301 669 698
3014 83 84 110 122 252 263 288 301 345 487 504 638 707 719
3015 47 83 84 85 107 109 201 249 251 252 256 262 279 293 294 297 298 301 348 478 483 521 582 608 670 736 753 759
3016 39 83 84 107 152 196 248 249 252 255 256 279 288 298 301 303 471 487 520 521 530 599 633 639 689 725
3017 12 39 83 252 256 277 301 308 381 511 710
3018 33 83 84 107 229 248 249 256 279 301 428 455 506 511 520 521 548 572 633 697 698 710 725
3019 84 216 256 288 294 301 633
3020 83 84 178 201 242 248 249 251 256 288 301 487 520 557 572 633
3021 23 72 201 248 252 256 261 288 301 310 428 455 521 633 759
3022 84 234 301 620
3023 23 83 84 152 160 201 248 249 260 279 301 459 480 487 521 568 572 583 633 759
3024 84 110 173 174 178 201 202 256 301 317 381 572 712
3025 23 70 83 84 107 113 288 298 303 362 365 520 640 641 725
3026 83 84 252 256 301 339 473 605 624
3027 23 39 80 83 84 85 145 160 174 201 212 251 256 293 294 298 299 301 303 354 367 415 432 475 521 572 582 604 626 631 633 643 732 733
3028 83 84 92 107 152 201 252 279 309 456 457 521 572
3029 65 83 84 201 301 633 725
3030 9 37 83 84 160 173 201 248 249 252 256 279 288 298 301 345 348 476 487 493 511 572 582 633 638 707 759
3031 84 256 288
3032 23 83 84 201 220 256 279 298 301 520 521
3033 72 80 84 160 178 201 248 249 252 254 256 268 288 298 301 310 354 391 455 487 530 546 582 637 710 759
3034 83 94 301 633
3035 50 65 83 107 110 152 166 171 172 249 251 252 256 279 288 301 303 385 422 427 520 521 572 625 633 643 687 689 753 755 759
3036 83 84 107 110 114 119 152 160 201 248 249 251 252 256 263 279 288 298 301 303 325 345 348 487 493 511 520 521 572 583 606 631 633 638 706 707 725 759
3037 83 84 160 248 249 252 255 256 279 298 301 309 487 511 521 546 639 656 710 725
3038 83 84 252 301 574 720
3039 107 301 367
3040 23 63 80 84 94 178 201 220 249 251 256 453 454 459 521
3041 83 84 123 249 256 294 301 723
3042 83 84 107 110 113 227 288 298 301 362 365 511 599 604 758
3043 23 83 84 123 152 155 172 201 251 279 288 294 301 303 454 459 526 572 689
3044 46 83 84 202 411 541
3045 49 84 120 152 160 248 249 252 256 279 288 301 303 348 476 480 483 487 520 521 575 606 756 759
3046 83 235 282 283 284 285 292
3047 9 83 84 160 248 249 256 298 301 574 670
3048 83 84 121 201 288 301 339 367 400
3049 33 83 84 107 137 229 248 249 252 256 279 288 478 483 548 697 698 725
3050 83 107 121 201 251 256 288 301 367 400 568 633
3051 84 288 480
3052 39 62 83 84 107 110 152 174 221 254 256 279 288 293 294 298 301 308 355 358 381 396 467 581 583 604 607 608 748 759
3053 84 107 208 248 252 256 263 279 288 298 301 487 511 520 521 572 631 697 698 710
3054 83 84 256 301 387 390
3055 72 84 107 110 135 136 139 153 229 252 254 280 301 362 385 506 511 599 710 747 759
3056 83 84 160 248 249 288 300 301 511 521 610 643 710 759
3057 83 84 113 288 301 362 365 640 641 646 658
3058 83 84 123 139 201 252
3059 229 248 252 279 288 301 478 483 487
3060 83 182 288 319
3061 84 201 227 256 263 298 354 365 450 520 521 633
3062 56 65 72 78 83 256 279 301 309 402 487 591
3063 83 84 249 252 301
3064 39 80 84 256 279 288 294 301
3065 84 174 184 201 251 252 256 293 294 298 301 303 350 381 382 506 520 521 534
3066 2 84 254 301 345 411 424 633
3067 57 59 84 201 228 251 279 288 298 301 345 481
3068 80 83 107 153 222 227 254 256 294 301 362 511 710
3069 84 301 529
3070 83 84 119 248 249 252 256 288 298 301 303 325 328 345 348 352 476 478 483 487 521 572 626 633 663 725
3071 83 84 152 256 288 298 301 381 539 572 644
3072 83 84 110 128 152 174 186 248 249 256 279 288 293 294 298 520 587 615 633 758
3073 80 83 84 107 137 252 289 298 301 305 455 548 697 698
3074 83 84 252 256 288
3075 84 248 256 298 301 511 710
3076 83 84 249 301
3077 84 107 110 111 116 288 296 301 371 397 506
3078 84 92 93 107 152 166 173 201 247 249 252 254 255 256 279 298 301 303 309 329 367 387 390 392 399 489 506 520 521 572 583 620 633 759
3079 83 84 107 201 251 252 256 262 298 301 520 521 572
3080 37 49 62 63 74 76 83 84 99 112 152 160 183 239 252 256 288 298 299 303 381 422 428 478 511 518 574 581 582 632 663 710 733
3081 80 84 301 579
3082 47 83 107 289 298 301 402 407 455 511 546 710 743
3083 83 288 353
3084 83 84 249 288
3085 83 84 201 252 256 303
3086 84 107 367
3087 37 83 84 256 263 288 301 487 504 707 719 749
3088 83 84 252 254 391
3089 83 84 288
3090 23 84 85 94 151 168 201 252 256 279 288 298 301 309 313 459 471 521 572 590 756
3091 33 84 106 107 248 252 288 298 301 354 487 511 549 670 698 710 759
3092 83 84 252 301 380 423 707 727
3093 83 107 288 391 490 511 710
3094 47 48 51 56 84 107 112 152 160 201 227 251 252 256 279 288 298 301 303 325 385 471 511 520 560 572 618 631 710 725
3095 83 84 107 249 256 288 301
3096 72 83 84 180 181 242 252 301 459 478
3097 68 83 84 301
3098 80 83 152 252 297 308 511 550 592 690 753
3099 83 84 152 183 236 252 256 288 301 383 684
3100 84 139 153 201 252 256 288 301 725 759
3101 82 424 677 678
3102 80 83 296 298 301 325 385 520 521 572 710
3103 9 80 83 201 248 249 252 256 279 298 301 308 521 564 572
3104 72 84 110 227 252 303
3105 83 84 288 424
3106 83 84 288 298 299 521 526 569 759
3107 84 152 234 301
3108 83 84 252 276 288 289 296 301 506 539 626 725 728 753
3109 83 84 248 288 301 631 633
3110 83 84 252 301
3111 78 83 84 94 107 160 178 201 228 251 252 254 256 294 298 323 367 381 390 391 455 467 506 511 520 521 572 583 599 626 631 654 710 759
3112 83 84 109 193 288 648 650 666
3113 23 84 221 254 296 298 385 413 432 459 520 521 572 604 620 725 743
3114 83 84 252 301 361 422
3115 83 84 256 511
3116 84 128 258 301 631 710 759
3117 72 83 84 92 712 757
3118 72 83 84 123 201 251 298 521 666 712
3119 23 80 83 173 256 279 288 298 301 459 520 559
3120 2 84 294 297 298 381 432 475 713
3121 83 84 196 252 530
3122 83 84 252 256 301 391 690
3123 83 254 256 289 296 301 305 387 390 759
3124 80 83 84 201 251 256 301 356 478 521 546 759
3125 23 83 84 152 160 225 252 279 288 294 298 301 325 367 381 382 459 506
3126 83 201 249 252 256 362 478
3127 83 84 173 201 251 294 298 367 521 572
3128 83 84 139 152 180 201 251 252 256 263 288 301 483 506 520 521 572 633
3129 80 83 252 301 430
3130 83 84 301 365
3131 84 288 301
3132 23 84 107 252 256 293 298 301 459 516 520 521 599 631 689 725
3133 84 107 324 631
3134 80 84 99 107 279 294 298 301 367 391 660 758
3135 19 83 107 110 288 301 369 626 650
3136 83 84 110 152 201 248 249 252 256 301 526 759
3137 83 84 160 201 226 251 256 298 301 520 572 583 686
3138 72 83 185 196 288 298 301 759
3139 84 248 251 252 256 263 279 288 298 301 415 430 487 493 520 521 572 759
3140 42 84 107 201 248 249 251 252 256 279 288 298 301 339 487 506 511 520 521 572 706 707
3141 62 84 153 201 227 251 467 490 559 591
3142 83 171 172 249 252 288 301
3143 83 84 249 252 301
3144 252 263 288 301
3145 84 256 379 526
3146 83 84 303 490
3147 84 89 107 160 201 251 301 367 506 746 753
3148 84 256 301 303
3149 83 256 288
3150 37 48 80 83 107 152 248 249 252 255 256 279 288 298 301 345 348 432 487 583 633 638 670 759
3151 49 62 80 83 84 110 119 152 229 248 249 252 254 256 279 288 298 301 367 391 493 506 511 520 521 572 582 633 670 674 710 725 731
3152 288 301 319
3153 84 107 109 110 196 221 289 301 305 385 608 620 689
3154 83 84 178 293 294
3155 74 84 107 110 152 187 188 201 251 252 256 263 279 288 298 301 303 309 391 478 479 520 521 572 583 633 731 756
3156 42 83 84 107 201 256 279 289 305 478 506 530 546
3157 16 25 83 84 256 301 459 467 503 759
3158 83 85 212 478
3159 12 74 80 83 84 107 160 173 256 268 277 279 294 309 431 521 572 631 749
3160 62 83 84 256 325
3161 83 84 256 288 301 478 697 698
3162 5 83 84 85 256 279 288 298 301 320 428 572 631 638
3163 84 152 160 196 201 249 251 252 256 298 300 301 410 521 583 659 689 756 759
3164 80 84 201 202 248 249 252 254 256 279 478 492 551 568 572 599
3165 84 201 256 279 725
3166 75 83 84 94 160 201 251 254 256 277 279 293 298 367 391 506 521 572 631 633 725 759
3167 80 83 84 256 288 301 521 572 759
3168 83 84 152 252 301 367
3169 36 38 84 107 110 252 254 298 301 355 367 381 521
3170 36 38 83 84 107 110 248 252 254 298 367 381 521 604
3171 217 235 282 283 284 285 292
3172 38 39 80 83 84 107 152 254 256 293 294 298 367 520 521 626
3173 37 38 39 83 110 252 254 294 296 298 301 355 385 604
3174 83 107 152 160 171 172 201 236 251 252 256 288 298 301 354 381 382 391 400 448 506 521 546 568 572 626 631 633 759
3175 83 252 263 288 298 301 339 406 506 520 626 631 633 725 728
3176 83 84 145 160 173 248 249 252 279 288 293 298 301 459
3177 51 103 107 128 208 288 296 298 301 375 520 525 623 719 725 749 753
3178 84 263 301 663
3179 83 84 85 173 174 178 201 251 252 256 279 288 301 336 367 391 414 450 506 526 658 743
3180 72 83 289 305
3181 83 84 107 152 201 256 298 301 475 520 572 756
3182 30 76 80 83 84 109 152 160 173 202 252 279 301 309 366 369 417 470 478 511 520 521 541 572 582 604 633 645 648 710 725 733 759
3183 83 84 152 160 248 249 251 252 254 256 263 288 301 348 358 487 520 521 572 582 583 633 636 759
3184 23 54 55 80 83 107 146 154 160 201 256 269 288 298 301 309 459 526 541 545 723 759
3185 51 74 78 83 84 107 109 123 139 152 160 201 202 207 252 256 279 288 300 301 367 373 391 400 466 520 521 568 572 626 645 759
3186 83 84 288 289 296 301 305 414 511 710 743
3187 107 256 301 633 757
3188 5 9 55 84 92 117 128 173 252 256 262 301 354 415 546 572 753
3189 23 83 84 107 201 202 252 279 298 300 301 459 521 759
3190 9 46 49 83 84 160 201 251 298 301 316 395 520 521 572 633
3191 48 83 84 111 256 288 301
3192 83 84 93 201 251 256 298 301 422 506 520 521 572 600 633 676 725
3193 77 83 300 301 441 631
3194 62 83 84 252 256 558
3195 39 80 83 84 92 160 201 252 256 288 300 301 511 568 572 626 631 633 710 759
3196 9 33 39 83 84 160 201 256 298 521 572 670
3197 51 56 83 107 113 160 208 248 249 273 298 301 345 348 375 476 478 480 487 521 526 572 604 623 626 633 721 725 749
3198 83 152 160 174 201 236 252 256 301 349 350 381 521 572 583 604 633 756 757
3199 23 83 84 93 152 168 171 172 174 201 248 249 251 256 258 279 298 301 459 520 521 572 759
3200 83 84 152 154 248 252 256 298 412 541 581
3201 23 83 84 160 202 279 294 301 459 572 748 759
3202 39 56 83 128 171 172 201 217 252 256 279 288 298 301 520 521 572 631 633 689 725 759
3203 9 39 46 77 83 107 152 155 196 201 248 249 251 252 256 301 367 475 520 572 631 633 636 643
3204 23 48 78 80 83 84 86 152 160 173 201 202 220 252 254 256 298 409 410 452 459 506 521 572 633 689 733 759
3205 83 84 123 152 154 160 201 202 251 254 256 268 279 293 298 301 309 358 359 381 410 520 521 541 572 604 689 731 759
3206 84 107 160 251 254 256 301 367 511 520 521 575 604 633 710
3207 49 62 80 84 107 123 152 160 201 248 249 251 252 256 279 288 298 301 309 376 381 410 448 506 520 521 539 601 604 633 733
3208 51 56 84 103 107 128 160 208 248 249 273 298 301 348 375 476 478 480 487 520 521 526 604 623 626 633 721 725 749
3209 51 80 83 107 110 132 152 203 256 279 298 301 492 583 731 759
3210 78 83 84 110 201 202 252 256 278 279 301 325 506 520 521 572 583 633 725 759
3211 83 84 107 110 251 256 293 294 298 301 322 367 521 545 620 633 725 757 759
3212 83 201 251 256 279 298 301 422 506 572 753
3213 9 83 252 256 279 288 298 301 521 613 725 753
3214 9 74 84 152 160 201 251 252 256 279 298 301 309 358 367 520 521 572 583 633 725 756 759
3215 83 252 301 633
3216 83 84 152 252 296 301 314
3217 51 83 84 128 256 273 298 301 345 521 525
3218 46 80 84 123 167 256 300 301 308 381 604 631 746 759
3219 47 51 61 84 172 201 279 293 294 298 301 308 503 521 572 759
3220 83 84 256 279 301 521
3221 45 49 84 126 152 160 201 202 252 256 298 300 301 411 521 572 580
3222 51 83 84 128 160 208 273 288 301 345 487 521
3223 83 84 252 256 685
3224 84 201 256 633 753 759
3225 64 83 86 107 155 201 256 301 450 484 521
3226 83 84 155 160 201 252 256 294 301 367 521 545 753 759
3227 84 152 154 201 249 252 256 301 412 541 581
3228 30 83 84 152 160 241 251 252 256 279 288 301 356 358 367 381 382 435 475 520 521 541 583 612 631 643 689 756
3229 9 83 84 201 248 251 252 256 298 301
3230 84 123 252 256 288 301 466
3231 9 84 140 240 252 256 301 308 546
3232 84 201 252 256 298 301 753 759
3233 83 84 152 154 201 249 252 298 412 541 581
3234 84 152 252 256 279 298 301 309 511 572 633 759
3235 36 64 78 83 84 86 92 94 152 160 173 201 251 252 254 256 262 279 298 385 391 410 506 520 521 572 583 633 759
3236 83 84 107 201 251 256 279 298 309 520 521 572 666
3237 83 84 256 288 298 418 582
3238 83 84 107 201 251 252 256 298 301 367 521 633 759
3239 46 77 89 110 123 252 256 279 298 301 421 511 520 521 546 572 670 710 759
3240 83 84 107 152 160 201 248 249 251 256 293 294 298 301 506 519 520 572 676
3241 193 301 350 712
3242 83 84 123 274 298 301 339 520 572 652 728
3243 0 9 83 152 252 256 301
3244 25 84 126 160 201 252 256 298 637 759
3245 9 84 124 201 256 279 298 521 599
3246 74 252 256 279 298 301 503 521 561 572 631
3247 83 84 160 252
3248 83 252 256 288 301 337 467 521 526 759
3249 83 84 93 173 174 256 298 301 354 572 757
3250 84 248 249 251 252 256 279 288 298 301 521 572 689 723
3251 83 160 173 248 249 256 288 298 301 460 521 633 687
3252 83 201 241 246 298 301 631
3253 0 83 84 254 308 411
3254 83 248 252 256 279 288 503 521 572 604 633 689 723 759
3255 193 422 544
3256 83 84 152 252 256 301 422 520 521 753
3257 83 84 251 256 298 301 633 725
3258 84 152 201 251 252 256 298 301 506 520 521
3259 9 83 84 107 124 160 173 189 201 251 252 254 256 521
3260 107 288 301
3261 83 84 301 371 506
3262 83 84 107 160 201 251 252 256 288 298 301 358 367 396 474 520 521 546 572 583 607 608 613 631 633
3263 83 84 92 146 160 255 256 279 298 301 521 572 647 739 753
3264 23 49 83 84 86 87 107 123 152 160 173 174 201 251 252 256 263 279 298 301 309 367 381 399 400 410 459 520 521 568 572 608 731 733 753 759
3265 83 203 252 254 256 288 497 589 631
3266 9 49 83 84 86 107 151 152 201 251 252 279 298 299 301 367 422 506 521 546 626 631 759
3267 25 80 83 84 89 107 110 152 201 251 252 256 300 309 313 367 382 511 520 521 572 620 631 633 733 759
3268 83 84 171 201 256 298 520 521 568 572 759
3269 83 84 139 172 252 310 511 661 670 697 698 710 714 759
3270 84 99 107 110 152 173 178 201 244 251 254 256 279 298 301 506 521 615 631 633 666 759
3271 47 83 84 252 256 298 400 568
3272 50 543 561
3273 201 235 282 283 284 285 292 301
3274 80 83 84 301
3275 23 84 139 151 160 173 178 252 254 256 278 459 503 521 568 572 583 670 712
3276 83 84 152 248 249 254 298 351 503 521 572 583 604 626 633 670 712 735 759
3277 9 83 84 152 160 201 256 279 301 347 374 526 572 583 748 759
3278 83 160 174 298 301 354 561 572 631
3279 83 288 312
3280 14 83 107 160 234 256 268 293 294 297 301 308 367 370 410 520 521 572 583 592 626 633 753 759
3281 39 46 77 83 84 124 152 155 201 249 251 252 256 300 301 303 394 466 521 572 583 626 633 712
3282 84 201 256 279 298 301 539 572 748 759
3283 0 9 84 201 252 256 298 301 478 759
3284 75 83 84 252 256
3285 48 74 78 83 84 89 107 152 155 160 173 201 252 256 288 300 301 325 356 391 520 521 572 626 631 633 756 757
3286 76 83 84 152 160 174 201 207 251 252 256 279 301 399 422 478 503 520 521 572 582 759
3287 84 256 301
3288 83 84 165 172 201 252 279 298 301 309 381 495 521 526 572
3289 30 56 83 84 141 153 154 160 201 207 251 252 256 279 298 301 309 316 358 367 381 395 450 451 520 521 526 572 583 631 633 689 759
3290 80 107 110 111 152 154 201 252 254 279 297 298 301 308 503 520 521 572 592 687 690 725
3291 83 84 152 288 301 355 367 422 670
3292 0 9 83 84 107 160 201 251 252 256 279 298 367 449 520 521 572
3293 83 84 120 169 273 288 298 301 422 495 521 707 728 749
3294 39 80 83 123 256 298 301 546
3295 83 84 256
3296 36 83 84 107 152 201 251 252 256 299 301 391 474 506 607 670 710 725 755
3297 83 85 174 177 221 256 279 288 293 294 300 301 503 608
3298 83 84 107 160 201 279 298 322 520 521 572
3299 80 84 107 160 201 248 256 294 298 301 309 520 521 572
3300 84 301 581
3301 83 84 107 201 251 252 256 279 298 358 367 521 572 583 631 756 759
3302 33 83 84 107 137 152 160 251 252 256 261 263 269 298 309 358 367 506 521 583 663 670
3303 83 84 201 251 256 298 301 306 521 759
3304 78 83 252 279 298 301 354 511 572 687 759
3305 80 83 108 422 543 589
3306 63 83 152 173 196 202 252 256 258 279 299 301 307 335 400 424 521 541 572 582 615 689 725 759
3307 14 83 84 152 201 251 252 256 288 296 298 484 582 725 759
3308 23 74 83 84 201 248 256 298 300 301 354 521 604 757
3309 83 84 107 201 242 248 249 256 288 301 338 580 759
3310 23 30 63 75 80 83 84 92 94 140 173 252 256 279 293 338 391 448 452 455 459 460 506 520 521 633 647 654 725 732 759
3311 83 84 288 298 301 569 725 759
3312 0 9 84 152 201 252 288 301
3313 83 153 173 202 256 267 301 309 355 572 620 631 633 756 759
3314 83 110 123 173 201 248 249 256 263 279 288 293 294 298 301 381 487 521 557 759
3315 47 83 84 152 201 256 288 475 568 759
3316 83 107 152 154 160 201 248 249 252 254 256 288 301 381 387 390 459 487 503 521 631
3317 62 83 89 107 128 148 152 160 173 201 250 251 252 254 256 279 289 293 294 298 301 305 354 415 437 506 511 520 572 601 631 633 710 753 757
3318 23 84 160 173 252 256 279 301 343 442 478 511 710
3319 38 46 83 84 201 251 252 256 279 449 503 520 521
3320 83 84 252 256 295 301 526
3321 51 84 174 242 252 268 301 435 475
3322 33 34 36 83 84 86 146 152 160 202 252 256 265 298 301 309 377 410 520 523 572 602 661 669 670 703 714 736 759
3323 84 248 249 256 298 503 572
3324 83 84 107 110 152 153 201 251 252 256 296 298 301 314 386 506 572
3325 84 160 173 201 252 254 256 298 309 454 459 521 572 759
3326 32 33 34 36 84 93 114 301 416 435 661 704 714 740
3327 83 119 288 296 301 339 345 593 638 725
3328 83 84 145 160 173 252 256 279 301 435 484 581 725
3329 35 83 202 279 298 301 416 421 477 521 661 697 698 703 704 714 759
3330 46 49 83 84 160 252 256 298 381 541 643 759
3331 83 84 252 301 633
3332 9 23 80 83 84 93 152 160 174 183 201 251 252 256 268 288 293 294 298 309 381 421 448 459 503 506 511 520 521 539 546 572 626 631 633 710
3333 0 9 83 86 201 256 298 347 511 521 537 572 710 759
3334 46 77 83 84 152 160 173 174 201 251 254 256 293 294 298 301 381 382 396 399 422 435 474 521 572 580 583 607 608 759
3335 83 173 252 298 301 451 455 475 521 526 572 756
3336 83 84 631 632 717
3337 83 84 252 301 630 633
3338 9 46 77 80 83 84 107 160 165 201 248 249 252 256 288 298 301 345 348 521 572 607 608 609 759
3339 51 83 84 107 152 178 201 251 252 256 288 301 355 358 367 381 492 506 520 521 572 583 604 712
3340 83 84 107 152 160 201 202 248 251 252 256 268 298 301 316 367 395 411 521 572 583 614 635 743
3341 83 84 109 252 256 279 301 650 759
3342 83 160 201 251 252 256 279 293 294 298 367 520 521 572 759
3343 46 77 83 84 173 201 256 298 301 396 521 546 582 583 590 607 759
3344 83 84 152 248 249 256 301 412 541 581 643
3345 23 74 83 201 248 252 256 298 300 301 455 690 757 759
3346 48 83 84 87 107 123 134 152 252 288 298 300 301 305 325 428 431 511 547 631 710
3347 33 83 117 137 168 173 201 251 252 256 269 279 288 298 301 583 752 759
3348 83 84 107 117 137 152 160 201 251 252 256 269 279 293 294 298 367 430 506 546 670 759
3349 23 47 84 110 111 160 201 248 249 252 256 279 298 572 633 759
3350 83 84 123 160 252 256 279 301 308 520 521 631 633 686 753
3351 126 201 248 249 252 279 298 301 631 632 687
3352 83 84 201 252 256 455 759
3353 83 249 301 664
3354 24 33 83 84 113 123 202 248 256 258 279 298 301 303 335 564 572 604 637 689 694
3355 256 298 301 520 572 633 725
3356 83 84 173 248 256 288 459 526 571
3357 78 83 84 173 249 288 301 526 571 638
3358 84 288 301 511
3359 83 84 107 152 160 201 248 249 251 252 279 288 298 300 301 348 478 479 487 520 572 631 633 689 690 710
3360 33 48 62 83 84 85 137 252 254 288 301 391 476 479 663 670 684 689 759
3361 33 48 62 137 391 478 479 521 670 684
3362 23 51 80 83 84 87 119 201 208 248 249 251 252 256 263 279 298 301 325 348 422 459 473 476 478 480 483 487 520 521 546 556 572 606 626 631 633 689 706 707 749 759
3363 9 83 84 201 251 252 256 279 298 301 475 520 521 572 583 626 689 712 759
3364 23 83 173 248 252 256 301 526 571
3365 83 84 269 301 372
3366 83 84 107 189 201 254 256 293 294 298 301 367 369 381 466 489 499 500 650
3367 9 24 31 48 83 84 110 168 171 172 252 256 288 298 303 307 354 521 562 572 670 689 759
3368 62 84 109 110 132 146 160 249 256 288 294 298 301 323 335 355 366 369 384 511 520 521 541 549 551 552 560 648 670 688 690 697 698 700 701 702 710 745
3369 78 83 173 249 256 288 301 526 571
3370 80 83 84 152 201 248 249 252 256 301 349 350 381 460 583 759
3371 80 83 84 459
3372 17 83 84 119 173 248 249 251 256 273 298 301 318 345 348 419 521 572 599 633 728
3373 83 84 201 248 249 251 256 279 293 294 301 309 367 487 520 521 572 583
3374 9 83 107 132 201 248 252 256 263 301 487 521 690
3375 22 83 84 152 256 301 564
3376 84 301 303 381
3377 83 201 251 256 288 298 301 415 455 520 521 582 624
3378 80 84 107 151 152 173 201 247 249 256 262 279 301 309 459 716 759
3379 62 84 139 256 301 376 569
3380 63 80 83 84 107 123 155 160 166 201 248 249 251 252 256 263 279 298 299 301 303 309 338 367 456 487 493 521 572 626 658 723 733 749 750 759
3381 83 84 252 301 303
3382 49 83 84 107 160 252 262 294 298 301 308 391 432 521 572 631
3383 78 83 84 173 248 256 301 526 571
3384 83 84 249 256 301 391
3385 31 36 62 83 84 109 110 132 146 256 288 298 301 323 335 354 355 366 369 384 385 521 541 549 551 552 560 562 648 650 670 688 690 697 698 700 702 710 745
3386 83 84 249 279 298 301 454 459 521 526 572 633
3387 83 84 225 256 301 391 638
3388 84 239 294 459 489 537
3389 83 84 152 173 201 248 249 251 252 256 288 298 301 303 725
3390 83 84 107 123 152 160 201 251 252 256 298 301 459 511 568 723
3391 10 11 84 152 252 526 631
3392 83 84 107 201 248 249 251 256 279 301 521 622 631 633
3393 5 42 83 84 631 673
3394 84 120 249 256 301 339 379 663 728
3395 23 52 60 63 83 84 128 288 354 443 445 453 487 557 572 599 631 689
3396 56 80 84 128 152 160 173 248 249 252 256 263 273 277 279 298 301 303 310 328 345 346 348 357 460 463 478 480 487 572 575 606 631 633 663 759
3397 84 173 273 279 298 301 339 391 521 539 572 652
3398 84 110 252 273 298 301 495 539 572 689 722 756
3399 83 84 256 301
3400 9 36 83 114 152 249 252 254 256 301 307 334 385 499 520 521 583 602 631 670 725 736 759
3401 83 84 252 288 303
3402 31 36 83 84 109 110 132 146 288 298 301 323 335 354 355 366 369 385 421 511 520 521 541 549 551 552 560 562 648 650 690 697 698 700 701 702 703 710 745
3403 83 217 235 282 283 284 285 292
3404 83 234 248 252 298 301 381 487 521 759
3405 83 84 152 193 194 201 252 254 256 301 330
3406 37 83 108 119 122 169 204 256 263 288 301 487 493 504 526 719 749
3407 49 83 123 173 273 279 288 301 339 391 415 455 478 495 521 568 572 582 653 654 661 663 720
3408 78 84 248 252 256 288 459 526 571
3409 65 83 84 152 252 339 539
3410 31 62 83 84 109 132 146 256 288 298 301 335 354 355 366 369 384 421 511 520 521 541 549 551 560 562 648 650 670 688 690 697 698 700 701 702 703 710 745
3411 39 83 84 252 255 279 298 301 478 521 523 639 670 689 725 731
3412 39 46 77 83 84 107 110 114 123 160 165 234 256 263 279 288 298 301 308 546 568 582 583 604 759
3413 54 84 256
3414 39 83 84 107 248 249 252 256 294 301 487 560
3415 83 84 114 279 298 301 354 410 521 560 759
3416 83 84 254 256 273 301 318 352 511 520 521 560 572 710 759
3417 2 31 83 84 114 123 252 296 670 759
3418 51 80 83 84 121 123 160 201 248 249 251 252 256 263 273 279 288 298 301 303 345 348 381 459 476 478 483 487 521 539 541 572 583 604 606 631 633 659 733 748
3419 23 83 84 93 201 256 298 454 459
3420 83 84 85 152 155 242 248 249 256 288 298 301 367 435 521 753 759
3421 24 84 160 173 201 256 279 301 309 430 432 572 582 604 748
3422 39 83 84 93 119 145 152 201 248 251 252 279 298 301 303 346 348 410 487 521 572 581 583 604 606 609 759
3423 83 84 252 256 288 301 391 397 556 573 585 604 617 759
3424 84 101 252 288 352
3425 80 201 256 288 301 308 374 436 521
3426 65 83 84 107 152 288 298 301 511 520 604 631 633 710 745
3427 23 48 80 83 110 201 251 252 256 288 297 298 301 409 410 459 478 520 521 546 572 579 592 604 633 690 753
3428 36 62 83 84 109 110 132 256 298 301 323 335 354 366 369 384 385 511 520 541 549 551 552 560 562 648 650 670 688 690 697 698 700 701 702 703 710 745
3429 62 83 84 110 132 146 160 248 256 288 294 298 323 335 354 355 366 384 511 520 521 541 549 551 552 560 562 648 650 670 688 690 697 698 701 702 710 745
3430 23 80 83 110 160 201 251 252 256 288 296 297 298 301 309 410 422 459 478 520 521 546 572 579 583 592 604 626 633 690 753
3431 23 83 173 249 252 288 301 526 571
3432 83 84 201 248 301
3433 83 84 85 110 123 128 160 171 201 248 249 252 256 263 277 288 298 301 345 381 450 476 521 572 631 723 756 759
3434 83 84 108 252 301 303
3435 288 301 303
3436 83 84 152 201 251 256 298 301 521 572 759
3437 24 83 84 256 298 301 511 520 521 582 697 698 710 759
3438 83 84 107 160 174 201 252 256 298 308 309 439 545 572 583 689 703
3439 62 83 84 107 256 298 301 391 520 521 541 572 633
3440 23 48 55 80 83 84 110 201 248 249 251 252 256 288 298 301 303 325 345 348 459 506 520 521 572 615 633 759
3441 83 139 256
3442 83 84 248 249 252 256 279 301 568
3443 9 33 83 114 146 152 160 165 174 201 251 252 256 279 288 298 301 303 316 335 395 439 511 520 521 572 604 633 670 689 725 759
3444 15 80 83 194 330
3445 31 33 83 84 89 113 123 160 248 249 252 255 288 301 310 604 670 689 736 756 757 759
3446 206 441 457 470
3447 83 85 92 146 160 252 255 256 279 301 309 478 572 647 739 753
3448 33 83 84 160 279 301 309 521 670 687 690 744 752
3449 83 84 256 301 633 670
3450 24 31 33 36 62 80 83 84 99 139 149 196 201 279 301 303 423 553 583 602 631 670 703 705 736 759
3451 9 49 62 160 173 201 252 256 279 309 572
3452 254 308 489
3453 83 84 269 301 372
3454 83 201 248 249 252 256 288 301 376 670
3455 83 96 145 160 173 201 234 241 251 252 256 279 301 533 572 583 696
3456 80 83 248 249 256 309 455 521 545 572 759
3457 81 83 84 256 263 279 288 301 309 386 459 489
3458 84 155 160 201 248 252 256 298 301 521 583 604 631 756
3459 33 83 84 196 252 256 262 279 298 301 309 335 438 520 521 572 637 661 670 689 748 759
3460 84 94 252 256 279 298 301 427 445
3461 80 84 301 459
3462 84 85 160 248 256 279 301 335 521 572
3463 84 110 248 249 252 256 279 288 298 348 350 478 483 487 520 521 572 604 649 663 687
3464 9 83 84 107 110 123 160 201 248 249 252 256 345 511 582 583 584 604 607 633 759
3465 83 84 154 155 201 248 249 298 301 357 572 604 643
3466 6 23 84 236 248 252 256 288 301 310 348 459 487 521 572
3467 84 288 301
3468 83 84 288 301 325 367 633
3469 57 83 248 256 298 301 391
3470 83 84 201 248 252 256 296 298 301 428 572 632 633
3471 83 84 252 279 307
3472 83 84 242 248 301 459 582
3473 83 84 256
3474 9 48 83 85 107 152 160 174 201 251 252 256 298 301 303 325 367 391 400 455 506 521 526 568 572 583 633 759
3475 83 84 301 303
3476 301 544 558
3477 80 83 84 201 248 256 296 301 725 759
3478 81 83 256 279 288 298 301 759
3479 83 84 288
3480 83 173 248 249 252 256 301 338 521 710 759
3481 83 84 160 172 256 288 301 415 455
3482 25 83 84 107 128 171 172 173 256 258 279 298 301 303 309 325 520 541 633
3483 84 107 160 196 248 249 252 256 298 303 381 466 601 689 748
3484 83 84 119 296 301 339 345 593 638 719
3485 9 80 83 84 119 152 160 187 188 201 226 248 249 251 252 254 256 263 273 279 288 298 301 303 345 367 407 413 434 476 478 487 520 521 539 572 583 606 638 743 753
3486 17 21 83 84 110 256 263 298 301 478 480 520 521 526 573 633 653 663 725 728
3487 83 84 119 201 252 256 301 478 487 521 572
3488 83 301 303 632 667
3489 83 84 256 279 288 301 511 710
3490 39 83 99 107 152 155 201 249 251 252 256 279 298 301 310 391 410 427 450 506 511 520 521 526 546 572 604 631 632 633 689 710 721
3491 23 51 80 83 84 121 123 154 155 160 201 248 249 251 252 256 263 273 279 288 298 301 303 325 345 348 381 476 478 483 487 521 546 572 583 604 606 631 633 659
3492 33 36 83 84 147 160 201 252 256 265 279 298 299 301 303 309 335 503 506 520 521 535 546 572 670 748 759
3493 84 288 301
3494 39 56 80 83 84 110 128 152 160 173 201 248 249 252 256 263 273 298 303 310 324 328 345 346 348 357 460 463 480 487 572 575 606 633 663 759
3495 83 84 170 248 249 252 256 288 298 301 478 483 487 725
3496 62 161 252 256 279 298 521 697 698
3497 62 83 84 109 110 132 146 160 248 249 256 288 294 301 323 335 354 355 366 369 384 511 520 521 541 551 552 560 562 650 670 688 697 700 701 702 710 745
3498 80 83 84 160 173 256 298 301 725
3499 83 84 110 119 201 249 252 288 298 301 487 663
3500 83 84 119 122 263 288 298 301 487 493 504 707 719 749
3501 9 36 83 114 248 249 256 293 294 298 301 334 385 499 520 521 583 670 725 759
3502 10 13 84 252 301 526 631
3503 83 152 243 288 303
3504 27 83 174 248 249 254 256 298 300 301 309 355 358 572 627 689 756
3505 23 83 84 234 242 248 256 301 309 455 545
3506 9 34 83 84 201 225 248 249 251 252 255 256 263 279 288 298 301 347 358 374 511 520 572 583 631 633 670 689 703 710 714 759
3507 84 146 160 252 256 279 288 298 301 439 521 572 670
3508 23 33 80 83 84 92 123 174 252 255 279 288 298 301 361 391 435 459 546 549 568 627 670 675 748
3509 36 83 107 279 298 299 354 416 477 478 521 661 697 699 704
3510 49 83 84 107 110 155 201 211 248 249 251 252 256 263 288 298 303 348 367 487 520 521 572 606 633 689 723
3511 83 256 288
3512 83 84 126 152 155 160 248 249 252 256 263 298 301 345 487 521 572 583 601 631 689 759
3513 23 84 248 249 252 256 288 298 301 305 451 454 506 520 521 526 572 633
3514 84 301 451 506 710
3515 83 84 201 248 256
3516 83 84 136 201 256 279 301 345 473 476 478 483 487 572 626 633 638 663 719 749 750 759
3517 83 84 89 119 171 263 288 301 487 493 504 707 719 725 749
3518 83 84 119 120 136 160 201 248 249 252 256 280 301 345 473 476 487 493 638 663 706 750
3519 62 83 84 109 110 146 160 248 249 256 298 301 323 354 355 366 369 384 511 520 521 541 549 551 552 562 648 650 670 688 690 697 698 700 701 702 710 745
3520 39 83 256 279 298 301 459 521
3521 33 80 83 174 248 252 256 279 298 301 335 381 511 583 607 608 710 725 758 759
3522 301 467 690
3523 83 201 235 282 283 284 285 292
3524 83 84 247 248 256 298 300 301 303 520 526 546 633 753
3525 72 83 110 123 201 251 252 256 288 298 301 335 377 521 604 689 697 698 712
3526 63 83 84 251 256 288 296 298 335 424 453 456 511 572 631 633 663 753
3527 83 84 248 249 252 256 288 301 478 480 487 633 725
3528 83 90 94 301 478 506 526
3529 83 84 132 152 252 256 301 386 520 521 759
3530 83 84 201 248 249 251 252 256 301 520 582 631 633 749 759
3531 37 51 83 119 169 288 301 391 487 504 506 511 520 573 626 631 652 707 710 719
3532 83 84 107 110 148 173 174 201 217 249 251 256 279 294 298 301 309 410 505 520 521 572 583 631 725
3533 83 84 256 301 638
3534 81 82 83 208 256 288 301 520 521 525 633 677 678 725 749
3535 23 52 60 63 83 125 128 248 263 288 301 354 443 453 557 599 631 689
3536 83 288 319
3537 37 56 83 84 160 173 201 248 249 252 256 298 301 478 480 572 583 606 609 759
3538 23 62 80 83 84 85 160 203 249 256 298 301 309 336 381 455 459 633 725
3539 83 95 288 303 706
3540 23 52 60 63 83 125 128 248 288 301 354 445 453 487 557 572 599 689
3541 108 301 330 558 625
3542 83 84 128 298 301 344 511 526
3543 83 84 256 288 298 301 706 707
3544 83 84 256 633
3545 83 84 152 248 301 526 753
3546 83 84 152 256 526 725
3547 15 80 83 193 194 254 288 309 330 400 422 543 759
3548 83 160 201 234 256 279 298 301 459 521 535 546 572
3549 84 248 252 256 288 298 301 753
3550 83 84 256 615 710
3551 49 62 83 84 173 201 251 252 256 288 301 459 520 521 572 582 633 759
3552 49 84 256
3553 83 84 107 152 201 247 248 249 251 252 256 268 288 298 301 309 345 348 356 367 511 520 521 572 583 626 633 638 725
3554 39 83 84 201 251 279 298 322 520 572 631 633 689 753 759
3555 54 83 84 249 256 279 288 725
3556 83 84 256 301
3557 83 84 201 251 252 256 288 298 471 521
3558 62 83 84 119 120 136 152 160 169 251 252 256 280 301 345 348 352 473 476 487 493 511 520 521 572 582 626 633 638 706 707 710 719 749 750 759
3559 83 252 256 298 301 521 633 759
3560 80 83 84 201 248 249 279 298 301 306 520 521 526 572 583
3561 9 23 46 51 64 77 84 107 124 152 189 201 251 252 254 256 277 293 294 298 301 367 487 520 521 572 583 604 626 725
3562 83 110 209 248 256 301
3563 84 301 303 633
3564 80 83 108 296 544 558
3565 83 84 252 256
3566 65 83 84 107 110 152 166 171 172 227 248 249 251 256 279 288 301 303 385 422 427 520 521 572 619 633 643 687 689 753 755 759
3567 83 152 252 301
3568 23 84 85 151 168 201 252 256 279 298 301 459 471 576 756
3569 252 288 301 706
3570 19 48 83 89 107 121 152 156 173 201 249 251 252 288 293 301 345 348 374 381 391 520 521 546 583 626 633 753 759
3571 81 83 84 256 338 559
3572 9 39 82 83 84 114 152 233 248 249 252 256 262 288 301 367 368 370 396 422 607 608 756 757
3573 84 301 305 461 612 638
3574 83 84 288 301 345 487 572 633
3575 108 256 526
3576 7 83 84 107
3577 83 84 252 288 367 452 690
3578 83 84 301 303 638
3579 63 84 201 251 256 296 298 301 335 424 453 456 511 520 572 631 663 753
3580 41 83 84 256 298 301 325 367 400 521 528 572 633
3581 39 80 84 173 220 239 247 251 254 256 301 349 350 381 572 583
3582 83 84 86 201 219 248 249 251 252 256 288 298 301 306 324 381 520 560 572 599 631 689 710
3583 83 107 110 152 155 160 189 201 251 252 256 279 288 301 367 381 382 385 431 505 520 521 572 583 631 725 759
3584 23 52 60 63 125 128 252 263 301 354 443 445 487 557 572 599 631 689
3585 83 84 160 201 248 249 251 279 293 358 505 520 521 572 583 599 604 631
3586 256 288 301
3587 19 23 83 84 120 136 248 249 252 256 278 279 280 288 293 294 298 301 345 381 459 476 480 487 572 626 633 707 725
3588 23 83 84 107 136 248 249 251 256 263 278 279 288 293 294 298 301 325 345 346 381 459 463 478 480 487 495 521 572 583 599 604 606 638 707
3589 9 83 84 89 92 107 110 201 251 252 256 288 298 301 303 381 422 487 506 520 521 581 615 618 631 725
3590 84 98 152 160 174 201 248 251 252 256 298 301 381 410 520 521 572 583 633 756
3591 83 182 288
3592 37 50 65 83 90 107 111 252 288 301 380 413 414 481 511 604 619 631 690 710 727 743 753 759
3593 39 83 107 152 156 201 248 249 252 255 256 279 298 301 325 367 520 521 534 572 604 626 712 759
3594 80 83 84 156 201 248 249 251 252 256 279 298 521 633 689
3595 83 84 248 249 526 633
3596 83 201 251 256 288 301 526 710 725 753
3597 83 84 301 633
3598 84 256 301
3599 83 108 256 330 633
3600 45 83 92 107 152 173 183 219 251 252 254 256 279 298 301 309 452 506 520 572 633 689
3601 23 48 80 83 84 174 201 251 252 279 288 301 309 325 436 448 451 459 506 533 633
3602 23 37 63 83 119 120 136 160 192 248 252 279 280 288 301 335 339 368 391 441 453 455 456 459 490 521 526 572 638
3603 83 84 288
3604 83 84 301 303 506
3605 83 84 201 248 249 251 256 263 301 520 521
3606 201 301 633 725
3607 288 391 638
3608 83 84 256 288 526
3609 84 204 753
3610 247 301 590
3611 84 209 242 248 249 256 264 279 298 309 757
3612 83 84 119 296 301 339 345 593 638 753
3613 83 84 98 107 201 249 251 256 298 301
3614 83 247 590
3615 83 84 256 288
3616 47 83 84 98 173 201 251 298 368 511 526 759
3617 48 83 107 110 152 248 252 296 298 301 305 511 520 560 631 690 710
3618 83 84 201 248 249 256 298 324 520 521 633 689
3619 83 252 256 301 345 487 572 633
3620 51 83 84 128 160 208 256 298 345 521 633
3621 209 242 248 249 256 264 298 301 309 572 757
3622 83 84 110 111 152 156 279 298 301 521 572
3623 9 14 83 84 98 107 110 152 252 256 288 298 316 325 520 521 580 633 732 759
3624 37 83 84 109 152 163 201 213 228 248 249 251 252 254 273 288 293 294 301 303 366 367 520 521 572 599 626 633 638 648 650 728 753
3625 76 84 173 252 256 279 298 301 403 478 618
3626 83 256 288 298 301 520 572
3627 14 83 84 155 160 171 172 249 256 288 301 303 308 359 385 408 410 520 572 599 626 633 676 712
3628 83 107 160 189 201 251 256 298 301 358 381 382 385 475 520 521 572 583 626 631 633 725 732
3629 42 151 201 248 725
3630 83 84 110 152 160 189 201 252 256 279 288 298 301 381 521 583 604 725 759
3631 51 83 84 110 203 214 252 298 301 308 599 608 631 712
3632 108 193 195 301
3633 15 80 83 108 252 301 422 514 544
3634 47 83 84 256 262 526
3635 2 74 83 84 85 128 160 248 249 256 288 298 301 308 348 381 478 479 487 572 626 631
3636 84 152 201 254 256 279 298 301 753 759
3637 84 107 251 256 301 521 642
3638 83 84 160 201 256 298 301 344 367 568 725
3639 0 83 93 107 201 251 253 254 256 288 293 294 298 300 301 356 357 381 382 456 520 583 641 725
3640 83 84 171 172 173 252 256 279 298 301 520 521 572 633 689
3641 80 84 85 160
3642 83 84 177 201 251 256 301 631 706
3643 83 196 248 249 252 256 279 288 301 402 410 448 476 506 520 521 541 631 633 733 759
3644 84 256 293
3645 23 80 84 107 160 201 248 249 256 279 288 301 367 381 400 410 459 506 520 521 568 572 633 641 712
3646 49 83 84 156 174 248 251 252 256 279 288 506 521 572 583 633 689 712
3647 19 83 84 171 256 279 298 301 506 622 633 725 753
3648 83 84 256
3649 83 84 110 248 252 288 301 486 493 520 582 633 749
3650 49 83 84 107 119 189 201 248 251 252 256 288 298 301 303 345 402 419 476 478 480 511 582 606 631 633 663 707 710 725 759
3651 353 366 369 650
3652 80 83 107 178 201 248 249 251 252 256 263 288 293 298 301 303 309 312 367 381 391 487 506 577 633 725
3653 25 83 107 160 248 249 279 298 301 521 528 599
3654 37 83 84 119 120 136 169 201 248 249 252 256 263 273 279 280 288 293 294 298 301 318 325 345 348 381 463 473 476 478 480 487 495 506 521 572 573 583 599 606 609 612 615 633 638 652 653 663 706 707 725 728
3655 84 201 251 256 288 301 520 633 725
3656 80 83 84 201 247 248 249 251 256 298 301 348 459 572 633
3657 73 83 152 156 201 248 249 251 252 255 279 301 379 402 489 521 583 626 676 712 759
3658 83 84 152 173 254 256 279 288 293 294 301 303 367 381 604 611 673 725 753
3659 288 301 319
3660 83 152 160 247 248 252 256 279 288 301 395 506 520 521 759
3661 84 107 110 116 296 301 397
3662 18 84 89 152 189 252 288 293 294 301 303 381 385 391 511 631 673 710 712
3663 50 65 83 107 110 111 152 252 288 296 303 305 407 413 414 481 511 543 604 619 631 690 710 753 759
3664 83 84 107 160 201 251 256 257 263 288 298 308 367 633
3665 84 201 248 251 252 256 301 422 526 759
3666 25 83 84 110 249 256
3667 39 80 83 84 152 160 173 201 248 249 251 256 279 288 298 301 367 483 520 521 572 582 583
3668 83 84 114 152 196 209 491 670
3669 83 84 107 152 155 201 248 249 251 252 254 256 263 266 279 288 293 294 298 301 325 345 348 367 432 459 476 487 520 521 572 604 606 626 633 689 712 731 756
3670 73 83 84 98 252 288 489 503 506 712
3671 73 83 84 98 288 301 489 506 712
3672 19 37 83 84 119 136 252 256 263 280 288 301 345 348 476 487 493 626 633 638 653 663 707 719 749 750
3673 83 84 152 172 201 248 249 251 254 256 279 288 297 298 301 309 511 520 521 539 546 592 631 633 689 710 753 759
3674 9 49 62 83 89 152 160 171 172 173 201 248 249 251 252 254 268 279 288 298 301 308 367 506 520 521 568 572 599 631 633 660 725
3675 39 73 83 84 98 201 252 256 288 298 301 521
3676 83 182 288
3677 83 217 235 282 284 285 288 292 520 526
3678 83 84 189 248 249 254 288
3679 83 84 152 248 252 256 301 633
3680 84 638 654
3681 83 84 288
3682 62 70 83 84 106 110 256 298 301 354 391 710
3683 9 23 80 83 84 152 201 248 251 252 254 256 263 288 298 301 303 346 348 410 459 476 487 520 521 572 583 606 609 633
3684 83 84 254 256 367 753
3685 23 52 60 63 83 125 128 263 288 301 354 443 445 453 487 599 631 689
3686 80 99 211 248 256 279 298 301 627 651
3687 48 83 84 152 288 289 298 301 305 539 710 753
3688 83 84 160 201 251 256 288 298 506 631 725
3689 83 247 248 256 298 301 521 572 633 638
3690 170 549 633 710
3691 83 84 248 249 252 279 288 298 301 348 389 483 487 725
3692 72 288 301 710
3693 83 252 279 670 703
3694 83 182 303 318 319
3695 288 301 319
3696 83 84 115 638
3697 31 47 83 93 98 110 112 196 245 251 252 256 279 288 298 301 310 490 511 557 604 670 710 736 752 759
3698 83 84 301 345
3699 8 109 301 369 650
3700 48 83 84 248 249 301
3701 84 496 663 733
3702 78 83 84 173 248 252 288 526 571
3703 83 178 248 249 256 269 288 301 354 487 572 587 631 637
3704 83 107 249 251 252 256 279 288 293 298 301 309 520 521
3705 83 84 252 256 486
3706 34 83 84 107 152 248 249 251 252 256 288 293 294 298 301 303 367 489 511 520 562 631 633 661 697 698 703 707 710 759
3707 83 84 152 201 248 249 251 256 279 288 298 301 309 493 521 572
3708 72 80 83 160 178 201 248 249 252 256 268 288 298 301 310 354 391 455 457 487 511 546 582 637
3709 84 119 288 296 301 339 345 593 638 719
3710 37 83 84 122 256 263 288 301 493 504 638 707 719 749
3711 84 256 288
3712 301 697 698
3713 83 248 252 301 638
3714 83 84 107 110 112 113 227 252 263 298 303 365 487 511 599 604 710 725 758
3715 83 123 128 201 242 248 249 252 298 301 428 487 503 572 597 756
3716 9 83 160 248 249 252 256 298 301 574 670
3717 83 207 247 248 256 301 478
3718 84 168 201 248 256 298 309 354 395 453 456 569 572 756 759
3719 72 84 119 242 288 301 415 493
3720 83 84 160 242 249 252 256 279 288 298 301 455 487 604 670 725 745
3721 78 80 83 107 152 201 227 248 249 251 252 254 256 279 293 294 298 301 309 345 348 367 385 476 520 521 758
3722 29 83 84 288
3723 83 84 288
3724 48 83 84 89 107 227 254 289 298 301 305 391 478 479
3725 80 83 84 249 252 288 301
3726 84 119 175 248 249 252 256 288 301 487 633 638 670
3727 83 84 152 201 251 252 298 631
3728 65 83 84 263 288 298 301 520 560 631 633 652 653 745
3729 83 84 109 180 201 229 252 256 279 301 369 478 483 487 725
3730 84 168 248 249 256 298 309 520 521 572 644 756 759
3731 83 84 201 249 256 288 301
3732 301 428 496
3733 72 83 84 252 256 298 633 707
3734 83 84 123 152 248 249 252 256 279 288 301 487 521 631 639 725
3735 83 84 303
3736 83 229 248 249 256 288 301 309 435
3737 9 83 84 174 201 251 256 288 301 309 354 381 435 541 616
3738 9 83 84 154 160 201 248 249 256 288 298 301 309 346 348 354 381 476 487 541 572 583 728
3739 83 84 168 201 248 249 256 298 520 572
3740 65 83 84 119 120 256 288 298 301 303 345 348 391 459 473 476 478 483 487 493 626 633 638 663 707 749 750
3741 1 36 289 305 327
3742 33 84 109 256 279 301 369 479 511 546 553 583 648 670 710 736 759
3743 83 210 252 256 263 301
3744 72 83 84 242 288 421 725
3745 83 107 201 248 249 251 252 256 293 298 301 309 520 521
3746 37 84 120 248 252 301 706
3747 80 83 84 201 251 252 301 521 631
3748 84 93 107 201 254 279 293 294 298 301 309 345 348 366 369 381 385 391 415 459 506 521 583 612 614 633 643 650 703
3749 33 288 301
3750 83 697 698
3751 83 201 251 256 298 301 459 520 572 633
3752 83 84 119 201 256 279 345 473 476 487 493 521 631 638 719 749
3753 9 83 84 110 160 251 252 256 279 288 298 301 309 354 358 367 489 520 521 572 670 689 697 698 753
3754 83 84 248 249 252 288 301
3755 48 80 83 84 107 152 175 248 249 252 255 256 279 288 301 345 348 432 487 511 638 670 710 759
3756 33 83 84 85 209 254 279 506 521 631 703 739 744 759
3757 83 84 152 160 173 174 248 249 252 256 279 298 301 309 442 506 728 759
3758 83 84 107 201 251 256 288 298 320 423 459 725 758
3759 108 193 194 195 543
3760 64 83 152 201 228 251 252 256 288 298 299 301 401 511 520 521 572 583 599 626 631 633 659 710 756 759
3761 56 72 80 83 84 229 298 301 478 487
3762 249 288 301
3763 72 83 84 265 279 298 521
3764 84 168 376 439 520 604 633 670
3765 83 84 172 301
3766 39 63 83 84 152 160 201 239 248 249 251 256 288 301 354 518 572 583 609 633 759
3767 72 135 136 139 229 288 301
3768 46 84 288
3769 84 105 301
3770 23 80 84 142 152 160 176 178 201 251 252 256 288 298 301 303 450 520 521 559 633 733 759
3771 84 107 192 250 301 368 424 490 520 633
3772 56 72 83 229 252 298 301 478
3773 72 83 123 252 256 301
3774 72 83 135 139 229 280 288 301 747
3775 65 84 152 263 288 298 301 303 355 520 631 652 653 745
3776 4 83 248 256 301 526
3777 83 84 256 301 303 367
3778 65 83 84 152 288 298 303 495 520 560 631 633 652 653
3779 2 254 279 298 521 631 633 759
3780 84 256 298 301 355 361 381 499 500 725 758
3781 83 84 248 252 256 710
3782 84 168 201 248 249 256 298 301 520 521 572 612 644
3783 83 84 160 170 174 178 201 256 263 288 299 301 478 483 487 493 583 631
3784 72 84 175 249 288 301 582 590
3785 72 252 256 301 424 698
3786 25 72 83 196 248 249 254 256 279 301 491 520 521 748
3787 83 84 110 252 301
3788 72 83 242 252 288 309 415
3789 33 83 84 107 201 226 248 249 251 252 256 263 296 303 328 345 406 463 473 476 487 521 710
3790 201 288 301 432
3791 37 83 84 249 252 256
3792 84 107 109 160 249 256 301 369 648
3793 83 201 229 248 249 251 256 279 301 348 478 483 487 493 521 670
3794 83 84 248 256 301
3795 84 256 288
3796 83 84 263 415
3797 83 84 256 288 303
3798 9 83 84 152 160 171 172 201 248 249 251 256 263 288 298 301 309 450 455 520 521 572 631 633 689 731 759
3799 84 105 288
3800 83 84 109 201 229 252 256 279 288 298 301 478 483 521
3801 83 303 319
3802 47 80 83 84 92 201 248 249 252 279 288 301 419 455 487 568 572 604 638 713 758
3803 114 160 251 301 309 465 498 521 689 725 736 740 759
3804 5 23 173 248 288 301 459 473 487 521 539 717
3805 256 288 301
3806 56 72 83 84 201 248 249 256 288 301 521
3807 9 23 83 167 201 256 298 301 309 459 521 572 713
3808 9 84 107 153 160 201 251 256 296 298 301 520 572 758
3809 83 84 107 201 249 256 279 288 293 294 298 309 520 521
3810 81 83 84 256 298 301 521 572 626
3811 83 84 109 252 256 301 369 478 483
3812 83 84 160 201 251 256 288 298 520 521 572 620
3813 62 83 84 229 256 263 288 298 301 478 697 698 699 704 756
3814 84 160 201 229 256 279 298 301 369 478 483 725 759
3815 83 84 109 180 201 229 252 256 298 301 366 478 483 725
3816 84 107 201 248 249 256 279 288 293 294 298 301 309 520
3817 23 60 83 84 89 128 252 288 345 354 443 445 453 473 481 545 557 572 599 631 689
3818 80 83 288
3819 83 84 248 252 256 638
3820 83 84 256 367 391 633
3821 23 31 63 83 84 152 248 249 252 279 298 301 456 459 759
3822 83 110 252 256 301
3823 9 248 252 256 298 301 349 350 759
3824 83 84 107 201 248 249 252 256 279 288 293 294 301 309 348 487 506 520 521 731
3825 83 84 229 256 279 301 483 520 521 523 562 602 759
3826 83 84 256 288 298 301 633
3827 72 83 84 98 153 201 226 252 256 293 297 298 301 367 413 596 743 759
3828 47 55 62 76 83 84 86 92 98 152 160 174 201 251 252 256 279 296 298 301 403 415 428 452 455 470 478 506 520 521 568 572 582 626 631 632 633 654 753 759
3829 36 84 98 107 160 252 296 298 301 367 391 631 705 710 759
3830 19 23 37 39 83 84 86 107 110 152 201 219 251 252 254 256 288 293 294 298 300 301 303 352 381 391 428 441 459 487 506 511 520 521 557 572 583 604 631 632 633 689 706 707 710 719 759
3831 46 63 75 77 83 85 89 128 152 160 252 256 279 298 300 301 402 453 456 546 572 583 689 759
3832 84 256 301
3833 2 80 83 84 107 110 173 202 248 249 254 256 279 293 294 298 299 301 309 313 354 367 381 382 489 519 521 572 577 583 604 631 725 759
3834 15 80 83 108 256 422 543 544 558
3835 62 83 84 153 160 172 173 201 256 279 293 294 298 301 309 521 568 759
3836 77 123 154 202 301 486 541
3837 38 84 233 248 249 267 298 300 301 308 309 354 361 572 599 631
3838 84 256 288
3839 84 256 298 301 456 459 521
3840 14 15 80 83 252 301 308 666 759
3841 84 301 459
3842 31 83 84 117 133 432
3843 83 201 256 300 379 478
3844 83 160 201 248 249 252 256 298 429 459 748
3845 83 84 160 252 256 279 301 347 374 526 631
3846 83 84 252 256 486 631
3847 9 77 83 84 201 298 300 301 338 759
3848 51 83 160 201 251 252 254 256 298 301 308 309 520 521 572 599
3849 9 46 77 80 83 84 86 251 252 256 279 301 308 381 400 401 568 572 583
3850 81 84 252 256 269 298 381 759
3851 31 35 36 78 83 86 114 242 252 301 327 498 602 661 670 697 698 703 704 736 740 748 759
3852 30 61 80 83 84 110 114 152 201 208 248 249 251 252 301 325 348 443 487 521 604 759
3853 83 160 201 252 256 279 288 298 300 301 521 756
3854 148 367 533 624 633
3855 84 201 256 626 634 759
3856 9 83 201 251 298 301 394 503 521 572 676
3857 1 83 84 164 248 249 251 252 256 263 288 299 479 487 646
3858 83 84 256 301
3859 46 77 80 84 152 252 254 256 300 301 511 520 572 604 631 633 710 753
3860 9 83 84 202 256 298 599 633
3861 139 288 384 440
3862 84 256 279 288 298 300 301 367 381 511
3863 33 84 249 279 323 368 521 549 670
3864 9 60 83 84 201 226 254 256 298 301 379 443 489 506 521 572 633 643
3865 83 84 201 251 256 279 298 301 367 521 572 759
3866 83 84 152 201 252 303
3867 80 83 84 503 631 633 696
3868 84 288 316 395
3869 0 9 83 84 107 152 160 256 301 541 572
3870 8 83 288
3871 83 84 160 201 248 249 279 298 300 301 492 572
3872 46 80 83 84 107 173 252 256 277 298 300 308 367 394 435 475 599
3873 37 83 119 122 251 263 288 289 301 305 345 487 493 504 707 749
3874 49 84 239 248 249 256 288 294 300 301 459 759
3875 81 83 84 152 201 251 252 254 256 288 293 294 650 759
3876 83 84 92 202 301 539 541
3877 256 288 301
3878 83 263 304 312 381
3879 77 160 173 201 252 256 263 288 298 301 421 520 572 670
3880 254 293 294
3881 84 160 201
3882 83 84 201 251 254 256 279 288 298 301 519 520 521 631 687 725
3883 83 84 256 301
3884 23 63 74 84 227 301 365 432 453 508 521
3885 83 84 254 301 367 391
3886 83 318 638
3887 256 288 725
3888 83 84 201 256 298 381 435 521 759
3889 84 152 201 252 256 279 298 309 572 687 757 759
3890 83 84 256 298 301 521 541 559 632
3891 9 51 83 84 139 256 258 279 308 520 572
3892 2 84 124 301 306 670
3893 83 84 88 301 324 511
3894 83 84 252 256 298 345 422 487 521 572
3895 83 115 171 288 301 391 526
3896 83 84 160 172 298 301 459 631
3897 49 56 83 84 86 152 173 201 207 251 256 279 298 301 506 521 572 582 615 723 731
3898 83 173 184 201 251 279 298 301 633 725 743
3899 56 83 184 288 298 301 356 381 391 455 461 725
3900 83 160 201 251 256 288 298 301 521 725
3901 49 83 84 242 251 256 288 298 301 378
3902 80 83 84 256 568
3903 110 256 279 301 506 632 690
3904 83 163 254 256 260 278 301 633
3905 83 84 152 158 256 367
3906 23 49 83 84 160 256 279 298 309 459 521 568 572 583 596 725
3907 83 84 86 110 160 167 201 251 252 256 278 279 298 301 358 394 459 519 521 572 631 725
3908 23 36 49 52 60 83 84 93 152 154 174 201 251 252 256 279 288 298 301 309 356 391 441 443 448 452 459 475 506 511 520 521 541 572 582 583 631 633 643 670 689 703 710 748
3909 84 109 366 369
3910 256 301 568
3911 62 83 84 234 288 301 381 489
3912 84 288 301
3913 84 160 201 251 256 298 301 435 520 521 572
3914 23 63 84 92 107 110 160 173 174 201 247 248 251 252 256 263 277 279 298 300 301 309 452 455 459 471 506 520 521 572 613 633 689 731 759
3915 83 252 303 444
3916 48 83 84 107 124 203 256 262 298 301 312
3917 31 33 34 36 49 72 83 84 86 114 139 152 160 168 174 239 248 249 252 255 298 301 309 313 334 385 410 416 436 468 469 518 520 521 531 560 562 604 641 661 670 699 704 714 721 736 740 759
3918 83 84 94 160 173 201 220 251 252 256 279 298 301 309 367 381 382 400 471 506 520 521 546 568 572 583 626 670 759
3919 31 83 84 117 133 308
3920 114 234 309 334 374 464 465 501 553 602 670 701 702 759
3921 83 160 171 172 249 251 256 288 298 301 309 520 521 572 633
3922 84 202 288 294 298 301 626 643 670
3923 56 63 84 89 93 152 158 173 252 253 256 298 301 309 354 356 448 450 451 453 456 506 520 521 574 583 598 600 674 687 748 759
3924 15 80 84 108 194 195 422 482 520 521 544
3925 37 83 84 109 173 201 248 249 251 252 256 273 288 298 301 303 366 369 511 520 521 572 626 633 638 706 707 710 753
3926 89 202 252 301 407 743
3927 84 288 450
3928 55 74 78 83 107 213 256 277 298 301 358 436 519 521 572 599 633
3929 83 99 318 378 444 638
3930 83 84 107 254 256 288 298 301 444 546 572 584
3931 83 84 256 301
3932 49 83 147 298 300 301 501 520 521 572 759
3933 84 108 252 301
3934 84 107 201 251 252 254 256 279 301 391 520 521 577 631 687 725
3935 84 301 444
3936 0 83 422
3937 84 201 252 256 298 301 322 521
3938 83 84 152 160 171 172 256 300 521 618 633 759
3939 83 84 110 173 256 257 288 301 419 521 572
3940 84 201 251 252 256 279 298 300 301 367 572 759
3941 31 33 36 83 110 114 160 252 279 301 309 358 367 385 391 400 468 469 520 521 531 568 670 697 698 703 705 736
3942 84 128 249 256 269 301
3943 23 49 76 83 84 160 256 269 301 453 460 478 520 521 526 574 612
3944 48 83 84 123 152 186 298 301 325 587
3945 80 83 84 160 171 172 173 256 262 279 298 301 309 422 452 546 568 572 610 689
3946 39 83 160 173 201 239 251 256 279 298 300 301 520 521 572 583
3947 83 84 174 201 251 252 256 262 279 298 300 301 520 631
3948 80 83 84 99 152 160 201 202 251 269 277 279 301 391 450 511 521 572 590 620 631 710 723 758 759
3949 25 83 84 201 251 252 256 298 301 367 398 450 520 521 526 633 756
3950 83 84 201 303
3951 106 107 562 602 670 697 698
3952 83 84 139 171 294 298 313 455 503 506 631 759
3953 83 84 152 256 279 301 314 324 478 725 759
3954 23 80 83 84 201 242 254 256 279 294 301 387 390 455 459 572 759
3955 9 47 84 107 152 201 251 252 254 256 279 298 356 382 410 520 521 572 583 604 633
3956 48 83 84 123 252 256 288 298 670
3957 83 84 107 201 256 298 301 367 475 521 572 615 633 643 733 756 759
3958 83 107 201 248 249 251 254 256 288 293 294 298 301 309 348 367 390 487 511 520 521 572 725
3959 37 83 107 110 252 298 301 473 521 592 690
3960 51 56 84 103 107 113 128 160 208 248 249 273 298 301 345 348 375 476 480 487 520 521 526 604 626 633 721 725 753
3961 2 83 152 252 256 298 301 520 521 572 689 759
3962 61 83 84 107 152 201 251 252 254 293 301 356 367 381 443 520 521 572 583 599 604 626 633 725
3963 83 85 201 256 300 506 631
3964 79 83 256 288 301 521 533 572 725
3965 84 256 288
3966 42 83 84 201 252 298 301 475 532
3967 83 84 107 248 252 301 385 478
3968 25 83 84 93 107 110 189 201 252 254 256 288 298 301 385 503 505 520 521 572 600 633 712
3969 84 152 201 251 252 254 256 301 367 520 521
3970 31 36 107 110 114 160 221 252 298 377 384 435 464 465 498 520 521 546 560 602 605 624 637 670 703 705 725 736 740 759
3971 56 83 84 152 160 173 224 252 256 298 381 520 521 572 604 633 725 759
3972 56 84 160 171 172 220 242 256 262 298 301 391 572 583 612
3973 61 83 84 120 135 136 208 248 249 252 263 288 298 301 443 487 520 521 572
3974 39 78 83 84 107 123 128 152 160 166 201 248 249 251 252 254 256 288 294 298 300 301 303 345 348 356 391 473 476 478 487 506 511 520 521 557 572 633 710 723 759
3975 83 263 281 288 289
3976 83 84 201 256 294 568
3977 83 84 107 152 201 251 252 256 279 288 300 301 367 400 520 521 568 759
3978 51 83 84 107 156 160 248 256 268 279 301 572 676 725
3979 30 84 107 110 153 173 254 256 279 293 294 298 300 301 309 367 374 381 511 518 572 582 583 633 645 689 710 759
3980 83 84 256 298 301 309 400 521 561 572 749 751 759
3981 9 74 77 154 156 178 189 254 255 256 279 300 301 426 541 568 759
3982 83 84 160 168 247 248 249 255 279 301 309 521 583 665 669
3983 83 84 248 252 256 288 298 753
3984 83 289 301 305 725
3985 12 14 29 39 107 201 227 248 252 277 293 294 297 298 301 367 370 381 385 689
3986 47 82 83 84 201 233 256 267 303 370 511 604 710
3987 47 83 84 201 227 256 298 301 385 506 541 582 675
3988 83 84 201 267 294
3989 23 63 83 201 248 249 252 256 279 298 456 459 478 483 487 759
3990 83 141 152 201 256 298 301 520 521 572 633 732
3991 84 247 301 335 633
3992 19 23 83 84 119 128 256 277 288 301 339 345 450 459 476 478 487 493 638 707 749
3993 84 301 391 497 511 710
3994 83 84 256 288 303
3995 160 201 249 301 345 348 557 633
3996 83 84 196 201 248 249 256 279 301 478 491 521 759
3997 83 110 267 301 303 506
3998 33 83 84 196 229 256 301 338 459 511 698 710
3999 19 83 84 120 121 136 201 248 249 256 288 298 301 303 345 346 352 473 476 478 483 487 493 626 633 638 663 707 719 749 750
4000 48 83 301 496
4001 2 38 42 84 184 267 297 301 391 631
4002 83 84 152 229 248 249 252 254 256 288 298 301 348 478 483 487 759
4003 83 84 180 249 252 256 288 301 478 483 487
4004 83 174 248 256 279 288 301 478
4005 23 83 84 107 114 152 160 192 217 248 249 298 301 303 309 367 368 391 459 511 520 521 572 633 710 732
4006 201 252 256 506 511 710
4007 23 39 83 84 89 152 160 178 248 249 252 256 263 279 298 301 303 345 354 450 459 470 483 487 521 582 753
4008 48 57 83 107 152 237 301 325
4009 31 83 139 153 301 323 366 372 467 506 549 604 648 650 759
4010 33 36 84 219 252 256 298 301 506 511 560 572 631 633 637 670 697 698 699 703 704
4011 83 84 174 248 252 255 256 301
4012 83 84 252 256 303 707
4013 84 301 511 520 599 612 626
4014 83 84 107 201 248 251 256 298 301 520 521 633 689 725
4015 80 84 110 227 233 251 252 267 298 301 338 368 370 374 385 386 391 424 511 604 710
4016 42 83 84 152 166 201 241 248 249 251 256 279 288 298 301 339 487 506 511 520 521 572 626 633 638 710
4017 84 107 154 201 233 240 249 252 256 279 288 294 298 301 306 345 348 354 370 381 473 487 506 519 520 521 572
4018 84 252 301 415
4019 83 160 201 248 252 256 279 288 298 301 351 572 599
4020 83 84 227 298 301 304 520 577 631
4021 67 83 84 119 120 201 248 249 252 263 279 280 301 345 348 352 476 487 489 493 583 626 633 638 706 707 719 749 750
4022 83 84 424
4023 83 84 252 256 301 398 633
4024 84 107 252 288 298 301 416 478 483 576 698 699 702 704
4025 84 107 301
4026 39 248 249 252 301 759
4027 83 288 506
4028 84 123 201 252 256 435 503 759
4029 69 83 84 256 301 449
4030 84 180 227 252 296 301 306 478 483 487 624 725
4031 80 83 84 107 196 201 248 249 251 252 255 256 279 288 298 301 303 487 491 521 546 631 639 656 725
4032 23 83 107 288 293 294 298 301 303 335 381 385 455 459 521 574 583 631 746
4033 83 84 249 288
4034 83 84 248 252 256 301
4035 80 83 84 107 201 254 256 298 301 367
4036 80 83 249 256 288 301 638
4037 84 107 110 147 293 294 296 298 411 520 521 572 661 670
4038 83 84 85 107 152 153 172 173 234 248 251 256 294 298 301 351 354 367 385 511 516 626 710
4039 31 301 637
4040 4 83 288 298 301 326 506
4041 83 252 301 368 712
4042 84 256 288
4043 69 83 84 207 256 288 301
4044 83 84 92 227 247
4045 83 84 248 301 424 743 759
4046 83 84 301 335
4047 83 84 107 109 234 252 296 298 367 520
4048 33 83 107 263 296 298 368 520 759
4049 56 62 83 84 114 123 160 252 255 294 298 301 422 426 582 583 645 670 759
4050 62 83 107 114 123 152 160 251 252 294 298 301 335 426 464 465 521 572 582 583 645 723 736 740 759
4051 56 80 83 107 114 152 196 252 255 256 301 335 491 499 572 582 583 645 670 689 723 736 740 759
4052 192 256 288
4053 2 83 84 85 114 152 160 254 258 298 670 689 723 736
4054 84 233 240 267 288 294 298 301 354 370 473 487 511 572 710 722
4055 83 84 252
4056 83 107 114 229 233 248 249 254 256 267 301 310 345 348 367 368 370 385 391 478 479 480 487 559 606 631 633 717
4057 83 84 160 173 201 248 249 256 279 521 631
4058 23 83 84 178 201 248 251 252 256 288 293 294 301 383 459 506 574 583
4059 160 201 256 279 301 381 453 456 572
4060 83 84 256 301 526
4061 80 82 83 84 248 256 298 301 424
4062 83 152 160 173 196 201 248 252 256 279 298 301 325 438 520 521 572 633
4063 83 84 252 256 301 506
4064 23 39 48 56 80 83 84 92 112 152 160 173 196 201 248 249 251 252 256 279 288 298 301 303 309 325 459 475 506 511 520 521 526 557 572 604 606 626 631 633 689 710 725 728 759
4065 83 84 110 248 256 298 301 363 381
4066 83 84 160 229 248 249 256 279 288 293 294 298 348 478 483 487 568 572 753 756
4067 80 84 160 180 196 201 248 249 252 256 279 298 348 478 483 487 721
4068 83 84 107 301 560 602 670 710
4069 2 43 80 83 84 201 251 256 279 520 521 572
4070 5 23 80 83 152 160 196 201 248 249 251 256 279 288 298 301 356 459 572 633 689 725 731 753 759
4071 256 301 303
4072 83 84 152 249 252 288 490 759
4073 9 83 84 201 248 249 251 256 263 288 298 301 345
4074 83 84 160 201 231 248 249 251 254 256 298 511 520 521 572 710
4075 83 247 269 453 456
4076 23 63 83 160 178 248 252 279 288 301 442 459 539 631
4077 83 84 215 256 301 638 753
4078 83 254 294 301 367 381 566 633
4079 33 84 152 252 301 337 377 384 520 670 736 745
4080 84 256 288
4081 84 107 115 160 201 233 248 249 256 267 370 572 614
4082 80 83 84 160 251 256 279 301 306 381 474 521 524 572 603 607 608 630 759
4083 84 249 252 301
4084 37 83 84 119 122 256 263 288 301 487 504 719
4085 84 158 248 249 256 301 526
4086 9 83 201 248 249 252 256 279 288 301
4087 83 84 107 110 157 160 256 279 288 298 301 520 521 604
4088 51 83 84 160 208 252 273 288 298 345 487 521
4089 2 48 83 253 325 335 455 459 642
4090 47 82 83 84 160 192 248 249 254 288 301 428 490 759
4091 82 424 677 678
4092 83 84 119 139 201 249 252 256 263 288 298 301 707
4093 64 301 571
4094 83 84 234 256 288 301 546 560 624
4095 83 84 160 171 172 201 248 249 256 288 309 521 572 599 759
4096 14 73 83 84 258
4097 83 84 107 110 201 233 248 249 252 301 487
4098 83 103 107 113 296 298 301 375 520 525 623 719 725 749 753
4099 83 84 201 294 301 632
4100 48 80 83 84 107 152 160 173 174 196 201 247 248 249 252 279 298 301 309 470 503 520 521 572 633 689 753 759
4101 83 84 90 301 391 633
4102 48 83 224 301 325 633 690 725
4103 83 84 301 526 633
4104 84 196 249 256 288 697 698
4105 70 84 139 201 248 251 252 256 279 294 298 301 355 483
4106 36 83 84 110 114 168 180 252 256 279 298 301 309 384 385 501 521 553 562 572 583 670 698 714 740
4107 2 42 83 84 119 288 301 478
4108 8 83 301 351
4109 83 84 215 256 288 638 753
4110 56 83 84 201 247 249 251 252 256 301 303 348 455 476 478 480 487 506 626 663
4111 83 94 160 248 249 252 256 279 301 391 455 568 638 654
4112 19 37 83 84 119 120 136 169 201 248 249 256 280 288 298 301 345 346 352 473 476 478 483 487 493 626 633 638 719 749 750
4113 27 84 196 201 249 256 298 301 381 491 607 689 759
4114 83 84 288
4115 83 248 252 256 288 301 686 721 759
4116 83 110 217 247 248 288 301
4117 83 84 247 248 256 298 301 520 521 638
4118 2 37 47 84 248 288 301 355 368
4119 288 303 306 362
4120 83 84 506 511 526
4121 83 84 252 256 301 303
4122 83 84 289 305 413 414 511 710 725
4123 83 84 229 248 249 252 301 309 440 478 483 487 493
4124 48 84 110 325
4125 62 84 236 248 249 252 301 710
4126 83 84 168 248 249 279 288 298 478 483 487 493 728
4127 84 107 220 229 252 288 298 301 348 415 416 478 576 661 697 698 699 702 704 748
4128 70 83 84 107 252 256 288 298 301 415 416 478 483 576 661 697 698 699 702 707
4129 83 84 107 110 256 298 301
4130 83 249 279 288 301 478 483
4131 83 84 92 109 152 201 228 248 249 251 252 256 273 288 298 301 303 520 521 572 599 626 633 638 648 650 728 753
4132 84 288 301
4133 83 288 319
4134 83 84 109 152 173 201 248 249 251 252 256 273 288 298 301 303 369 520 521 572 626 633 638 650 728 753
4135 5 23 63 83 84 128 152 160 248 249 298 301 453 455 459 493 631 723 759
4136 2 42 83 84 119 252 256 288
4137 9 76 83 84 160 174 196 249 252 256 288 298 354 381 478 572 713
4138 33 36 83 84 107 109 114 139 160 251 252 256 298 301 335 384 385 520 521 553 583 604 633 637 670 689 703 723 736 759
4139 9 36 39 83 84 114 139 155 229 248 249 252 256 263 279 288 301 303 309 316 377 385 395 478 483 562 651 670 689 697 698 703 725 736
4140 84 256 294 298 301 313 753
4141 82 83 84 339 424 434 663
4142 84 256 391
4143 22 185 241
4144 31 84 152 252 256 269 298 301 670
4145 83 141 256 279 298 301 520 521 537 572 687
4146 84 256 301
4147 23 84 107 114 192 248 249 252 255 256 279 288 301 303 329 348 459 487 521
4148 83 252 288 301 397 605 745
4149 84 175 256 288 638
4150 83 84 256 301 335
4151 48 57 84 301
4152 432 511 710 753
4153 27 48 83 85 173 249 252 265 279 288 298 301 325 367 391 409 410 506 520 521 559 565 572 631 633 694 733
4154 83 84 90 201 256 633
4155 37 80 83 107 201 248 249 252 256 288 298 301 442 476 487 490 633
4156 31 33 36 48 83 85 114 189 196 201 234 251 279 298 306 511 520 572 599 631 661 670 703 710 725 740 759
4157 84 107 248 249 254 288 301 367 520 521
4158 80 83 84 121 160 212 247 248 252 263 288 298 301 345 521 631 633 725
4159 80 83 201 208 256 288 301 521
4160 83 84 248 249 256 279 345 521 633
4161 83 84 248 252 279 301 345 487 520 521
4162 83 84 152 168 248 249 252 256 263 279 298 301 309 439 487 520 521 565 572 631 656 670 697 698 725
4163 47 83 84 248 249 252 256 288 298 300 301 521 712 759
4164 31 36 83 84 160 201 254 279 298 309 377 384 583 631 697 698 700 703 736
4165 33 697 698
4166 83 248 249 252 256 279 288 301 520 548 631 670 697 698 725
4167 80 83 85 128 152 212 248 249 252 256 265 279 288 301 303 483 520 548 560 656 670 697 698 725
4168 31 80 84 85 128 136 212 248 249 252 256 279 280 288 301 303 309 487 520 548 631 656 670 697 698
4169 39 83 84 212 248 249 252 256 263 279 288 301 487 506 520 521 560 572 670 697 698
4170 23 39 83 84 152 178 201 251 252 256 298 301 354 395 433 441 459 506 518 520 546 572 686
4171 83 84 256 289 305
4172 83 301 468 469 531
4173 83 85 107 189 212 256 298 301 308 313 381 519 577
4174 31 72 83 107 110 180 252 256 288 506 633
4175 80 83 84 119 249 288 301 339 511 706
4176 80 83 84 251 252 256 288 301 725
4177 83 84 148 160 201 249 279 296 298 301 385 572 659
4178 83 124 201 252 256 301
4179 152 248 249 301 303 539
4180 83 152 201 251 252 256 301 344 450 506 520 521
4181 39 83 84 152 248 252 256 263 265 279 288 298 309 439 487 520 521 565 572 631 656 670 697 698 725
4182 83 170 288
4183 31 36 98 173 477 478 520 523 560 602 670 697 698 703 720 736 759
4184 39 83 84 152 168 248 252 256 265 279 298 301 309 439 487 506 572 583 631 656 670 698 725
4185 39 83 84 152 168 248 249 252 256 263 265 288 301 309 439 506 520 521 565 572 631 656 670 697 698
4186 256 288 301
4187 83 248 249 252 256 301 345 487 520 633
4188 1 83 84 115 248 249 256 300 345 478 480 487 506 633
4189 83 84 110 256 633
4190 23 83 84 446
4191 1 83 84
4192 14 107 189 248 263 288 297 301 308 348 381 382 473 476 520 521 583 592 604 631 633 713
4193 5 23 62 80 84 86 160 171 201 251 256 279 288 298 301 309 358 442 459 506 521 572 583
4194 84 107 254 256 273 298 301 495 631 722 757
4195 83 84 85 248 249 252 256 288 298 301 303 309 487 639
4196 23 86 160
4197 4 288 296
4198 84 301 303 308
4199 83 84 201 251 256 279 288 298 343 521 572
4200 39 83 84 168 173 248 252 256 263 265 288 298 301 309 439 487 506 520 521 565 572 670 697 698 725
4201 39 83 84 152 168 248 249 252 256 265 279 288 298 309 506 521 565 583 631 656 670 697 725
4202 72 83 84 242 248 249 279 301 309 487 725
4203 256 446 638
4204 2 4 47 60 83 89 298 301 338 511 605 710
4205 83 84 486
4206 84 254 256 467 520 565 633
4207 84 468 469 531
4208 160 172 201 296 631
4209 48 83 84 107 152 176 201 248 249 251 256 263 278 288 297 301 313 505 511 521 572 582 583 592 604 710 713 725 759
4210 39 83 84 152 168 248 249 252 256 265 279 288 301 309 439 487 521 572 583 656 670 698 725
4211 2 81 84 172 248 252 253 254 288 301 622
4212 110 123 479 632 697 698 710
4213 83 84 300 467 478
4214 19 37 83 84 110 114 119 120 136 169 201 208 246 252 256 263 280 298 301 345 348 473 476 487 493 520 521 604 610 626 633 663 706 707 719 749 750
4215 37 83 84 110 114 119 152 201 208 246 251 252 256 294 298 348 381 399 476 478 483 487 493 520 521 572 604 610 633 663 706 707 719 749 750
4216 19 83 110 114 119 120 136 169 201 208 251 252 256 263 280 288 301 345 348 352 399 473 476 493 520 521 610 626 633 663 706 707 719 749 750
4217 9 83 107 110 114 119 160 201 248 249 251 256 263 279 298 301 303 325 345 348 487 493 511 520 521 583 626 638 707 710 725
4218 48 83 84 152 288 298 301 539 633
4219 83 84 248 249 288 301 631
4220 31 39 83 84 160 252 298 521 572 697 703 759
4221 1 9 37 83 84 120 136 152 201 251 252 256 280 288 298 301 303 345 348 473 476 478 483 487 493 633 638 663 707 719 749 750
4222 39 83 152 168 173 249 252 256 263 265 279 288 298 301 309 506 520 521 565 572 656 670 697 698 725
4223 84 160 185 201 248 249 256 298 301 381 487 572 583 606 633
4224 83 84 249 665
4225 288 301 305
4226 83 84 248 256 279 301 345 487 521 633
4227 83 84 354 391 489 599
4228 83 84 201 256 303
4229 83 84 107 109 215 288 298 320 366 369 648
4230 83 84 288
4231 83 84 107 152 160 189 201 248 249 251 252 279 298 354 356 367 410 520 521 546 572 712
4232 61 83 189 248 256 293 294 298 301 308 309 367 400 410 417 487 520 521 568 572 599
4233 49 83 84 97 123 160 171 172 189 288 298 300 301 308 459 725
4234 62 80 83 301 318
4235 83 84 121 256 301
4236 83 84 152 174 252 256 268 298 399 521
4237 39 83 84 168 249 252 265 279 288 298 301 309 487 506 521 565 572 583 631 656 697 698 725
4238 83 84 201 248 256 288 298 301 309 520 521 572 676
4239 84 288 301
4240 51 83 84 189 251 252 256 288 298 300 303 309 325 348 520 521 572 604 633 689 725
4241 83 84 256 301 308
4242 83 84 156 201 239 242 248 252 254 256 288 298 301
4243 83 107 201 248 249 251 252 256 288 301 348 410 473 476 487 520 521 572 725
4244 23 83 84 160 248 252 256 288 301 309 459 582
4245 80 83 110 160 201 248 249 251 252 256 288 298 301 745
4246 83 248 249 256 301 345 520 521 633
4247 9 19 37 83 84 107 110 119 136 252 256 263 280 288 301 345 476 487 493 633 638 663 707 719 728 749 750
4248 83 84 99 131 252 301 539
4249 83 84 160 256 294
4250 83 84 256 288 301 633 676
4251 239 313 314 317 320 423
4252 83 84 152 160 252 256 298 301 303 521 572 725 759
4253 48 84 256 301 325 614
4254 83 252 301 303
4255 83 84 256
4256 84 201 301 381 459
4257 83 84 201 249 256
4258 80 83 84 92 107 110 160 201 249 251 252 256 279 293 294 298 301 572 583 753
4259 56 83 84 98 110 139 256 280 288 298 301 348 354 473 487 520 521 626 707 749
4260 9 48 107 110 119 152 160 248 249 251 252 254 256 263 266 288 293 294 298 300 301 303 325 345 348 356 476 478 487 493 511 520 521 572 582 583 604 606 633 638 706 707 710 759
4261 83 152 160 242 256 279 301 309 568 610 759
4262 37 83 301 345 633 638 719
4263 80 83 84 256 289 298 301 305 603
4264 83 84 139 152 160 174 201 211 248 249 251 252 263 279 288 301 323 358 455 521 572 601
4265 83 84 160 185 201 248 249 256 301 487 583 609 633 759
4266 84 301 698
4267 83 84 288
4268 9 83 84 152 201 248 251 252 256 298 301 308 310 381 382 459 478 479 487 521 572 599 606 631 729
4269 46 49 77 83 84 248 249 256 279 288 298 301 367 454 520 521 572 633
4270 23 83 84 152 248 249 252 279 301 348 395 459 487 520 572 631 633 759
4271 83 84 248 249 252 254 256 263 279 288 300 301 478 483 487
4272 83 84 152 201 252 256 288 298 301 526 572
4273 39 83 84 86 99 152 160 201 247 251 252 301 357 381 382 568 581
4274 83 89 201 251 252 263 288 301 506 516 546 599 633 728
4275 84 85 160 171 173 201 239 251 254 256 432 599 604 749
4276 469 531 614
4277 84 201 256 583 599
4278 83 84 153 407 535
4279 83 119 288 296 301 339 345 593 638 753
4280 83 84 108 201 422
4281 31 33 34 36 83 307 327 511 661 670 710 714 736 744 759
4282 23 83 84 452 568
4283 50 65 83 84 107 110 166 171 172 248 249 256 279 288 298 301 303 385 422 427 520 521 572 619 625 633 687 689 753 755 759
4284 160 201 256
4285 84 155 160 256 288 298 301 521 572
4286 84 108 201 251 256 298 301 399 432 544
4287 78 83 84 92 107 201 227 248 249 251 252 256 279 288 293 294 303 329 367 399 506 511 520 521 636 650 710
4288 83 84 92 107 110 227 248 249 251 254 256 279 288 293 294 301 303 367 369 399 506 511 520 521 636
4289 2 83 163 203 288 690
4290 9 59 78 83 84 98 107 110 152 155 160 171 172 201 251 252 256 293 294 298 299 301 336 448 506 521 557 572 582 583 604 628 735
4291 84 107 152 201 251 252 256 288 298 301 422 520 521 572 592 633
4292 83 84 152 201 298 301 410 447 572 631 633 687
4293 69 84 201 256 301 519
4294 83 84 256 298 301 402 537 633
4295 21 83 135 301
4296 23 52 60 125 128 248 252 301 354 443 445 453 487 557 572 599 631 689
4297 80 83 84 239 256 279 288 521 538
4298 74 83 84 107 110 160 163 201 213 252 279 301 309 400 470 506 520 521 533 550 568 572 590 631 633 645 759
4299 84 110 201 248 254 256 301 354 400 520 521 684
4300 84 288 647 654
4301 83 84 229 248 288 301 323 549
4302 83 84 92 107 110 164 201 248 249 251 252 254 256 263 279 288 299 301 399 478 487 506 511 520 633 636 710
4303 143 288 663
4304 235 282 283 285 288 292 301
4305 43 76 84 110 160 174 256 279 288 298 299 301 400 455 478 521 568 583 618 753
4306 51 84 110 201 221 423
4307 23 78 79 83 84 107 152 252 288 298 301 313 459 519 530 645
4308 83 239 252 518
4309 22 83 84 288 353 511 612
4310 9 46 84 160 201 251 252 298 301 381 399 428 506 520 521 568 572 759
4311 83 84 94 152 173 201 251 256 279 288 298 301 506 520 521 572 633 645 689 725 759
4312 84 252 288 301 521 633 638 759
4313 2 83 256 279 288 301 520 521 633
4314 39 80 83 84 174 201 252 256 298 301 526 631 633
4315 51 83 84 208 301 525
4316 83 84 92 107 256 288 298 301
4317 37 42 83 107 254 294 301
4318 83 84 201 252 633
4319 84 288 301
4320 84 109 112 648
4321 4 20 83 84 89 107 137 252 289 301 305 345 455 548 633 697 725
4322 83 227 242 279 288 301 353 521 530 584 759
4323 72 84 229 747
4324 83 84 109 251 256 298 521 648 650 759
4325 83 110 111 294 371 397
4326 23 160 173 201 256 298 301 453 455 748
4327 48 83 84 256 288 511
4328 38 84 152 201 248 249 252 254 256 279 288 301 478
4329 46 83 84 110 124 154 201 236 251 256 288 298 301 354 541
4330 83 182 288
4331 81 421 627
4332 48 83 84 107 153 160 254 310 311 391 475 618 624 631 684 725
4333 83 256 288 402
4334 83 201 217 235 282 283 285 292 521 526
4335 83 84 107 296 298 301 355 407 413 597 743
4336 9 83 84 160 201 239 251 252 254 256 279 521 546 580 583 631 712 713
4337 80 83 254 288 298 301 355
4338 83 84 201 248 249 252 256 298 353 520 521 572 581 710 759
4339 1 48 83 84 107 140 296 301 391 407 413 414
4340 83 84 249 301
4341 64 84 109 112 140 160 251 256 298 301 366 511 521 599 710
4342 83 110 112 568 710
4343 62 83 86 173 248 249 256 279 288 301 309 391 400 521 568 582 590 631
4344 84 110 111 256 288 301 353
4345 56 83 84 248 249 254 256 288 293 294 298 301 345 348 367 478 480 487 604 663
4346 63 84 201 256 279 298 301 368 400 411 453 456 568 572 583 756 757
4347 84 107 323
4348 83 294 298 301 345 511 710 724 725
4349 4 83 177 301 347 422 605
4350 45 83 201 256 298 367 521 759
4351 39 83 84 152 252 256 279 298 520 521 572 759
4352 53 83 84 89 107 238 252 256 301 391 585 604 617 759
4353 68 84 110 511 745
4354 83 84 94 110 119 256 288 298 345 506 633 725 728 753
4355 39 83 84 160 201 251 252 256 288 298 301 572 631 633
4356 83 84 94 252 256 279 288 298 301 309 354 395 521 572 633 658 710
4357 83 84 107 152 173 174 201 252 256 301 363 391 415 432 520 521 572 604
4358 83 84 152 155 201 256 301 520 521
4359 84 288 565
4360 80 83 160 173 277 279 288 301 378 450 583 633 725 759
4361 84 160 251 256 294 298 301 520 535 572
4362 23 83 93 201 252 256 298 299 301 354 452 455 459 466 521 631 740 759
4363 84 119 288 296 301 339 345 593 638 719 725
4364 23 83 84 152 174 201 256 298 322 459
4365 83 84 248 249 256
4366 9 83 84 112 242 256 298 308 478 479 759
4367 62 83 84 107 152 252 256 288 298 385 511 517 710
4368 84 110 301 432 475 478
4369 61 83 84 107 239 254 256 297 298 358 381 436 518 521 592 631 633
4370 76 83 153 256 288 301 367 455 478 521 599
4371 282 283 284 285 288 292 301 526
4372 83 252 254 256 301 337 367 520
4373 83 84 301 391 452 582
4374 84 288 301
4375 72 83 256
4376 83 84 288 301 353 533 663
4377 84 107 152 201 248 252 256 279 298 301 354 381 407 487 520 521 572 631 633 689 743
4378 83 152 252 256 298 301 506 521 572 631 633 710
4379 48 83 108 152 153 288 296 301 355
4380 48 83 84 110 293 294 300 301 367 422 478 520 521 633
4381 235 282 284 285 288 292 301
4382 23 78 83 201 256 279 298 300 301 455 459 521 568 574 620 631
4383 109 369 648 650 698
4384 83 84 251 252 256 298 301 471 478 483 520 521 572
4385 38 83 110 152 227 248 249 252 254 279 301 478 521
4386 84 256 638
4387 84 288 298 301 414 511 520 631 710
4388 23 80 83 107 160 228 251 254 263 279 298 300 301 459 506 519 520 521 572 577 599 631 748
4389 83 84 110 201 251 256 298 367 400 520 521 568 572 583 670
4390 83 84 253 265 293 294 298 301 410 520 521 572 631 759
4391 83 84 256
4392 12 29 58 65 74 83 84 87 90 107 108 110 134 152 251 252 279 288 298 301 303 338 356 385 428 431 506 520 521 547 572 631 633 643 689 727 753 759
4393 23 39 64 83 84 107 152 160 173 183 201 248 251 252 256 258 279 288 301 303 358 367 459 520 521 535 572 583 631 633 756
4394 80 296 368 673
4395 15 80 193 194 254 256 298 301 309 330 422 543 568 759
4396 12 83 84 153 263 301 362 584
4397 83 84 107 252 256 298 301 309 394 408 503 572 599 624 725
4398 42 83 248 249 256 288 301 467 478
4399 63 83 84 227 353 453 520 631 633
4400 256 301 454
4401 78 83 227 252 256 279 288 301 309
4402 83 84 94 252 256 298 633
4403 50 65 84 107 110 152 166 172 248 249 251 252 256 279 298 301 303 385 422 427 520 572 619 625 633 643 687 689 753 755 759
4404 9 84 119 252 256 263 298 301 348 487 707 749
4405 83 84 107 128 152 225 288 296 298 301 391 506 520 521 572 604 725
4406 63 84 251 252 254 256 301 310 350 456 520 615 631 759
4407 77 83 84 152 201 256 298 301 411 432 521 759
4408 83 84 201 288 301 353 530 710
4409 84 108 201 409
4410 19 37 83 301 345 348 633 638 719
4411 110 177 254 256 301 520 557
4412 83 201 227 254 294 298 301 521 572 633
4413 84 521 580
4414 49 62 74 80 83 85 94 107 152 160 171 172 201 250 251 252 256 279 298 301 309 367 400 452 455 506 521 568 572 626 633 759
4415 83 217 235 282 284 285 292 301 520 526
4416 2 81 432
4417 52 60 84 392 443 486
4418 83 88 155 252 298 301 359 400 411 478 479 521 572 634 759
4419 84 140 256 279 521 759
4420 83 84 128 160 256 273 288 301 345 348 487 521 633
4421 83 222 256
4422 84 301 654
4423 56 84 252 256 301 675
4424 25 84 152 201 251 252 256 298 301 520 521 572 631
4425 39 83 84 107 123 152 165 201 248 249 251 252 256 263 298 301 354 422 506 599 604 689 725 759
4426 83 84 256 301 521
4427 84 249 288 301
4428 70 83 84 201 256 308
4429 94 110 506 633
4430 108 204 206 256 544
4431 47 84 174 203 385 414 658 743
4432 23 63 83 456 557
4433 217 235 282 283 284 285 292 301 521
4434 18 83 84 107 129 248 252 254 286 301 481 584 599 606 609 655 753
4435 9 68 83 84 110 201 252 256 279 301 471 689
4436 83 84 152 173 248 249 252 256 279 288 298 301 759
4437 83 84 123 252 256 298 301
4438 84 110 201 256
4439 83 110 296 407 511 710 743
4440 49 80 83 84 107 110 111 160 213 254 256 293 294 297 298 299 309 367 381 391 520 583 592 624 676 713 725 759
4441 33 36 83 84 110 147 256 288 301 309 410 541 583 631 643 703
4442 37 83 84 119 120 248 249 252 256 288 301 308 325 476 487 626 663 725
4443 84 301 448 631
4444 83 84 201 256 298 520 521 633 759
4445 108 316 395 539
4446 47 84 475 649
4447 84 279 308
4448 51 83 84 128 160 208 256 273 298 301 521
4449 83 84 227 254 256 298 385 521
4450 83 235 282 283 284 285 301 526
4451 83 152 252 263 303
4452 83 84 107 110 201 252 256 288 298 301 303 356 440 478 483 520 523 572 626 633 670 702 707 756
4453 83 169 243 301 318 706
4454 83 95 301 303 706
4455 19 83 232 256 288 301 303 345 487 633 708 719 749
4456 84 152 201 251 252 256 301 345 633 663 707 759
4457 83 84 119 152 252 273 288 298 301 303 345 348 476 487 520 521 572 626 663 706
4458 83 84 119 152 165 248 252 263 288 298 301 303 308 328 345 348 463 476 478 487 493 521 572 626 633
4459 83 84 119 252 256 288 301 303 345 506 633 707 728
4460 19 37 83 288 301 302 303 345 487 633 719 749
4461 19 37 83 288 301 345 348 487 638 719
4462 37 83 84 92 109 152 173 201 248 249 251 252 256 273 288 298 301 303 369 520 521 572 633 648 707 728 753
4463 84 301 303
4464 83 119 169 288 298 301 385 626 706 707
4465 39 83 107 143 152 252 263 274 288 298 301 303 345 386 389 487 494 604 622 663
4466 288 303 706
4467 301 303 521 626 706 707
4468 83 84 152 201 251 252 288 298 301 328 345 348 476 478 487 520 521 572 626 663 706 707
4469 9 83 84 107 110 152 165 252 288 301 307
4470 83 84 152 165 201 252 256 288 298 301 659 663 707
4471 83 84 252 263 288 301 706
4472 83 84 201 252 296 298 301 572 626 707
4473 83 152 252 303 706 707
4474 83 84 252 303 706
4475 9 83 84 152 252 288 301 511 670 698 707 710
4476 19 83 123 152 252 274 288 298 301 303 506 511 626 632 670 707
4477 42 83 84 110 152 252 301 672 706
4478 48 83 84 107 139 252 256 298 301 303 440 670 687 759
4479 37 83 84 119 152 248 249 252 288 298 301 303 476 487 520 521 572 626
4480 83 84 119 152 252 301 706 707
4481 83 84 252 303
4482 9 83 84 252 298 301 584 725 742
4483 83 301 302 303 742
4484 39 83 84 232 248 249 252 256 263 288 298 301 303 308 345 381 382 473 476 487 520 521 572 626 633 638 707
4485 9 48 83 84 288 301 303 562 670
4486 48 83 84 252 301 303 511 562
4487 83 223 274 288 301 423 506 663
4488 83 84 252 288 296 301 707
4489 9 83 84 243 252 298 301 303 511 515 690 707 710 742
4490 19 28 83 119 123 152 252 263 273 288 293 294 298 301 303 328 345 373 476 506 520 626 628 631 633 707 728 753
4491 37 83 84 92 109 152 173 201 249 251 252 256 273 288 298 301 303 520 521 572 626 633 638 648 650 728 753
4492 83 84 243 252 256 288 301
4493 152 252 301 303 706 707
4494 9 42 83 84 111 152 252 301 482 561
4495 83 84 152 165 201 251 256 288 301 507 532
4496 84 232 252 301 303 527
4497 83 84 263 301 303 706
4498 83 152 252 301 303 485 706 707
4499 9 83 84 110 252 256 273 288 298 301 303 521 572 707
4500 83 84 152 252 256 288 298 301 303 478 520 521 572 633 689 707
4501 84 152 252 303 706 707
4502 301 303 706
4503 9 83 84 107 110 232 252 296 301 303 670
4504 83 84 110 288 298 301 506 626 706 707
4505 83 119 169 263 273 288 301 303 626 663 707
4506 256 288 303
4507 83 152 288 289 301 305 706 707
4508 83 182 301 319
4509 83 84 182 201 248 252 256 288 301 352 759
4510 84 252 301 706
4511 83 84 107 110 152 252 256 298 301 520 521 572 626 633 689 707
4512 83 107 110 152 298 301 339 385 663
4513 83 84 301 638 707
4514 288 301 303
4515 13 37 83 84 119 248 249 252 256 288 298 301 472 476 487 521 572 626 663 707
4516 83 84 139 152 252 298 301 520 521 759
4517 37 83 84 119 136 252 288 301 345 348 473 476 478 483 487 493 626 633 638 663 719 749 750
4518 19 83 84 123 152 158 252 288 298 301 303 345 476 520 572 626 631 633 663 706 707 723
4519 83 84 119 152 256 288 298 301 303 309 487 707
4520 83 110 263 301
4521 83 303 319
4522 10 11 13 83 272 301
4523 83 152 252 288 301 706 707
4524 80 83 84 252 288 301 398 498 520 521 689 759
4525 19 83 84 119 208 263 273 288 298 301 318 520 521 572 626 663 707 728
4526 42 80 83 84 252 256 263 288 301 423 759
4527 83 84 249 252 256 288 298 301 303 521 572 697
4528 95 288 301 303 706 707
4529 9 83 84 107 110 165 201 248 249 251 252 256 273 298 301 303 328 348 476 487 604
4530 83 273 288 298 301 303 345 348 520 521 572 633 663 707
4531 83 201 202 251 252 256 275 279 298 301 521 572 689
4532 11 13 80 83 84 252 273 288 301 303 318 472 626 707
4533 83 84 123 152 252 274 288 298 301 506 511 626 670 697 698 710
4534 83 301 303 706
4535 9 38 42 83 84 110 138 152 165 252 254 256 274 288 301 339 494 520 521 539 616 626
4536 9 80 83 84 109 119 152 165 248 252 288 298 301 303 328 366 369 487 506 626 728 753
4537 42 83 301 303 318 507 532 706 707
4538 19 43 83 120 252 263 288 296 301 303 345 352 385 434 476 478 483 520 626 631 633 707 719
4539 37 83 119 256 263 288 301 303 504 707 719 749
4540 301 303 706
4541 10 11 83 107 123 252 288 301 385 637 697 698 699 704
4542 288 303 706
4543 83 84 252 303 706
4544 288 301 598
4545 84 107 288 301 325 419 539
4546 83 84 252 306
4547 56 83 84 110 136 169 256 288 298 301 348 419 487 521 626 707 749
4548 303 706 707
4549 37 83 84 119 120 252 280 288 301 345 348 473 476 478 483 487 626 633 638 663 719 749 750
4550 83 107 152 182 252 288 301 494 541 670 697
4551 83 182 288
4552 10 11 13 83
4553 83 84 201 251 252 256 288 298 301 303 487 520 521 572 626 707
4554 10 13 19 37 83 84 256 288 301 345 348 487 638 719 749
4555 83 169 266 288 303 706
4556 83 84 252 301 423 707
4557 95 288 301 303 706 707
4558 37 95 123 256 288 301 303 422 719
4559 47 83 84 95 107 110 252 279 298 301 303 309 336 354 511 515 603 710 725 742
4560 288 301 319
4561 83 119 201 251 252 263 273 288 301 616 707
4562 83 84 152 252 263 288 296 298 301 303 572 626 707
4563 83 84 152 201 252 263 296 298 301 303 308 356 572 633 707
4564 83 84 119 252 288 296 298 301 303 626 707
4565 83 266 385 520 521 707
4566 9 83 84 119 152 252 288 301 303 626 697 698 707
4567 9 83 84 119 135 136 152 249 252 256 273 288 298 301 303 520 521 572 663 707 759
4568 83 84 152 248 252 256 288 298 301 385 520 521 572 626 697 698 707
4569 83 84 152 201 205 251 252 275 288 298 301 303 328 345 348 476 478 487 520 521 572 626 663
4570 83 84 152 201 251 252 288 298 301 328 345 348 478 487 520 521 572 626 663 707
4571 48 83 152 201 251 252 256 288 296 301 303 339 626 707 728
4572 42 83 107 152 201 251 252 256 298 301 303 355 356 385 520 521 572 626 631 633 687 710 728 756
4573 9 48 83 84 152 248 249 252 256 288 301 308 345 348 476 626 759
4574 37 42 83 84 119 152 252 256 288 298 301 303 309 487 707
4575 108 199 367
4576 50 83 84 95 152 252 288 296 301 303 476 487 506 561 584 663 706
4577 83 84 201 251 252 275 288 298 301 303 328 339 345 348 476 487 520 521 572 626 663 707
4578 48 83 201 251 252 256 288 298 301 302 303 318 520 572 626 707
4579 84 119 152 232 252 256 288 298 301 303 419 638
4580 83 84 152 201 251 252 275 288 298 301 303 328 345 348 476 478 487 520 521 572 626 633 707 725
4581 37 83 84 92 109 152 173 201 248 249 252 256 273 288 298 301 303 366 369 520 521 572 633 638 707 728 753
4582 83 84 158 252 256 275 288 298 301 345 633
4583 83 84 119 152 252 256 298 301 303 520 572 707
4584 288 301 706 707
4585 83 84 288 301 318 706 707
4586 288 303 706
4587 83 288 298 301 303 521 626 706 707
4588 83 84 165 252 288 298 301 487 572 626 707
4589 83 84 119 152 252 256 288 298 301 303 520 521 626
4590 48 83 119 201 252 256 288 298 301 302 303 318 520 521 572 626
4591 23 83 84 571
4592 83 84 152 252 301 303 706 707
4593 9 39 83 84 128 252 255 298 301 309 521 633 689 697 698
4594 83 288 302 303 526 706
4595 288 303 319
4596 42 83 84 119 152 169 252 298 301 303 520 536 652 653 707 753
4597 83 84 119 152 201 251 252 256 298 301 520 521 572 626 633 663 707 759
4598 83 119 169 256 288 301 303 345 506 626 707 728
4599 83 84 152 169 252 263 274 288 296 301 462 487 506 626 706 707
4600 83 182 252 263 298 301 520 616 626 632
4601 83 84 152 201 251 252 275 288 298 301 328 339 345 348 476 478 487 520 521 572 626 707
4602 83 119 169 205 252 256 288 298 301 303 318 385 520 572 707
4603 83 84 248 256 288 301 423 526 626 706
4604 83 84 152 248 249 252 255 256 263 288 301 473 487 520 521 633 707
4605 41 84 252 301 303 584 706 707
4606 83 84 119 169 288 706 707
4607 83 84 301 318 707
4608 83 84 119 152 201 248 249 251 252 256 263 288 298 301 303 385 476 487 520 572 626 663 707 715
4609 83 84 201 248 249 251 252 254 256 273 288 293 294 298 301 303 367 434 476 487 520 521 572 663 707
4610 83 119 252 288 298 301 303 385 520 572 626 707
4611 83 84 152 252 256 288 298 301 303 487 520 521 572 707
4612 83 84 152 201 251 252 275 298 301 303 328 339 348 476 487 521 572 663 707 725
4613 83 84 152 201 251 252 275 288 298 301 303 328 339 345 348 476 478 483 487 520 521 572 626 706
4614 14 83 107 189 301 389 527
4615 288 301 706
4616 82 84 256
4617 84 252 266 301 303 706
4618 83 84 152 201 251 252 275 288 298 301 328 339 348 476 478 487 520 521 572 626 706 707
4619 83 84 92 367 459 520 521 559
4620 83 169 303 663 706 707
4621 28 83 169 252 263 273 288 293 294 301 331 345 506 626 628 663 707 728
4622 83 223 252 301 423
4623 83 119 201 249 256 298 301 423 487 707
4624 83 84 248 301 580
4625 42 83 84 152 252 256 288 301
4626 9 83 119 152 169 252 288 289 301 303 305 506 626
4627 9 83 84 123 152 201 248 249 251 252 254 256 279 298 301 345 348 520 521 572 626 633 759
4628 37 83 84 107 119 122 197 252 263 274 288 298 301 303 386 487 504 626 663 707
4629 48 83 182 201 256 288 298 302 633
4630 10 83 84 301 472
4631 83 301 345 606
4632 83 84 108 152 288 301 419 473 663
4633 83 84 201 233 248 249 252 256 279 288 298 301 370 432 583 604 759
4634 84 252 301 632
4635 83 152 288 298 301 303 408 520 521 631 636 670 687 690
4636 10 11 13 80 83 288 301
4637 83 84 152 251 252 256 263 298 301 303 521 526 572 689 759
4638 83 84 152 252 288 706 707
4639 83 84 152 266 301 303 706
4640 9 10 13 83 84 152 252 288 298 301 397
4641 83 84 110 123 252 301 670
4642 83 110 152 182 252 296 301 670
4643 37 79 83 84 92 109 152 173 201 228 248 249 251 252 256 273 288 301 369 506 520 521 551 572 599 626 633 638 648 650 706 728 753
4644 84 288 301
4645 83 84 252
4646 108 194 206 272 330 526
4647 83 263 296 511
4648 83 95 169 301 303 690 706 707
4649 48 83 119 152 251 252 256 263 288 301 303 707 728
4650 83 84 131 152 252 256 298 325 423 511 710 759
4651 9 83 152 251 252 256 288 298 301 626 707
4652 83 252 266 301 352 707
4653 83 119 288 301 318 507 532 706 707
4654 83 152 252 288 301 303 526 706 707
4655 83 152 169 252 288 303 706
4656 34 83 84 107 152 248 249 252 288 301 303 325 416 661 703 704 714 759
4657 37 48 83 84 107 110 111 119 169 263 288 301 302 303 325 487 493 504 706 707 719 749
4658 83 84 152 169 288 301 303
4659 83 152 252 301 303 706
4660 83 84 152 256 288 295 298 301
4661 83 84 152 178 201 251 252 256 279 288 298 301 303 358 381 382 411 518 520 583 626
4662 28 37 84 92 109 152 173 201 251 252 256 273 288 293 294 298 301 303 348 367 373 520 521 572 633 638 648 650 706 707 728
4663 84 189 252 263 288 301 478 663
4664 48 83 84 152 252 288 325 371
4665 83 84 301 303
4666 9 83 84 119 152 165 248 252 256 288 296 298 301 303 487 626 663 706 707
4667 37 83 84 119 120 136 152 169 182 252 256 280 301 303 345 348 473 476 478 483 487 493 633 638 663 706 749 750 759
4668 83 84 201 248 251 252 256 288 298 301 303 476 487 520 521 572 626 663 725
4669 83 84 152 248 249 252 256 288 301 303 487 707
4670 83 84 152 248 252 256 288 301 487 707 759
4671 48 83 84 158 201 251 252 256 288 301 303 352 707
4672 252 288 301 706
4673 46 83 84 93 110 160 173 201 248 249 252 256 279 288 296 298 301 309 345 354 381 487 607 608 633 663 690 707
4674 35 83 84 182 254 293 294 301 367 416 523 661 670 699 703 759
4675 288 301 707
4676 83 84 152 256 288 298 301 303 520 521 697 698 725 759
4677 83 84 252 303 706
4678 83 84 252 303 706
4679 48 83 182 298 301 325 414 478 743
4680 83 84 119 348 521 606
4681 84 107 110 123 252 301 670
4682 9 83 84 152 252 256 298 301 478 482 520 521 759
4683 25 83 84 152 256 301 303 367 520
4684 9 19 83 84 119 152 252 254 256 279 294 298 301 303 520 521 572 626 631 670 706 707
4685 37 79 83 84 92 152 173 201 228 248 249 251 252 256 273 288 298 303 366 369 506 520 521 572 599 626 633 638 650 706 753
4686 83 84 252 256 288 301 706 707
4687 48 83 84 123 182 222 252 288 301 371
4688 48 84 123 152 252 288 301 325 371
4689 83 84 152 252 256 288 298 303 345 520 521 572 633
4690 9 83 301 506 626 663
4691 48 83 110 182 252 288 301 303 408 520 631 697 698
4692 83 84 288
4693 83 252 288 303
4694 83 152 201 251 252 288 296 298 301 303 652 653 707 728
4695 84 201 252 256 263 301
4696 83 152 201 248 251 252 256 288 301 506 526 527
4697 83 84 107 152 252 288 301 302 626 728
4698 83 131 301 423
4699 44 252 288 301
4700 83 84 152 201 251 252 256 298 301 303 521 527 707 725
4701 9 38 40 42 83 84 138 252 263 273 288 301 345 473 476 707 728
4702 83 84 152 252 298 301 303 520 521 697 698 710 725 759
4703 83 84 165 251 252 263 288 298 345 348 408 463 476 487 521 572 626 633 662 706
4704 83 84 201 248 251 252 256 288 298 301 487 520 521 572 626 707 725
4705 48 83 84 110 152 252 672
4706 83 84 301 345 354
4707 10 11 83 252 288 561
4708 83 84 119 123 201 251 252 256 263 273 288 298 301 303 520 521 626 663 706 707
4709 83 84 152 252 288 301 308 478 482 494 663
4710 83 178 252 288 301 456 607 608
4711 83 266 301 303 707
4712 83 84 119 152 248 249 252 256 263 288 298 301 303 348 385 476 487 521 572 626 663 707
4713 84 201 252 301 303 526
4714 84 288 423 518
4715 83 84 152 202 275 279 301 520 521 572 745 759
4716 83 84 239 301 303 423
4717 83 110 182 252 288 303
4718 48 83 107 110 123 152 288 301 408 520 631 670 697
4719 10 11 83 152 165 252 272 301 303 352 385 626 723
4720 83 84 119 152 301 318 385 706 707 728
4721 37 48 84 119 152 201 248 251 252 263 288 301 339 345 473 476 487 520 521 606 706 707
4722 83 84 152 252 256 288 301 303 511 520 697 698 725 759
4723 152 232 243 252 301 303
4724 83 84 152 252 256 526
4725 252 288 301
4726 83 252 301 303
4727 42 83 84 152 252 301 303 385 584 626 707 728
4728 83 84 152 301 303 540 706 742
4729 83 84 95 152 252 301 303 690 706 707
4730 83 84 256
4731 83 84 165 201 251 252 263 288 301 345 348 408 463 476 487 520 521 572 662 706
4732 83 84 152 252 256 298 303 526 633
4733 83 182 252 301 303
4734 48 107 110 152 182 288 301 303 408 520 631 670 698
4735 37 83 84 136 152 169 252 256 280 288 301 303 345 348 352 473 476 487 493 626 633 663 707 719 749 750 759
4736 83 84 131 152 252 256 288 301 423 494 707
4737 48 83 84 110 252 301 672
4738 10 13 84 252 288 296 301 352 472 706
4739 48 83 84 107 110 152 252 288 302 526
4740 9 42 83 84 107 152 252 298 301 626
4741 288 301 303
4742 182 288 301 303
4743 10 11 13 83 119 288 296 301 339
4744 83 84 252 486
4745 10 13 301 472
4746 48 83 84 252 303
4747 48 83 204 206 301 303
4748 84 152 252 256 288 298 301 303 521 697 698 710 725 759
4749 2 123 252 301 303 670
4750 83 84 152 252 303
4751 10 11 50 83 152 288 296 301 488
4752 83 84 152 252 266 527
4753 84 182 252 301
4754 44 83 84 113 119 123 252 256 288 301 652
4755 83 107 110 152 182 252 296 301
4756 83 84 182 252 301 303
4757 42 83 84 152 201 252 298 301 367 422 520 521 572 631 633 759
4758 83 182 252 301 303
4759 7 107 197 303 364
4760 23 48 83 84 110 152 182 248 252 288 298 301 303 328 345 385 463 476 487 521 572 626 633 663 759
4761 9 83 152 169 252 288 301 303 527 706
4762 83 84 706
4763 48 83 84 107 110 152 288 301 302 526
4764 83 110 152 289 301 305 423 507 532 539 611 673
4765 48 83 84 107 110 152 252 301 302 526
4766 83 84 108 194 204 206
4767 83 84 252 256 301 303
4768 44 83 256 301 626 653 663
4769 83 155 252 301 303
4770 9 83 84 107 152 252 256 298 301 303 487 626 706 707 725 728
4771 83 152 288 301 336 690 706
4772 83 84 119 152 252 298 301 521 572 626 707
4773 252 256 301
4774 9 83 84 152 252 256 273 288 298 301 303 520 521 572
4775 48 83 84 152 252
4776 19 83 84 107 110 201 251 252 256 288 301 302 303 506 626
4777 84 201 539 632 633
4778 83 84 86 121 152 201 251 279 298 301 325 348 521 526 759
4779 83 252 303 586
4780 84 158 303
4781 34 83 84 107 123 252 256 288 301 476 520 637 661 690 697 698 703 704 714
4782 83 123 252 301 303 385 584 706 708
4783 84 152 248 252 256 288 301 345 633 707 708
4784 83 123 152 252 296 301 303 385 506 527 616 626 632 707
4785 83 84 107 110 152 197 252 263 288 301 303 506 626 707
4786 84 104 301 303
4787 42 83 84 152 165 252 288 296 298 301 303 487 707
4788 83 84 152 182 256
4789 84 288 301
4790 48 84 107 110 152 252 288 301
4791 38 40 83 107 110 138 152 201 251 252 263 288 298 303
4792 42 83 84 152 165 252 288 296 298 301 303 487 707
4793 9 84 119 152 165 169 252 256 289 301 303 305
4794 44 83 301 303
4795 77 83 84 107 152 165 252 256 273 279 288 298 301 381 408 520 521 572 626 707 759
4796 9 77 80 83 84 107 119 152 165 169 201 251 252 263 273 288 298 301 303 339 355 381 482 495 506 520 631 633 687 707
4797 48 252 288 301 303 587
4798 9 152 252 298 301 626 652 706 707 728
4799 83 84 201 252 256 275 298 521 710 759
4800 83 84 119 201 252 256 263 288 298 301 303 339 520 521 572 626 663 706 707 753
4801 48 83 84 107 110 152 251 252 256 288 301 302 303 707
4802 10 11 13 119 252 275 288 303 504 626 707 719 728
4803 83 252 303
4804 83 84 252 269 707
4805 80 83 84 107 110 152 165 201 251 252 301 422 478 482 707
4806 9 83 84 182 252 298 301 303 520 572 631 759
4807 83 84 118 152 252 544
4808 83 84 152 252 527 706
4809 83 222 252 288
4810 48 83 84 152 182 252 302 526
4811 33 41 83 152 203 287 288 301
4812 83 84 107 110 123 152 222 252 288 298 371
4813 84 108 204 252 301 303
4814 83 84 152 252 296 298 301 303 520 626 707
4815 83 252 275 298 301 303 626 663 707
4816 83 84 107 110 298 301 345 348 364 404 478 483 487 493 521 572 626 707
4817 37 83 252 288 301 473 706
4818 83 152 252 301 303 526 706 707
4819 9 83 84 136 152 182 229 248 249 252 256 275 280 288 298 301 303 476 478 483 520 521 572 626 707 719 759
4820 9 19 83 84 119 135 152 182 229 248 249 252 280 288 298 301 303 476 478 483 504 626 663 697 698 707 719
4821 83 84 119 123 152 252 256 263 288 297 301 325 345 592 626 663 707
4822 9 83 84 110 152 252 288 301 302 526 707
4823 83 288 298 301 404 520 521 626 706 707
4824 11 83 84 119 248 249 252 256 288 298 301 303 348 472 476 487 520 626 663 707
4825 9 38 39 48 84 110 138 152 155 201 251 252 273 288 298 301 303 328 339 476 494 506 511 521 604 626 652 653 663 710 725 728 753 759
4826 83 84 152 248 249 252 256 298 301 303 521 572 707
4827 84 152 252 288 301 303 527
4828 9 39 83 119 252 274 288 298 301 303 345 386 389 487 494 604 622
4829 25 83 152 201 251 252 256 301 303 520 521
4830 83 84 107 110 197 256 273 288 298 301 303 345 348 352 405 478 483 487 493 521 572 626 638 707
4831 84 152 252 301
4832 10 13 83 84 252 301
4833 83 107 110 119 197 256 298 303 309 348 405 478 483 487 493 520 521 572 626 633 706 707
4834 83 84 252 266 303 706
4835 83 84 201 256 301 303
4836 83 84 107 119 138 165 169 201 251 256 273 288 296 298 301 303 348 476 478 482 521 540 572 626 663 707 725
4837 9 83 84 107 119 152 155 165 201 251 252 256 273 288 298 301 303 348 476 478 482 520 521 540 572 626 663 707 725
4838 84 152 252 301 303 663
4839 9 83 84 119 152 256 295 301 303 663 707
4840 9 83 84 119 136 152 182 229 248 249 252 256 275 280 288 301 303 476 478 483 504 520 521 572 626 663 719 759
4841 13 80 84 301 472
4842 83 84 152 256 288 298 301 508
4843 84 288 301
4844 83 84 152 248 249 252 256 263 288 301 339 476 487 626 663 671 707 728 759
4845 84 169 288
4846 83 84 119 123 229 252 256 288 301 483 487 707
4847 39 42 83 84 248 249 252 256 263 288 301 303 308 345 348 381 382 473 476 487 626 638 707
4848 19 28 39 83 119 169 252 263 273 288 293 294 298 301 303 308 328 345 373 473 476 506 520 626 628 631 633 638 707 728 753
4849 83 84 110 165 252 256 298 301 521 572 687
4850 83 110 152 252 301 303 371 706
4851 83 107 151 201 252 256 279 294 298 521 583 604 633 689
4852 83 169 252 288 301 303 626 706 707 728
4853 83 84 107 110 252 256 288 301 303 478 483 506 520 521 626 663
4854 84 152 252 288 301 303 336 526
4855 83 84 256 279 521 633 638 753
4856 74 83 152 252 288 426 515 687
4857 37 83 84 119 122 169 252 263 288 301 303 472 487 493 504 707 719 749
4858 19 83 84 123 152 201 248 251 252 256 288 301 303 345 348 419 463 476 487 520 521 626 633 707 728 759
4859 83 98 266 288 303 707
4860 83 84 119 144 152 169 248 249 252 288 296 298 301 303 328 339 345 348 476 478 483 487 521 572 606 622 633 663 706 707 723
4861 83 84 119 123 144 152 248 252 256 288 296 298 301 303 339 345 348 355 419 473 476 487 606 626 633 652 653 707 723
4862 83 84 119 144 152 248 249 252 288 296 298 301 303 328 339 345 348 419 476 478 483 487 520 521 572 606 622 626 706 723 759
4863 83 84 252 301 706
4864 83 84 119 252 256 263 273 293 294 298 301 303 312 521 572 626
4865 84 301 303
4866 84 123 152 251 252 301 303 706 707
4867 83 84 152 201 251 252 256 288 298 301 303 520 521 572 626
4868 39 83 84 107 248 249 252 256 263 288 298 301 303 308 345 348 381 382 476 487 626 633 638 707 728
4869 83 84 235 282 283 284 285 288 292
4870 9 19 48 83 84 119 135 136 152 182 229 248 249 252 256 288 301 303 352 476 478 483 626 663 697 698 719
4871 48 83 107 110 288 298 301 511
4872 83 235 282 283 285 288 292 301 385
4873 11 80 83
4874 69 84 174 201 252 256 279 298 301 521 569 582 707
4875 83 95 152 252 288 303 706
4876 42 83 152 252 288 301 303 532 706
4877 83 169 266 301 303 318 626 707
4878 169 301 707
4879 83 266 288 301 626 662 706
4880 83 84 248 249 252 256 288 301 302 303 487 697 698 707
4881 83 84 152 288 301 303 524 540 706 707
4882 42 83 84 152 288 298 301 303 507
4883 83 256 266 301 303 706
4884 83 84 301 707
4885 83 84 152 298 301 520 633 759
4886 13 301 326 338 506 633
4887 84 107 110 169 182 252 301 303 626 707 728
4888 83 84 119 182 252 263 273 288 301 345 473 487 506 626 707 728
4889 7 37 65 83 84 119 248 252 288 298 301 303 339 487 626 638 707 710
4890 37 83 84 107 119 256 279 288 298 301 345 473 476 478 483 487 493 520 572 582 638 707 749 753
4891 83 84 104 107 182 256 279 298 301 520 572 707
4892 84 107 232 256 298 301 303 520 670 744
4893 83 84 104 107 182 256 279 298 301 345 478 483 487 493 520 572 582 633 638 663 706 707
4894 7 83 84 119 248 252 256 288 298 301 303 348 476 487 520 521 626 663 707 750
4895 83 84 107 110 197 256 301 303 364 706
4896 42 83 84 104 252 288 296 303 339 506 566 575 626
4897 37 83 84 119 182 252 263 273 288 301 339 345 487 506 626 707
4898 7 37 65 83 84 115 248 252 288 298 301 303 339 487 511 626 638 707
4899 83 256 288 364
4900 83 342 750
4901 83 84 104 107 182 256 279 298 301 478 520 572
4902 83 84 169 201 248 252 288 301 345 385 506 626 707
4903 83 169 273 275 287 288 301 303 385 504 626 706 707 719 728
4904 182 288 301
4905 83 84 107 110 119 197 301 364 404
4906 83 119 169 288 298 303 385 626 706 707
4907 83 84 107 110 256 298 301 303 345 348 364 405 478 483 487 493 521 572 626
4908 84 107 110 119 197 288 301 364
4909 83 104 182 256 279 298 301 478 520 572 626 707
4910 83 119 232 252 256 288 298 301 626 725
4911 83 84 119 248 249 252 288 301 487 626 663 707
4912 83 119 123 169 273 288 301 303 318 385 504 707 708 719 728
4913 83 84 152 252 288 303
4914 84 256 288
4915 37 65 83 84 119 169 248 252 288 298 301 303 339 487 511 707 710
4916 83 119 123 287 288 301 303 385 504 626 706 707 708 719 728
4917 83 84 107 256 298 301 478 483 520 572 626 681
4918 104 107 182 256 279 298 301 478 483 572 626 707
4919 197 256 301
4920 84 197 364 404
4921 84 107 256 279 298 301 478 483 520 626 681 707
4922 83 119 123 273 275 288 301 303 318 504 626 707 708 719 728
4923 83 84 107 279 298 478 483 520 572 626 681 707
4924 83 84 104 107 182 256 279 298 520 572 626 707
4925 84 107 119 252 256 279 298 301 345 478 483 487 493 520 572 582 633 663 681 706 707 749
4926 83 84 107 256 279 298 301 303 478 520 626 681 707
4927 19 37 83 275 288 303 345 487 633 638 719 749
4928 83 107 197 301 364 706 707
4929 19 83 256 288 301 303 345 348 487 638 708 719 749 750
4930 108 288 558
4931 83 169 275 288 301 303 345 420 638 706
4932 169 288 301 303 339 385 626 706 707
4933 83 110 301 303 364
4934 83 84 252 263 288 303 339 706 707
4935 38 138 301 303 431 670
4936 83 84 107 152 252 288 298 690
4937 83 84 104 107 119 252 256 279 298 345 478 483 493 520 582 633 638 663 706 707 719 749
4938 83 104 182 256 279 288 298 301 478 520 572 626 707
4939 301 303 706 707
4940 119 169 266 298 301 303 526 652 707 728
4941 256 301 303
4942 42 83 84 104 169 252 288 296 301 506 566 626
4943 83 84 119 248 249 256 288 298 301 476 487 520 526 572 626 663 707
4944 288 303 706
4945 37 83 84 182 252 273 288 301 339 345 473 487 506 626 707 728
4946 182 263 288 296 301 303 698
4947 19 83 119 169 263 288 296 301 318 504 626 683 697 698 707 719
4948 83 104 252 263 288 296 301 303 339 506 566 626
4949 83 216 249 256 526
4950 83 252 288 301 345 404 478 520 521 626 707 709 728
4951 19 42 83 119 169 252 288 301 303 504 506 626 683 697 707 719
4952 10 11 13 83 84 248 249 263 288 301 309 405 520 521
4953 83 84 252 301 303
4954 83 119 169 275 287 288 301 303 318 504 626 707 708 719 728
4955 84 252 367
4956 182 252 263 288 301 303
4957 83 108 204 301 303
4958 83 84 139 152 252 266 301 526
4959 83 84 152 252 288 303
4960 83 119 152 232 295 301 303 339 506 626 706 707 728
4961 42 152 252 303 707
4962 83 84 252 301 303 632
4963 83 182 303 663
4964 48 83 123 152 252 288 301 520 540 670
4965 182 288 301
4966 83 84 119 152 252 256 298 301 303 520 572 626 707
4967 697 698 703
4968 44 83 252 256 301 303 345 633
4969 83 84 252 288 706
4970 83 84 123 152 169 252 288 296 301 303 352 476 487 488 506 561 584 663 707
4971 7 110 152 252 288 301
4972 83 84 252 303 706
4973 44 83 84 115 256 301 303 728
4974 182 697 703
4975 83 84 119 152 201 252 298 301 303 345 348 400 526 633 662 706 707
4976 83 84 92 252 256 288 298 521 572 631 759
4977 83 84 102 301 506
4978 44 84 115 256 288 301 303 633
4979 83 119 169 266 301 303 352 626 663 706
4980 83 84 152 232 252 288 301 303 339 385 473 506 526 626 707 728
4981 42 83 152 263 288 301 303 536
4982 48 83 84 252 256 288
4983 182 698 703
4984 83 107 252 266 288 301 367
4985 42 83 84 288 301 339 487 507 532 626 728
4986 59 83 107 152 252 288 298 301 303 426 602 744
4987 301 303 706
4988 83 84 110 123 288 289 305
4989 83 84 119 152 256 288 303 539 616 663 706 707
4990 19 23 48 83 84 169 256 263 288 298 301 302 325 511 520 526 572 706 707 710
4991 83 84 119 120 136 252 301 302 303 325 345 348 476 478 483 487 493 626 633 638 663 707 749 750
4992 345 348 633 638 749
4993 19 37 83 345 348 633 638 719
4994 83 152 252 301 303
4995 152 252 288 296 301 303 332 506 626 690 706 728 758
4996 84 229 252 256 288 301 562 670 759
4997 83 84 119 152 252 288 301 526
4998 83 197 301 303
4999 9 19 37 83 84 119 120 136 152 256 263 280 288 301 303 325 345 348 352 473 476 487 493 626 633 638 663 706 707 719 749 750 759
5000 37 83 84 122 256 288 301 302 303 487 504 707 719 749
5001 83 288 706
5002 83 84 152 256 301 303 663
5003 80 84 152 248 249 256 288 298 301 478 483 626 697 698 728 759
5004 697 698 703
5005 83 84 288
5006 23 37 83 84 119 152 248 249 252 256 273 279 288 301 303 328 339 345 423 459 476 487 521 573 631 633 706 707 728 753 759
5007 44 83 248 252 256 301 303 633
5008 44 83 84 115 256 301 303 728
5009 83 84 119 251 252 256 275 288 298 301 303 473 520 521 572 626 707
5010 83 119 152 169 252 288 303 506 626 706
5011 83 84 266 301 707
5012 83 288 332 663 708
5013 83 84 152 160 248 249 252 288 301 303 487 521 526 572 633
5014 83 84 160 201 248 249 256 301 309 487 568 759
5015 44 83 84 256 301 303 633 728
5016 83 152 252 288 301 706 707
5017 83 119 152 252 256 266 288 301 626 707
5018 83 84 106 266 301 707
5019 23 83 84 152 248 249 252 256 263 279 303 345 348 423 476 487 493 526 572 707 759
5020 7 84 119 169 252 288 289 301 305 487 638 707
5021 83 248 249 252 256 279 288 298 301 345 473 476 521 526 573 633 759
5022 83 205 251 256 298 301 633 706 753
5023 37 83 263 301 345 348 487 638 719 749
5024 6 37 83 252 256 275 288 301 526 663 707
5025 36 68 83 89 110 146 160 255 279 298 385 506 511 521 572 602 697 698 701 703 710 725 736
5026 83 84 152 201 252 296 298 301 303 308 356 572 626 633 707 708
5027 301 303 707
5028 83 119 152 243 252 263 288 296 301 303 707
5029 83 84 119 252 288 301 318 339 626 706
5030 83 84 152 201 248 251 252 256 263 288 298 301 303 520 572 626
5031 84 119 252 288 301 325 663 707
5032 83 119 248 249 252 256 298 301 303 478 487 521 572 604 633 663 706 707 725 759
5033 83 119 152 182 243 288 301 339 706
5034 83 84 243 288 301 303 352 385 584 626 706
5035 42 83 152 252 288 301 303 507 707
5036 44 83 231 248 249 252 279 288 301 419 455 471 582 633 654
5037 37 83 119 122 263 288 303 487 504 706 707 719
5038 83 252 301 303 706
5039 83 84 303
5040 83 95 288 303 706
5041 11 13 19 37 83 256 301 345 476 478 482 487 633 638 719 749
5042 10 11 13 84 301 626
5043 83 84 189 266 288 303 527 706
5044 48 83 84 152 201 251 252 288 298 301 302 303 520 521 572 707 759
5045 19 37 83 84 252 275 288 301 348 487 526 633 719 749
5046 83 84 119 123 152 201 251 252 263 273 288 301 303 328 331 345 348 352 521 626 633 706 728
5047 83 84 107 110 123 152 165 288 298 301
5048 83 84 119 248 288 301 303 308 309 328 345 348 463 476 521 626 633 663 707 753
5049 48 182 256 288 298 301 325 407 743
5050 83 84 152 203 252 288 298 303 408 487 659 707
5051 83 97 110 124 134 152 252 263 288 301 338 385 391 506 584 712 753
5052 83 301 352 706
5053 83 84 119 152 252 266 301 706
5054 38 40 84 119 138 201 248 252 301 487 706
5055 83 95 152 232 252 301 303 706
5056 42 83 84 152 248 252 256 288 301 303 305 336 339 385 526 532 626 690 706 707
5057 83 84 152 201 252 263 288 298 303 521 572 626 706
5058 84 288 301 303
5059 203 263 301 303 423
5060 9 83 84 119 135 136 229 248 249 252 256 288 298 301 303 476 478 483 504 520 521 572 626 663 707 719 759
5061 83 84 252 256 288 303 697 698 706
5062 9 83 84 119 252 288 301 303 487 526 616 663 707
5063 73 84 152 248 249 252 301 303 487 521 759
5064 48 169 288 303 709
5065 49 83 84 85 107 119 152 160 201 251 252 256 263 273 288 298 301 303 345 348 476 478 480 483 487 521 557 572 575 583 606 626 633 663 690 706 707 725 749 750
5066 9 83 84 107 135 136 152 229 239 248 249 252 256 280 288 298 301 303 476 478 483 504 520 521 572 626 663 707 719 759
5067 83 84 252 256 288 301 697 698 707
5068 44 83 84 707
5069 9 83 84 152 251 252 288 296 303 487 527
5070 37 83 84 105 248 256 288 301
5071 83 123 205 256 288 298 301 309 404 487 520 521 539 708 719
5072 84 256 303
5073 37 83 84 119 152 252 288 298 301 303 345 348 476 478 483 487 520 521 572 626 633 663 707 719 749
5074 42 83 119 256 273 288 298 301 303 507 520 521 532 572 626 633 663
5075 53 83 84 252 256 301 303 391 397 556 573 585 604 617 759
5076 83 84 119 201 248 249 251 252 256 263 288 301 303 345 348 476 487 520 521 526 572 606 626 633 663 707 750 756
5077 83 252 301 707
5078 48 83 84 152 252 263 288 301 302 303 308 616 707
5079 83 84 119 152 201 248 249 251 252 256 275 288 298 301 303 325 478 483 487 520 521 572 633 759
5080 83 84 152 252 256 298 301 385 520 521 572
5081 19 38 40 42 83 107 110 119 138 169 252 256 298 301 303 386 476 487 622 626 662 663 706 707 725 728
5082 9 37 83 84 107 110 119 152 197 201 251 252 288 298 301 303 345 348 364 476 487 493 520 521 526 572 633 638 663 707 749 750
5083 83 223 252 263 301
5084 37 83 84 169 256 288 298 301 345 476 487 493 633 638 707 719
5085 5 49 83 84 89 152 160 169 201 248 249 251 252 256 279 301 303 348 493 521 572 633 664 759
5086 83 84 119 252 301 663 670 706
5087 84 288 301 573
5088 83 252 288 296 298 301 598
5089 83 84 107 110 252 288 298 301 303 345 473 652 653 707 728
5090 119 275 288 301 303 385 616 626 707 728
5091 83 256 288
5092 9 83 84 152 182 252 288 626 697 707
5093 9 11 13 83 84 252 256 273 288 298 301 472 707
5094 83 119 152 249 252 288 301 325 759
5095 9 19 42 83 84 152 252 256 288 298 301 303 308 385
5096 84 119 252 288 301 325 663 707
5097 83 110 197 301 303 364 707
5098 83 152 252 263 288 296 297 301 303 339 345 408 487 626 690 706
5099 83 84 201 252 256 288 296 298 301 572 626 707
5100 83 84 288 296 301 706 707
5101 143 223 263 266 288 303
5102 83 84 119 152 249 252 255 256 263 288 301 473 487 520 521 633 707
5103 189 203 266 298 301 303 408 659 706
5104 288 303 706
5105 83 84 301 318 638 706
5106 119 256 275 298 303 345 520 572 586 626 633 706 707
5107 83 84 119 169 252 288 301 303 339 385 728
5108 42 83 84 119 273 288 301 303 504 507 532 638 706 719
5109 84 252 288 301 303 706
5110 83 84 152 201 251 252 275 298 301 303 328 345 348 476 478 487 520 521 572 663 706 707
5111 182 288 301
5112 42 169 266 288 289 301 303 318 339 536 707
5113 42 83 119 266 288 289 301 303 318 385 536 626 706
5114 83 256 288 298 301 303 476 487 506 521 572 626 663 706 707 708
5115 42 83 84 107 110 119 252 288 298 301 303 318 348 413 473 507 520 521 572 626 638 707 743
5116 83 84 152 256 288 301 303 706 707
5117 37 83 243 256 288
5118 169 301 318 638 706
5119 83 252 288 706
5120 84 303 659
5121 83 119 152 169 243 252 263 301 303 385 506 652 653 707
5122 152 252 288 301 303 706 709
5123 80 83 84 152 248 249 252 256 288 298 303 308 345 346 348 352 385 419 487 493 506 520 521 572 626 633 706 707 725 759
5124 19 38 40 42 43 83 84 110 152 165 252 296 298 301 303 520 527 626 706 707 728
5125 42 83 123 152 169 252 263 301 303 507 532
5126 223 301 303 707
5127 83 84 152 169 252 266 301 303 707
5128 83 84 107 110 119 152 252 256 288 298 301 303 345 348 414 473 520 521 572 626 633 638 706 707 743
5129 108 206 301 303
5130 83 84 152 252 266 707
5131 42 83 152 252 273 288 289 301 303 305 536 626 706 707
5132 37 83 119 122 169 256 263 288 301 339 345 487 493 506 521 638 719 749
5133 42 83 288 303 707
5134 288 301 303
5135 83 119 256 266 287 288 301 318 504 706
5136 19 50 83 95 123 252 288 296 301 303 488 561 663 707
5137 83 84 107 152 201 248 251 252 288 301 476 487 520 521 535 583 638 663 664 706 707 759
5138 83 119 152 169 252 298 301 303 305 506 626 706 728
5139 83 248 249 252 256 288 301 303 385 520 521 626 706 707
5140 48 83 119 123 152 252 256 288 301 352 698 707
5141 83 252 266 301 303 706
5142 169 288 303
5143 288 301 303
5144 152 252 288 301 303 709
5145 83 119 252 263 298 301 303 385 511 520 521 572 626 707
5146 83 248 252 256 288 298 303 318 385 521 572 626 707
5147 83 706 707
5148 83 266 301 352 706
5149 42 83 152 252 266 288 301 303 506 526 706
5150 288 301 697
5151 83 84 119 252 266 288 303 707
5152 9 83 152 243 252 256 266 288 303 520 521 706 707
5153 83 266 288 303 526 706 708
5154 83 84 152 201 251 252 256 288 301 303 520 521 572 689 706 707
5155 42 266 288 298 301 303 318 385 626 638 707
5156 83 95 169 288 303 706
5157 83 84 252 256 266 526 616 663 706
5158 83 107 119 301 302 385 626 706 707
5159 83 91 226 252 263 266 288 301 345 473 481 584 638
5160 83 252 256 288 298 301 318 385 520 521 572 626 706
5161 143 223 263 303 706 707
5162 83 84 152 201 251 252 266 288 298 303 706
5163 252 303 706
5164 37 83 119 122 169 263 301 345 487 707 719 749
5165 83 182 288 319
5166 84 252 266 288 301 707
5167 83 303 319
5168 301 706 707
5169 83 84 254 455 631 654
5170 83 288 303 706 707
5171 83 84 152 201 205 251 252 288 298 301 303 328 339 345 476 478 483 487 520 521 572 626 663
5172 169 301 303 706
5173 9 83 84 119 152 165 201 248 249 252 256 298 301 690 707 710 759
5174 288 303 707
5175 83 119 169 252 288 301 303 385 526 626 707
5176 83 84 152 252 266 288 301 302 526 707 708
5177 9 83 84 135 152 229 248 249 252 256 273 280 288 298 301 303 318 476 520 521 572 707 759
5178 9 42 48 83 84 110 119 152 252 256 263 288 301 303 308 325 345 352 494 626 671 707 728
5179 48 83 84 152 248 249 256 288 301 487 689 707
5180 39 42 83 84 152 165 201 248 249 251 252 273 288 301 303 348 476 487 494 626 663 706 707
5181 83 84 169 301 303
5182 9 83 84 110 152 165 248 249 252 256 288 301 308 475 476 494 521 663 687
5183 83 165 182 252 273 288 301 521 663 707 759
5184 83 169 252 288 706
5185 83 84 303 706 707
5186 9 80 83 84 107 110 119 152 252 256 263 288 301 476 506 626 663 728
5187 19 83 84 119 152 169 248 252 256 288 301 303 305 385 626 690 706 707
5188 288 301 706
5189 19 83 84 120 169 248 249 252 256 263 288 301 487 493 626 706 707
5190 9 42 83 84 252 288 297 298 301 303 473 706 707
5191 37 84 152 201 252 288 345 487 633 638 719 749
5192 83 84 288 303 707
5193 83 123 169 273 275 288 301 303 318 385 504 626 707 708 719
5194 84 169 301 303 706
5195 152 252 303 706 707
5196 95 288 301 303
5197 83 169 288 303 707
5198 83 119 152 201 252 256 266 298 301 303 385 626 707
5199 83 266 301 303 690 706
5200 266 301 318 638 706
5201 42 83 84 123 252 288 298 301 303 385 626 652 653 706 707 728
5202 41 152 252 301 303 342
5203 9 83 84 152 165 256 266 288 303 308 520 521 663
5204 19 83 84 119 123 169 201 252 256 301 303 345 476 526 663 706 707
5205 83 84 248 249 252 256 263 301 352 511 706 707 725
5206 19 37 83 288 301 345 348 487 638 719
5207 19 37 83 84 119 120 136 169 252 288 301 345 348 473 476 487 493 626 638 663 707 749 750
5208 83 288 303 706 707
5209 19 37 266 273 288 301 303 345 487 633 638 719 749
5210 83 84 152 219 251 252 266 295 298 303 633 689 753
5211 83 84 119 120 169 252 280 288 301 345 348 473 476 478 483 487 493 626 638 663 707 719 750
5212 252 298 572 591 611 663 673 690 759
5213 83 152 252 256 288 303 336 524 663 690 706 707
5214 83 169 301 303 707
5215 42 83 84 288 298 301 626 725
5216 42 83 84 252 288 296 301
5217 83 84 119 256 266 287 301 318 707 719
5218 28 39 42 83 119 123 169 252 263 273 288 293 294 298 301 303 328 339 345 473 476 506 520 626 628 631 633 707 728 753
5219 256 303 707
5220 83 169 288 303 706
5221 51 56 83 103 107 113 128 160 208 248 249 273 298 348 478 480 487 520 521 526 572 604 623 626 633 721 725 749 753
5222 19 83 84 119 248 252 256 263 288 294 298 301 487 493 626 707
5223 83 84 288 706
5224 83 84 301 303 706
5225 9 83 84 119 169 251 252 288 298 301 303 520 706 707
5226 256 301 707
5227 83 266 288 301 318 638 707
5228 83 301 303 318
5229 252 288 301 707
5230 37 95 256 288 301 303 504 690 706 719
5231 83 84 119 152 201 256 266 301 303 706
5232 83 84 152 266 288 301 706
5233 84 152 248 249 275 288 298 301 303 476 520 521 564 572 626 707
5234 37 83 263 266 303 473 516 706 708 709 719
5235 19 83 84 119 152 169 251 252 256 301 303 345 352 476 526 663 707
5236 83 152 252 263 288 706
5237 83 152 223 263 288 301 303 385 707
5238 84 152 252 301 303 482 540 706 742
5239 9 83 84 119 152 169 252 273 288 296 298 301 476 487 520 521 572 663 707
5240 83 152 223 252 263 301 303 663 706
5241 40 42 83 110 138 152 288 301
5242 9 48 83 84 119 248 249 252 256 273 288 298 301 303 325 520 521 572 700
5243 83 84 252 288 298 303 521 663 707
5244 42 83 256 263 273 288 298 301 303 385 476 506 520 521 536 572 626 663
5245 83 152 252 303 707
5246 83 182 252 266 287 288 301 706
5247 83 84 278 288
5248 83 84 252 301 325 663 706
5249 83 84 252 301 303
5250 83 148 201 251 252 298 301 520 521 572 631 633 712 759
5251 83 110 119 252 263 288 298 301 495 631 652 653 707
5252 84 152 169 252 273 288 301 303 318 336 504 526 690 719
5253 83 252 301 707
5254 83 84 152 201 251 252 275 301 303 328 339 345 476 487 521 572 633 663 706 725
5255 83 84 108 289 305
5256 83 109 201 297 298 301 367 515 524 603 648 710 718
5257 83 84 95 152 252 256 266 288 303 707
5258 83 84 152 252 301
5259 42 83 84 119 273 287 288 504 507 532 638 706 707 719
5260 9 83 152 252 301 462 626 707 728
5261 288 527 706
5262 23 45 56 80 83 84 107 201 248 249 251 256 288 298 301 348 459 583 633
5263 84 252 303 706
5264 83 110 201 251 252 275 288 297 298 301 345 487 521 592 633 663 707
5265 9 83 84 152 252 275 288 296 301 659
5266 83 252 288 303 506
5267 83 84 107 119 152 169 252 263 288 296 301 303 305 308 339 389 506 527 622 626 663 706 707
5268 23 37 83 84 119 160 169 248 256 288 298 301 303 345 348 459 476 478 480 487 493 506 520 521 556 572 582 626 633 638 663 706 707 719 749
5269 83 108 204 206 330
5270 83 252 266 298 301 303 659 707
5271 84 110 252 301 303 485 707
5272 9 83 84 152 256 273 288 298 301 303 520 521 626 707
5273 152 252 301 303 524 540 603 742
5274 37 83 84 152 248 249 252 256 263 288 295 298 301 303 345 346 348 385 473 476 478 483 487 606 626 633 707 728
5275 83 119 120 248 249 252 279 298 301 345 348 473 478 487 493 511 638 706 707 710 719
5276 83 84 110 252 303 485 706
5277 83 84 119 201 248 249 252 256 298 301 345 348 476 487 633 663 707 725
5278 84 114 301 515
5279 83 252 288 707
5280 40 42 83 84 119 152 252 275 288 303 526 707
5281 83 152 252 263 266 288 301 303 527 706
5282 83 223 252 263 288 303 663 706
5283 83 84 252 266 288 301 478 706
5284 83 84 110 223 263 288 301 303 663 707
5285 37 56 83 84 152 248 249 252 256 263 288 298 301 303 345 346 348 385 473 476 478 480 483 487 573 606 609 626 633 638 706 728
5286 50 83 95 123 288 296 301 303 385 526 626 706 707
5287 83 84 152 169 201 251 252 298 301 303 520 631 652 707 753
5288 83 252 263 301 303 707
5289 83 84 152 248 249 252 256 288 301 385 626 707
5290 83 119 152 169 288 301 303 339 487 706 707
5291 83 84 248 249 252 256 288 298 301 303 348 385 476 487 520 572 626 663 707
5292 303 706 707
5293 83 252 301 707
5294 169 252 266 273 288 301 303 345 478 663 706
5295 9 42 83 84 119 152 165 252 273 301 303 345 348 476 487 626 633 663 706 707
5296 37 83 84 92 109 152 173 201 248 249 251 252 256 273 288 298 301 303 369 520 521 572 638 648 707 728 753
5297 83 119 169 252 288 303 339 626 706 707 728
5298 83 182 275 288 298 301 318 485 520 572 626 707
5299 41 83 182 256 263 288 301 626
5300 83 252 256 266 288 345 487 506 616 626 632
5301 83 84 119 123 152 165 201 248 251 252 273 301 303 527 652 653 663 707
5302 9 28 83 84 152 201 248 249 251 252 256 273 288 293 294 298 303 348 352 367 373 385 476 521 572 626 663 706 759
5303 223 263 288 301 303 706
5304 83 84 256 288 524 753
5305 38 40 48 83 110 152 288 301
5306 83 84 252 256 263 266 301 303 633 706
5307 83 119 152 252 256 263 301 303 584 706 707 728
5308 42 83 84 119 256 301 303 318 504 507 532 638 707 719
5309 83 84 107 110 120 169 252 263 288 298 301 303 478 483 506 520 521 572 626 663 706 707
5310 83 95 152 252 301 303 336 526
5311 39 43 83 84 252 273 298 308 475 521 572 626 633 706 756 759
5312 123 152 153 182 252 288 301 334
5313 83 84 252 263 301 303
5314 110 152 252 256 301 303
5315 10 13 119 143 169 288 296 301 339 506 626 652 663 728
5316 83 165 256 295 296 298 301 303 385 478 521 523 572 633 670 706
5317 19 83 84 119 152 169 201 248 249 251 252 256 288 301 303 345 348 419 463 476 487 520 521 626 633 663 706 707 759
5318 9 83 84 119 152 201 251 252 256 273 298 301 303 476 520 521 572 663 707
5319 83 84 303
5320 36 39 83 84 152 165 252 256 263 296 303 385 697 698
5321 42 83 123 152 252 263 273 288 298 301 620 663
5322 83 152 252 301 385 706 707
5323 9 110 152 201 234 251 252 254 256 263 288 293 294 298 301 303 367 725 759
5324 83 110 119 301 303 626 663 672 728
5325 83 84 152 252 256 266 288 298 301 626 707
5326 9 39 83 84 152 165 201 232 251 273 303 476 663 706 707 715
5327 83 84 223 252 288 303
5328 169 182 301
5329 84 288 638
5330 9 24 33 48 83 107 152 155 201 251 252 279 288 298 301 303 502 506 511 515 591 602 604 611 710 725 736
5331 48 83 84 152 252 288 671 703
5332 84 252 301 303 482 722
5333 288 301 319
5334 83 84 139 152 252 266 288 301
5335 42 84 152 201 251 252 275 288 301 352
5336 83 84 152 203 252 298 303 527 706 707
5337 83 84 152 301 303 707
5338 83 84 152 252 288 303
5339 83 84 123 152 252 288 298 301 303 476 478 520 521 626 663 670 707 723
5340 11 13 80 83 84 119 152 252 256 288 298 301 367 476 626 663 707
5341 83 123 152 252 288 301 303 626 706 707 728
5342 9 83 84 119 152 201 251 256 288 298 301 302 303 521 572 626 707
5343 44 48 83 663 698
5344 40 42 83 110 119 152 169 263 288 296 301
5345 83 152 252 256 298 301 303 659
5346 42 83 169 248 252 256 288 295 298 301 303 367 706 707
5347 83 139 252 256 298 301 520 521 670
5348 9 55 83 84 256 301
5349 83 84 165 288 301 334 377 384
5350 83 84 110 152 252 256 279 298 301 302 303
5351 9 84 165 224 252 288 301 303 308 670 723 725
5352 182 288 303
5353 83 84 119 248 249 252 301 395 423 487
5354 83 84 152 252 301 303 527 636
5355 182 256 301 303 506 626
5356 9 83 84 165 224 252 288 303 308 670 723 725
5357 9 83 123 165 252 288 301 303 687 697
5358 9 33 36 47 48 83 84 107 110 123 152 155 169 201 202 251 252 256 274 288 296 301 303 345 385 478 482 506 511 541 591 602 604 657 670 703 710 723 736
5359 80 83 84 152 248 249 252 288 298 301 303 520 521 725 753
5360 48 83 152 252 256 266 298 301 303 572 633 723
5361 48 83 84 107 110 152 288 298 301 303
5362 83 84 119 252 256 289 301 303 305 663
5363 84 288 289 301 303 305 663 690
5364 83 152 252 266 301 303 707
5365 288 301 638
5366 83 123 152 169 252 288 303 707
5367 301 303 706 707
5368 42 84 123 252 256 301 303 527 697 698 706
5369 84 152 201 251 252 256 298 301 303 348 520 521 572 626 706 707
5370 83 84 171 182 201 251 252 256 288 546 689
5371 42 83 152 288 301 303 331 507 532
5372 83 84 252 263 288 303
5373 84 123 152 165 251 252 296 298 301 303
5374 83 84 152 203 252 266 298 301 303 408 659
5375 84 152 232 252 288 301 303 408 636
5376 83 84 152 252 289 296 303 305 527
5377 9 83 84 119 251 288 298 301 663
5378 152 252 266 301 303 598
5379 9 48 83 84 107 111 152 201 251 252 256 288 298 301 303 476 494 520 521 572 626 663 707
5380 9 83 84 165 252 296 298 303 511 690
5381 83 84 119 152 169 201 248 249 251 252 256 288 298 303 345 348 419 463 476 478 483 487 520 521 572 626 631 633 707 759
5382 9 83 84 119 152 201 251 252 263 298 301 303 526 663 706 707
5383 48 83 84 301 303 325
5384 41 83 152 263 288 301 303 507 532
5385 83 84 152 252 263 266 275 301
5386 9 83 84 165 224 266 289 301 303 511 624 663 725
5387 10 11 13 301 303
5388 42 83 152 252 266 298 301 303
5389 83 303 707
5390 83 288 331 707
5391 9 83 123 182 252 256 288 298 301 303 520 670 710
5392 83 84 152 252 288 303
5393 9 33 83 107 110 123 152 165 201 251 252 296 301 303 345 385 478 482 494 506 539 540 591 604 611 657 670 673 697 698 710 723
5394 11 83 301 472
5395 9 33 83 84 107 139 152 155 201 251 252 256 279 301 502 506 511 591 604 611 673 710
5396 19 83 84 152 252 288 296 301 626 707 728
5397 9 33 84 107 152 201 251 288 296 301 303 478 502 511 539 604 611 657 673 710
5398 37 48 83 84 107 119 152 201 248 249 251 252 256 263 279 288 298 301 303 325 345 348 476 478 480 487 520 521 526 539 572 626 631 633 663 706 707
5399 288 301 303
5400 83 152 252 266 288 301 303 526 706
5401 83 92 201 248 249 252 301 339 728 759
5402 83 201 251 252 256 298 301 478 487 520 555 631
5403 83 84 119 251 256 288 301 478 487 555
5404 83 84 201 325 506
5405 48 83 86 89 119 173 201 248 249 251 252 256 263 279 288 298 301 325 348 476 505 520 521 526 572 626 633 759
5406 10 11 84 252 301 472
5407 10 13 80 83 84 301 339 626
5408 83 84 252 256 707
5409 84 288 301 633
5410 83 84 201 248 249 252 256 298 301 303 520 521 572 633 689 759
5411 83 84 152 256 288 301 706
5412 11 13 83 84 169 252 256 273 288 301 472 626
5413 83 84 123 152 201 248 251 252 256 288 303 345 348 476 487 626 633 707 725
5414 83 84 152 201 249 251 252 256 288 298 301 303 345 348 476 487 520 572 626 633 707 725
5415 11 83 301 303 472
5416 83 252 293 294 407 414 712
5417 83 107 152 188 252 263 288 301 303 345 487 511 707 710
5418 84 294 301 308 568 723
5419 108 118 194
5420 83 84 119 169 201 248 249 256 273 301 476 478 487 539 572 663 689
5421 83 110 152 256 288 301 303 308 475 521 663
5422 80 83 84 119 152 173 201 248 249 251 252 256 275 279 288 298 301 303 352 473 475 476 539 582 626 633 707 728
5423 83 84 152 252 301 330 526
5424 83 256 303 325
5425 37 84 119 201 248 249 252 256 273 301 476 478 487 572 652 663 689
5426 19 23 37 83 84 119 152 160 169 249 252 256 298 301 303 345 348 476 487 493 506 520 521 572 582 626 633 663 706 707 728 749
5427 266 288 301 303 506 626 706
5428 47 84 143 201 252 256 288 298 301 369 400 521 568 572 663
5429 37 83 169 252 263 266 301 345 487 504 706 707 719
5430 39 83 84 160 201 251 252 256 298 381 520 521 572 583 759
5431 83 84 92 174 201 251 252 256 279 301 303 391 436 546 633
5432 83 84 152 165 201 251 252 288 296 298 301 303 385 487 520 572 626 706
5433 27 39 84 86 145 160 173 196 252 301 374 499 500 530
5434 83 110 152 173 248 249 252 256 301 367 410 520 521 526 725
5435 83 84 256 301 303
5436 23 37 83 84 119 152 160 169 248 249 252 298 301 303 345 348 459 473 476 478 480 493 506 520 521 572 582 626 633 638 663 707 719 749 759
5437 37 119 288 301 303 342 487 504 706 707 719 749 754
5438 84 201 252 256 279 520 521
5439 45 83 84 178 201 248 252 268 279 309 569 631 720
5440 37 84 119 169 201 248 249 252 273 288 476 478 487 539 572 652 689
5441 256 288 364
5442 84 301 519 633
5443 83 84 119 201 249 251 252 298 301 303 348 487 521 572 599 626 663 707 759
5444 48 83 84 86 89 110 121 189 201 249 251 252 263 273 279 288 298 301 325 348 476 506 520 521 572 588 626 640 663 728 759
5445 19 37 83 301 345 348 633 638 719
5446 9 83 84 152 256 301 303 367 386 520 748 759
5447 19 83 84 107 155 256 275 298 301 303 364 520 521 526 707
5448 83 84 201 256 633
5449 49 83 84 152 165 173 178 201 252 256 288 298 301 303 572 583 707
5450 83 84 152 252 301
5451 11 13 83 288 296 301 303 472
5452 83 84 303 707
5453 48 84 107 152 252 288 301 303
5454 10 11 13 83 84 119 252 256 273 301 303 728
5455 62 83 85 152 160 189 201 251 252 256 288 298 301 303 344 398 410 506 520 521 572 633
5456 10 13 83 84 252 288
5457 318 706 710 758
5458 83 84 107 119 201 248 249 251 252 256 288 301 303 318 345 476 526 707
5459 152 201 248 249 251 256 298 520 521 631 759
5460 11 13 83 84 252 288 296 303
5461 252 305 706
5462 83 84 201 248 249 251 256 279 298 301 303 348 487 520 521 572 626 663 707
5463 83 84 154 248 249 252 256 288 301 308 345 541 707
5464 83 84 152 252 288 301 707
5465 10 11 19 37 83 288 301 345 348 487 633 719 749
5466 10 11 84 119 256 273 288 301 303 472 626 728
5467 83 252 301 303
5468 83 84 169 256 266 298 301 303 318 521 707
5469 84 301 303 707
5470 9 83 84 152 155 156 201 251 252 254 256 263 273 279 298 301 345 348 367 387 487 572 583 633 759
5471 37 83 84 119 122 152 169 252 263 288 303 336 487 706 707 719
5472 107 110 143 152 252 303 308 611 663 673 712
5473 83 84 288 303 707
5474 83 84 152 252 266 275 301 706
5475 44 83 84 135 136 152 201 248 249 251 256 301 303 339 423 471 473 487 506 539 626 653 728
5476 62 83 247 248 256 301 633
5477 54 83 152 252 256 279 298 301 520 521 759
5478 9 83 84 119 152 201 248 249 251 252 273 288 298 303 348 476 487 521 572 707
5479 23 37 84 152 169 248 249 252 256 288 298 301 345 348 459 473 476 478 480 487 493 506 520 521 556 572 582 626 633 638 663 706 707 728 749
5480 83 84 119 152 169 248 252 256 288 303 473 487 520 521 670 706 759
5481 83 84 92 152 252 301 520 521 633 638
5482 83 84 110 201 248 249 252 256 288 298 301 345 487 568 707
5483 83 84 152 201 205 252 256 288 298 301 303 345 348 476 520 521 572 626 633 663 706 707
5484 83 301 303 603 682
5485 83 84 119 205 249 251 252 288 301 476 487 521 572 606 633 689 706
5486 9 48 83 84 107 110 111 119 152 165 248 249 256 288 298 301 303 308 348 476 487 520 521 572 626 663 707
5487 83 84 201 248 249 252 256 298 303 348 487 659
5488 48 83 84 119 251 252 256 288 301 325 328 348 476 487 521 572 626 663 706 707
5489 48 83 84 107 110 152 248 249 252 256 288 298 301 302 303 325 348 487 520 521 572 626 633 725 753 759
5490 83 84 119 169 248 252 256 263 288 301 303 473 487 520 521 670 707
5491 83 84 110 152 288 301 364
5492 9 39 83 84 152 251 252 298 301 303 584 616 706 707
5493 48 152 263 288 295 301 303 478 707
5494 37 56 83 84 119 152 180 201 229 248 249 251 252 256 288 301 303 391 487 511 520 521 572 583 626 707 710 725 759
5495 42 83 84 152 222 252 256 288 298 301 303 325 520 521 572 626 707
5496 83 84 119 169 248 252 256 263 288 301 473 487 520 670 706 707 759
5497 83 152 201 251 252 263 288 301 507 532
5498 9 48 83 84 110 119 152 169 249 256 263 288 301 303 339 473 476 478 494 539 582 626 728
5499 83 84 119 251 252 256 263 273 288 301 303 521 572 663 707
5500 10 13 83 288 472
5501 9 48 83 110 111 152 182 248 249 252 256 263 288 301 303 348 476 478 480 494 539 626 633 759
5502 19 64 83 84 119 252 263 298 301 303 473 616 659 706
5503 83 84 152 252 296 301 303
5504 19 56 83 84 93 152 169 201 248 249 251 252 263 288 298 303 345 348 476 480 487 520 521 551 560 572 604 626 631 633 721 725
5505 36 83 84 152 252 288 385 703 739 741
5506 38 42 301 431
5507 83 119 152 169 248 252 256 288 301 473 487 520 521 670 706 707 759
5508 83 84 252 301 638
5509 23 37 83 119 152 160 169 249 252 288 298 303 345 348 459 473 476 478 480 487 493 506 520 521 556 572 582 626 633 663 706 707 719 728 749
5510 83 84 119 152 248 252 255 256 263 288 301 303 473 487 520 521 670 707
5511 84 201 251 256 298 301 303 521 572 573 626
5512 9 83 152 252 256 266 298 301 385 539 626 728
5513 9 119 251 256 266 301 303 626 633 706
5514 83 84 152 201 251 252 256 263 288 298 301 303 521 572 706 707
5515 84 107 119 248 249 251 252 256 298 301 303 348 487 521 572 592 626 631 707
5516 84 107 248 249 251 252 256 273 297 298 301 521 572 626 631 663 713 759
5517 83 84 152 201 249 252 256 263 288 298 301 303 520 521 706 707
5518 42 83 84 119 155 160 182 201 248 249 251 252 256 288 294 299 301 303 325 345 348 487 521 572
5519 83 119 152 248 256 263 288 301 303 473 487 520 521 670 706 707 759
5520 84 252 256 266 288 301 706
5521 83 84 152 201 251 256 263 288 298 301 303 572 706 707
5522 83 84 152 169 252 263 266 275 287 288 663
5523 83 84 152 201 249 252 256 263 288 298 301 303 520 626 706 707
5524 9 37 83 84 119 152 201 248 249 251 252 256 263 288 298 301 303 348 520 521 572 707 710 725
5525 83 84 119 152 169 248 263 301 303 473 487 520 521 670 706 707 759
5526 83 84 152 252 256 266 288 303 706
5527 42 83 84 152 252 256 288 298 301
5528 83 84 120 201 248 249 252 256 273 288 301 303 478 487 663 707
5529 83 84 201 248 249 256 298 301 487 590 759
5530 42 83 107 152 252 288 301 303
5531 19 37 83 84 119 152 169 252 256 288 301 303 345 348 352 476 487 493 626 633 638 663 707 723 749
5532 84 119 152 169 248 252 255 256 263 301 303 473 487 520 521 706 759
5533 9 83 84 248 249 252 256 288 301 463 707 759
5534 37 48 83 84 119 136 152 252 256 263 280 288 298 303 325 345 348 473 476 478 483 487 493 520 521 572 626 633 638 663 706 707 719 723 749 750 759
5535 37 83 84 201 248 249 251 252 256 301 345 348 476 478 487 626 633 706 707
5536 83 84 152 201 248 249 251 252 303 487 521 572 599 663 706 707 759
5537 19 37 83 119 120 252 256 263 280 288 301 303 345 352 473 476 487 493 626 633 638 663 749 750
5538 83 84 107 110 152 165 248 252 256 288 296 301 487 663 707
5539 83 152 169 252 301 303
5540 288 301 303
5541 83 152 252 288 296 298 332 529 603 742
5542 37 83 84 248 252 288 301 303 339 345 408 419 473 487 506 516 626 638 663 706 707
5543 83 252 303
5544 84 152 252 301 303 422
5545 83 152 252 288 303 707
5546 83 301 303 706
5547 42 48 110 111 182 301 303 325 561
5548 9 83 107 110 152 266 298 301 303 332 478 540
5549 9 83 84 152 252 279 288 298 301 476 511 515 663 682 710 725
5550 9 33 48 83 84 110 152 165 252 256 325 520 521 759
5551 83 84 201 252 296 298 301 572 626 707
5552 83 232 256 266 288 301 303 408 478 482 631 687 706
5553 84 252 301 303
5554 84 252 301 498 671 672
5555 256 288 301
5556 9 83 203 232 252 279 298 301 303 476 515 663 706 710 725 742
5557 83 84 119 152 252 256 288 301 303 318 504 690 706 707 719
5558 83 119 252 288 296 301 303 318 504 626 683 697 707 719
5559 9 83 123 152 232 252 288 301 303 385 476 511 515 663 682 706 710
5560 9 83 84 252 256 301 303 385 511 515 527 682 710 725
5561 83 252 256 303 626 663 707
5562 9 83 84 232 252 256 279 298 301 303 476 511 515 527 663 690 710 725
5563 9 83 110 123 252 297 298 301 303 476 478 482 511 515 592 663 687 690 706 710
5564 83 84 252 303
5565 33 83 84 123 152 252 256 279 288 299 301 303 520 521 572 670 689 706 744
5566 83 84 152 266 288 301 303 744
5567 83 256 301 303
5568 84 252 303 707
5569 39 42 83 84 232 249 252 256 263 288 298 301 303 308 312 345 348 381 382 473 476 487 520 521 572 626 633 707
5570 84 252 256 279 288 298 301 303 348 515 546 626 663 706
5571 83 110 152 252 256 266 301 303 663 707
5572 83 119 123 152 182 288 298 301 303 626
5573 83 84 288 302
5574 83 169 266 288 301 616 632
5575 84 252 301 303
5576 83 84 110 152 203 256 301 303 670 687 725
5577 9 42 48 84 152 252 256 298 303 671 759
5578 9 48 84 152 182 252 301 303 562 723
5579 9 83 84 152 256 279 298 301 303 476 511 515 663 706 710 725
5580 37 83 119 252 256 288 298 301 303 345 348 476 478 483 487 493 520 521 572 626 633 638 719 749
5581 9 83 84 152 232 252 279 288 298 301 303 332 515 520 631 682 725 742
5582 9 83 84 109 152 252 256 298 301 369 515 524 527 603 650 697 698 706
5583 19 39 83 84 119 123 232 248 249 252 263 288 298 301 303 308 328 345 348 473 476 487 520 626 638 706 707 753
5584 42 84 169 252 256 266 288 301 303 626
5585 7 62 83 84 107 119 120 152 248 249 252 256 274 298 301 303 391 478 487 506 520 521 626 633 638 707 725
5586 39 42 84 107 169 248 249 252 256 263 288 298 301 303 308 328 345 348 473 487 626 631 707
5587 83 123 152 182 202 252 288 303 494 670 698
5588 83 203 303
5589 83 84 111 288 690
5590 41 232 289 301 303 305 540 742
5591 9 83 84 252 256 298 511 663 690 710 725
5592 83 84 152 252 303 706
5593 9 83 84 203 252 256 279 298 511 515 546 663 710 725
5594 39 42 83 119 123 169 252 263 273 288 293 294 298 301 303 308 328 339 345 373 473 476 506 520 626 628 631 633 638 728 753
5595 9 83 84 232 252 303 524 540 603 723
5596 19 37 83 119 120 169 252 256 263 280 288 352 473 476 487 493 633 638 663 707 719 749 750
5597 48 83 84 123 152 201 252 256 279 298 511 515 520 572 633 672 710 756
5598 182 301 303 319
5599 9 36 182 298 303 385 478 520 523 572 602 626 671
5600 83 84 152 256 288 301 636 670 687 725
5601 43 83 123 152 252 288 298 301 484
5602 39 42 83 84 232 248 249 252 256 263 288 301 303 308 312 345 381 476 487 626 633 638 707 728
5603 252 288 486
5604 83 84 152 252 298 332 725 759
5605 266 298 301 303 385 626 697 698 707
5606 84 252 301 303 540 670
5607 83 109 152 221 252 288 301 303 485 744
5608 83 84 152 182 252 256 301 303 626 707 759
5609 83 84 152 218 251 252 266 288 301 303 663
5610 83 84 95 152 252 301 690 706
5611 48 84 252 256 301 325
5612 83 107 110 152 182 252 301 303
5613 19 28 39 42 83 107 119 123 169 252 263 273 288 293 294 301 303 308 345 373 473 476 487 506 626 628 633 706 707 728
5614 84 107 110 252 266 288 298 301 303 334 520 572 706
5615 9 83 84 119 152 165 252 256 288 296 298 301 303 476 487 626 663 706 707
5616 83 110 123 152 182 288 301 303 520 670
5617 52 84 89 107 110 196 201 248 249 251 254 256 263 298 301 303 354 356 367 374 403 753
5618 19 37 83 84 345 487 633 638 719
5619 62 80 83 84 107 211 248 249 256 262 263 279 297 298 299 358 367 572 592 626 637 645
5620 23 83 84 89 152 248 252 263 301 303 551 572 580 581 607 689
5621 84 248 249 256 298 301 367 505 520 521 568 572 631 633 725
5622 83 84 248 249 254 279 288 298 301 373 505 521 631
5623 83 288 479
5624 83 84 248 252 256 288 298 300 301 368 521 572 633 712
5625 4 83 107 294 298 301 367 478 479
5626 84 288 301
5627 83 84 308 599 631
5628 83 108 249 301 318
5629 84 160 201 252 298 301 303 349 350 355 356 520 521 572 582 583 759
5630 69 80 83 459
5631 84 128 236 293 294 296 298 432 506 520 546 572 624 626 631 633 690 759
5632 78 83 84 107 152 173 201 256 293 294 298 301 410 411 520 572 631 633
5633 83 84 252 256 301
5634 201 249 252 256 301 303
5635 39 46 84 189 252 256 487 521 541 584
5636 83 252 288 301 345 419 631 663
5637 83 84 256
5638 2 83 84 156 160 201 252 256 263 279 298 301 309 479 505 572 735 756
5639 83 248 249 252 256 279 288 298 301 303 348 487 529 725
5640 69 83 84 160 201 251 256 298 301 309 521 546 572 633
5641 83 84 98 152 248 252 301 303 507 511 521 710 725
5642 9 48 83 84 119 152 160 166 187 201 248 249 251 252 254 256 263 273 288 298 301 303 325 345 348 407 413 414 473 476 478 483 487 520 521 539 572 582 583 604 606 725 743 753
5643 23 83 84 107 160 236 248 249 256 268 298 301 357 367 432 435 459 467 521 557 572 582 583 590 604 626 631 632 633 689 759
5644 23 80 83 288 289 298 301 305 399 459 626
5645 83 121 248 249 256 288 298 301 487 575 687
5646 83 121 248 252 256 288 298 301 478 487 575 687
5647 83 84 391 663
5648 84 303 323 717
5649 83 98 110 252 289 296 440 541 663 690
5650 83 201 288 301 367 529 559
5651 62 83 84 252 432
5652 83 84 201 256 301
5653 47 203 288 289 296 297 298 301 478 479 560 592 710
5654 48 83 203 289 568
5655 256 288 301
5656 83 252 256 288
5657 80 83 84 110 152 154 155 171 172 201 202 248 251 252 258 301 506 521 541 633 725
5658 83 84 254 444 467
5659 83 248 249 252 256 288
5660 39 48 84 201 203 251 252 297 298 301 367 391
5661 23 60 63 84 125 128 248 252 354 443 445 453 487 557 572 599 631 689
5662 42 84 227 248 256 279 301 303 381 441 487
5663 83 108 152 289 296 301 305
5664 84 110 252 301 431 690
5665 39 83 84 123 152 201 251 252 256 263 279 298 301 325 391 520 521 572
5666 83 84 89 107 123 154 160 166 177 201 202 212 242 251 254 256 293 301 303 310 367 400 478 479 520 521 541 572 584 604 631 633 643
5667 82 83 84 87 201 252 298 301 307 315 608 631 667
5668 84 152 252 301
5669 83 85 248 249 256 298 301 308 354 368 391 478 479 506 511 520 572 599 604 710
5670 84 152 201 256 301 633
5671 50 83 110 123 152 252 263 296 297 301 305 488 511 561 592
5672 83 84 256 301
5673 84 85 94 107 152 160 201 242 251 252 256 298 301 381 391 410 418 479 521 629 634
5674 83 84 152 252 303
5675 1 37 83 152 169 252 301 311 417 529 530
5676 110 356 602 670 697 698 702
5677 63 160 253 367 400 453 456 568
5678 83 203 252 710
5679 48 78 83 84 107 152 252 256 301 303 325 759
5680 83 84 301 415
5681 84 248 256 298 301 345 690 759
5682 51 62 80 83 160 174 201 251 293 294 301 354 379 381 521 572 759
5683 38 83 84 301 303 367 520 759
5684 84 263 288 301
5685 83 84 127 227 236 248 252 263 296 301 440 457 511 667 710
5686 77 83 84 160 201 248 249 251 279 391 505 521 533 539 572 583 631 633
5687 83 121 248 249 251 252 288 298 303 478 575 687
5688 83 84 115 633
5689 83 84 248 249 256 288 298 301 521
5690 83 110 301 353 367 385 633
5691 9 83 84 94 124 152 173 201 251 256 298 301 309 391 400 506 521 557 572 631 633 759
5692 83 84 252 256 367 422
5693 108 195 204
5694 83 84 256 303 506 638
5695 83 84 252 301 303
5696 83 201 248 249 252 256 301 546 712
5697 256 288 301
5698 201 367 452
5699 74 107 256 266 298 301 386 389 520 666
5700 80 83 201 251 252 256 279 293 294 298 309 312 381 382 452 521 572 604 756
5701 263 304 312 367
5702 78 84 123 248 249 301 631
5703 23 83 84 152 252 256 307
5704 6 9 83 84 107 208 242 254 288 293 294 298 367 520 521 631 725 759
5705 23 83 152 201 227 252 279 298 301 521 631 689
5706 83 84 89 93 201 202 251 252 288 301 503 506 520 521
5707 83 128 368 441 631 633
5708 84 410 521
5709 83 84 94 252 298 301 520 521 697 698
5710 83 84 301 305
5711 83 84 156 160 248 249 255 256 263 288 293 298 301 309 345 348 355 476 480 487 521 583 606 631 633 759
5712 84 220 256 288 298 301 303 391
5713 84 252 256 301 697
5714 288 301 303 496
5715 63 92 166 172 173 183 236 265 277 279 383 415 450 455 470 559 574 612 654 656 658
5716 84 256 288 301 385 633
5717 12 23 58 74 78 83 87 107 256 277 288 301 303 338 356 358 431 459 511 547 631 633 641 710
5718 37 56 83 84 89 107 109 110 111 119 121 123 135 136 166 204 212 252 263 280 288 301 339 369 391 403 422 476 478 480 483 487 555 584 650 660
5719 83 84 110 201 256
5720 83 128 160 208 252 256 273 288 301 348 487 521 633
5721 1 80 83 84 107 189 201 207 248 251 252 279 288 300 301 303 313 354 381 382 386 400 487 520 521 572 575 626 633 637 756
5722 160 298 301 308 309 354 511 521 572 710
5723 9 27 83 84 85 92 99 107 128 160 171 172 173 201 252 268 293 294 298 301 303 310 367 381 423 441 506 520 572 633
5724 83 84 164 301 478 479 487 637 697 699 704 725
5725 83 227 248 294 478 480
5726 2 81 84 256 301 725
5727 48 58 83 84 87 107 134 152 201 251 252 298 303 356 428 431 506 520 547 631 632 633
5728 84 107 213 252 254 256 263 288 301 308 354 367 391 487 493 506
5729 82 83 84 107 152 248 249 252 256 298 301 520 521
5730 83 84 173 201 251 256 288 293 294 298 301 309 338 391 428 506 618
5731 83 84 201 626 633
5732 83 84 108 252 278
5733 23 83 84 107 112 128 155 201 259 288 301 417 475 503
5734 23 83 84 107 160 201 251 252 263 297 301 356 459 475 520 539 592 626 631 632 633 713
5735 83 84 110 119 136 152 248 249 252 256 263 288 298 301 478 483 487 520 521 572 606 663 707 723 759
5736 84 252 367
5737 83 84 115 249 301 706
5738 83 84 201 248 249 256 288 301 521
5739 83 84 107 119 120 152 169 248 249 252 254 256 280 301 345 348 473 476 478 483 487 493 520 521 626 633 663 706 707 719 749 750
5740 84 201 251 252 301 303 349 367 759
5741 83 84 110 152 252 256
5742 78 83 84 107 251 289 305 422 506
5743 84 288 367
5744 5 83 84 256 301 526
5745 27 39 83 85 160 201 248 249 251 252 254 263 278 288 301 505 518 520 521 633
5746 83 84 110 152 154 201 252 256 288 301 310 345 348 381 382 396 474 520 521 541 608 633 725 759
5747 83 85 123 152 201 248 249 251 252 256 263 288 301 345 476 478 480 487 521 633 689 756
5748 84 301 303 506 663 710
5749 15 80 194 195 206 301 544
5750 3 48 65 80 83 84 86 92 93 107 166 201 251 252 279 288 297 298 301 310 325 351 381 382 506 520 535 592 598 631 633 713
5751 83 84 107 152 160 173 174 201 248 249 251 252 256 301 303 358 400 410 521 568 572 626 731 759
5752 84 288 391 663
5753 80 84 89 99 201 251 252 254 256 279 301 338 367 385 410 467 511 520 521 546 572 583 626 633 710 759
5754 12 29 39 46 58 74 78 83 84 87 107 121 152 201 202 251 252 254 277 288 298 301 303 338 339 355 356 358 431 437 506 520 539 541 547 604 631 641
5755 58 74 83 84 85 87 89 107 173 288 309 431 455 467 547 631
5756 80 83 84 110 152 293 294 301 308 354 355 506 511 541 604 690 710
5757 83 252 289 301 712
5758 312 391 577
5759 84 155 201 251 252 256 279 288 301 520 521 526 572 583 759
5760 83 84 107 110 185 227 252 256 263 279 298 301 349 354 521 631
5761 47 83 84 153 297 298 303 713
5762 84 252 301 338
5763 201 279 294 301 452
5764 83 288 298 301 520 697 698 710
5765 83 84 152 248 249 256 279 298 301 309 381 572 759
5766 25 83 84 152 201 252 256 298 300 559 759
5767 23 37 83 84 248 249 251 256 263 288 301 345 346 423 459 473 476 487 633
5768 83 84 107 152 158 249 252 279 288 301 357 381 410 520 583 626 631 712
5769 84 256 288
5770 83 248 249 303
5771 59 84 107 152 201 239 252 256 279 293 298 301 358 367 382 398 520 521 572 581 583 626 633 689 759
5772 37 83 256 288 303 749
5773 84 201 248 251 252 256 269 288 298 301 505 521 583 759
5774 83 107 110 254 256 301 631
5775 84 110 201 242 251 252 254 256 298 350 385 584 631 633
5776 83 84 115 249 301 707
5777 84 252 759
5778 83 84 256 301
5779 83 160 201 252 256 279 298 301 411 572 676
5780 84 119 201 248 249 251 252 256 298 301 303 325 487 521 539 572 663 706 707
5781 83 84 252 301
5782 84 301 361
5783 83 84 248 249 252 254 256 263 288 301 367
5784 83 84 256 288 698
5785 83 84 355
5786 83 288 289 296 301 305 308
5787 84 256 288
5788 83 85 89 107 171 172 249 256 298 301 308 354 411 478 479 506 511 520 521 546 559 572 599 710
5789 56 83 84 114 152 209 298 327 410 521 725 740
5790 83 156 160 201 256 288 298 301 505 521 572 590 626 689
5791 1 23 84 85 298 301 347 374 459 511 710 759
5792 83 84 156 201 256 279 301 521 545 572
5793 83 148 152 201 251 252 256 262 298 301 395 520 521 550 572 629
5794 83 84 172 248 249 252 256 288 301 450
5795 83 201 252 256 300 301 309 492 520 690
5796 83 84 140 252 256 301 759
5797 84 152 201 248 249 279 583
5798 23 80 83 84 201 301 381 452 633
5799 83 107 110 294 417 690
5800 84 201 279 520 521
5801 2 252 288 289 301 690
5802 83 201 251 298 301 505 520 521 633
5803 83 84 152 248 249 251 252 254 256 263 279 301 373 400 505 518 520 521 568 572 635 759
5804 33 83 84 107 110 146 160 256 270 288 301 303 309 424 457 521 535 633 656 670 685 725 731
5805 83 121 252 288 301 339 631
5806 83 84 201 251 410 520 521 572 690
5807 107 160 301
5808 84 201 301
5809 83 84 248 249 252 288
5810 23 83 152 201 229 248 249 252 256 262 279 288 298 301 459 506 511 631 710 748 759
5811 83 107 296 301 753
5812 83 84 85 107 128 152 160 201 258 298 301 521 572 582 583 601 602 645 725 736 759
5813 83 84 301 366 369 648 729
5814 83 84 248 249 252 256 288 402 546 735
5815 83 84 128 201 251 252 256 288 298 301 381 382 572 599 631 633 725 753
5816 83 84 107 119 248 249 252 254 256 263 280 298 487 521 572 606 626 663 707
5817 83 84 154 201 248 256 298 301 412 541 581
5818 83 84 93 98 107 157 252 289 298 301 303 305 529
5819 83 84 152 201 251 252 254 298 301 337 367 422 520 521 572 689
5820 11 13 252 301 472 506 626
5821 10 303 472
5822 10 11 83 301 303 472
5823 13 169 472
5824 11 13 83 288 472
5825 10 11 288 301
5826 2 7 11 83 107 110 248 263 272 288 298 299 301 303 318 328 463 472 476 604 707
5827 7 10 11 13 119 169 263 301 318 472
5828 2 7 10 48 83 119 263 272 298 299 301 303 318 652 653 725
5829 7 11 13 48 83 110 119 288 298 301 352 652 653 725
5830 2 7 10 11 48 80 83 110 119 263 298 301 318 478 506 626 652 653 725 728
5831 10 11 13 83 201 263 274 301 472 478 482 663
5832 11 38 40 83 110 138 252 263 288 301 318 339 472 487 506 707 728
5833 10 11 41 482
5834 10 11 13 303 472
5835 11 288 573
5836 10 13 83 288
5837 7 10 11
5838 10 11 83 84 152 252 296 301
5839 10 11 13 301 303
5840 48 83 84 92 98 157 298 317
5841 10 11 13 263 288 303
5842 13 288 472
5843 13 119 169
5844 10 13 252 272 301 472
5845 46 84 85 89 107 298 308 354 478 479 520 521 546 559 599 604 626
5846 47 79 83 84 160 171 201 251 252 298 301 520 572 712
5847 301 371 506
5848 80 83 152 194 206 252 296 301 367 514 544
5849 42 83 84 152 252 301 303 507 532
5850 83 84 89 152 288 298 303 367 391 512 520 539 572 604 631
5851 83 84 107 119 123 169 197 201 248 251 252 263 298 301 303 352 364 419 463 476 487 495 520 539 626 631 638 652 653 706 707 728 753
5852 84 93 355
5853 169 182 288
5854 15 108 194 206 301 558
5855 110 251 354 631 632 633
5856 109 366 369 515 650
5857 83 169 288 303 706
5858 42 83 169 263 301 303 536 706
5859 83 95 301 303 336 690 706
5860 83 301 706 707
5861 119 135 136 252 266 288 301 339 487 626 638 728
5862 83 84 94 160 252 263 298 301 506 520 572 631 633 647 759
5863 40 42 110 138 288 303
5864 169 288 301 339 516 706 709
5865 83 169 266 288 301 305 698
5866 37 83 169 252 266 288 301 345 487 504 719
5867 83 110 169 182 252 297 301 303 339 506 626 728
5868 80 83 84 152 288 486 541 631
5869 66 449 486
5870 66 84 486
5871 42 83 95 252 266 288 289 301 536 690
5872 42 83 95 152 252 288 289 303 305 536 690 706
5873 83 266 288 303 385 506 706
5874 84 116 152 252 301 397
5875 42 83 84 152 252 301 706
5876 266 301 303 707
5877 119 152 169 252 301 303 385 616 626 632 707
5878 288 638 706 707
5879 83 152 288 301 303 616 632
5880 83 182 252 301 506 573 690
5881 486 546 633
5882 83 84 252 289 296 301
5883 83 266 301 303 339 506 616 632 706
5884 7 42 83 84 266 288 301 303 318 419 507 532 707
5885 83 107 123 131 263 288 296 298 303 423 603
5886 84 288 706
5887 288 301 706
5888 83 301 638 707
5889 252 288 301 318 506 626 706 707
5890 48 288 294 301
5891 83 84 169 288 303 341 706 754
5892 83 84 169 263 288 298 301 318 339 345 419 520 521 572 626 706 707
5893 42 83 119 169 288 289 301 305 339 616 707
5894 47 110 152 252 288 296 301
5895 83 288 638 707
5896 83 169 288 303 336 690 706
5897 143 182 263 288 301 303 506 663 728
5898 42 83 95 119 169 288 289 298 301 305 482 506 626 652 653 663 706 728
5899 83 84 152 301
5900 252 301 303 707
5901 83 119 169 263 288 301 303 318 339 419 504 616 652 707 719
5902 108 200 206 288
5903 83 197 288
5904 80 83 84 93 201 252 294 298 354 432 452 475 604 607 608 670 759
5905 288 301 486
5906 95 288 301 303 690 706
5907 83 110 153 227 288 297 326 584 660
5908 83 84 169 288 301 336 690 706
5909 108 199 367
5910 152 169 252 288 301 706 707
5911 83 169 301 706
5912 182 288 301 506
5913 42 83 266 288 303 318 385 419 506 536 626 728
5914 83 266 301 318 339 506 527 626
5915 83 119 152 169 201 251 252 263 274 288 298 301 339 626 728
5916 83 141 152 201 301 347 460 475 521
5917 42 83 152 288 301 303 532 706
5918 55 108 367
5919 83 108 204 252 288 303
5920 83 110 111 252 296 301
5921 83 252 275 288 298 301 339 352 638
5922 48 83 107 123 152 169 252 275 288 296 298 301 303 345 386 388 473 516 584 622 706 707
5923 28 39 42 83 84 110 111 123 152 252 263 273 288 293 294 301 303 308 328 345 473 506 626 628 638 706 707 728 753
5924 95 288 303 616
5925 42 83 169 266 288 301 507 532 706
5926 83 85 248 252 254 288 582
5927 83 89 107 152 201 219 251 252 288 296 297 298 301 455 506 572 689 690 753
5928 107 153 254 279 294 311 391 489 503 624 631 684 725
5929 2 4 39 84 107 254 263 294 298 301 367 381 520 604 622 631 632 712 759
5930 182 252 288 296 301 303 388 622
5931 169 288 301 303 385 506 616 626 706 728
5932 169 301 303 706
5933 53 83 84 89 256 288 301 303 391 556 585 604 617 759
5934 83 84 252 266 303
5935 83 248 254 288 301 503 561
5936 2 7 10 83 107 110 119 248 263 288 298 299 301 318 463 472 476 652 653 725
5937 83 95 288 301 303 336 690
5938 83 288 303
5939 83 152 252 301 303
5940 169 288 301 303
5941 4 83 89 251 288 289 298 305
5942 61 62 83 94 132 183 254 298 301 355 383 403 520 521 618 643 658
5943 42 83 84 123 152 201 251 252 266 288 301
5944 83 119 169 252 263 288 301 303 318 345 419 487 663 706 707
5945 83 84 119 169 252 288 301 318 419 487 504 663 706 707 719
5946 169 266 301 385 506 706 709
5947 39 48 83 254 288 298 301 303 381 385 758
5948 83 152 252 288 301 336 690 707
5949 83 152 169 266 288 301 303 527 707
5950 53 83 89 107 238 252 301 303 391 397 556 585 617 759
5951 15 80 108 152 204 289 301 305 367 543 759
5952 84 201 288 301 512 633 725
5953 42 83 95 152 252 266 288 289 303 536 663 706 707
5954 84 110 111 116 301 371
5955 169 288 318 707
5956 256 288 301
5957 83 301 488 561 709
5958 83 95 301 303
5959 37 83 108 204 252 301 345 367 487 706 719
5960 83 107 152 169 252 263 288 296 301 303 388 616 622 632 706 728
5961 9 48 83 84 110 152 248 288 298 301 303 487 520 633 663 687
5962 83 84 486
5963 288 303 331 506
5964 14 78 80 301 431 478 479 690 753
5965 301 706 707
5966 83 288 706 707
5967 84 301 303 707
5968 108 204 206 544
5969 83 252 288
5970 51 84 89 107 252 288 301 303 360 391 556 573 585 604 617 759
5971 83 266 301 303 318 506 616 632 706
5972 83 119 266 288 318 419 504 652 706 707 719
5973 38 42 83 110 431 573 662
5974 169 288 303
5975 48 83 152 169 252 273 288 301 303 308 339 506 616 626 707 728
5976 83 123 134 143 263 288 301 308 374 663 737
5977 83 169 252 288 706
5978 65 83 84 85 201 251 252 255 256 288 303 339 520 521 626 758
5979 83 266 287 288 638 706
5980 84 89 107 238 252 301 303 391 397 556 585 604 617 759
5981 2 83 252 289 560
5982 83 95 301 303 690 706
5983 169 288 707
5984 83 119 123 152 252 288 289 301 303 305 706
5985 83 84 182 303
5986 48 83 107 110 152 182 196 252 288 301
5987 119 135 169 252 266 280 288 303 339 345 626 707 728
5988 42 83 84 107 123 152 201 252 288 301 303 385 526 626
5989 83 119 169 263 288 289 301 305 318 419 573 652 653 707
5990 288 301 340
5991 42 119 266 287 288 303 318 507 532 638 707
5992 169 301 706 707
5993 266 287 288 301 638 707
5994 42 83 169 263 288 289 301 303 305 318 339 419 506 532 626 652 653 707
5995 83 95 252 301 706
5996 108 204 367 544
5997 42 83 263 288 301 706 707
5998 83 301 308 486 546 631 633
5999 169 288 706
6000 169 266 301 706 709
6001 37 41 83 84 169 263 288 504 532 706
6002 83 84 246 277 288 455 496 626 654
6003 288 706 707
6004 83 303 308
6005 2 16 83 208 252 294 297 298 303 381 385 512 520 572 592 604 690
6006 83 152 203 288 298 301 539 546
6007 169 288 318 638
6008 38 40 110 288 303 706
6009 83 95 152 252 301 303
6010 83 84 85 89 107 112 140 201 239 252 256 300 301 310 351 381 418 475 539 546 572 582 631 759
6011 169 288 301 303 707
6012 107 110 111 266 288 296 301 326 385 706
6013 42 83 169 266 288 301 318 339 419 507 532 707
6014 83 252 288 303 706
6015 169 301 303
6016 42 83 169 263 288 289 301 305 318 339 419 506 532 626 653 707 728
6017 288 289 706
6018 289 301 318 706
6019 66 203 449
6020 83 84 110 252 263 288 298 301 338 408 506 520 631 633 712 759
6021 83 203 263 301 303 591 722
6022 266 287 288 301 638 706
6023 152 288 301 303
6024 83 152 252 263 301 303 539 663
6025 83 84 288 363 461 546
6026 83 84 288 706
6027 83 252 301 307 452 560
6028 152 252 288 301 303 526 539 640
6029 83 95 110 169 266 288 289 301 303 336 690 706
6030 12 29 39 58 83 84 89 92 107 112 134 152 155 173 201 219 251 252 254 263 288 298 301 303 338 355 356 367 403 428 431 455 478 482 506 512 520 547 568 572 604 610 626 631 633 674 687 689
6031 83 169 301 303 706
6032 84 288 301 338 468 531 591
6033 108 204 206 367
6034 83 152 266 288 301 303 632
6035 263 288 301 352 638 706
6036 288 289 706
6037 83 301 303 707
6038 288 706 707
6039 83 95 152 252 288 706
6040 15 80 108 194 204 367 514
6041 108 204 206 288 544
6042 288 706 709
6043 9 48 83 119 252 288 301 303 345 506 626 697 698 728
6044 108 204 206 330 367 514 544
6045 83 95 266 288 301 506 706
6046 301 345 506
6047 44 83 301 423 506 626
6048 84 152 169 252 301
6049 83 119 169 263 288 301 305 318 339 345 419 573 707 725
6050 83 119 169 252 263 288 301 303 318 339 345 419 487 663 707
6051 95 152 288 301 303 690
6052 169 706 707
6053 37 42 83 107 131 152 251 296 298 301 354 385 386 388 478 482 622 663
6054 83 84 288 371 530 679
6055 42 83 119 169 266 288 301 303 305 339 532 706
6056 83 152 252 266 288 303 584 659
6057 37 83 119 122 169 263 266 301 487 504 719
6058 83 252 288 706
6059 83 143 152 288 298 301 423 663 690 712
6060 84 172 266 539
6061 169 288 301
6062 83 152 169 252 263 266 288 301
6063 9 124 152 193 201 251 252 256 301 541 712
6064 169 288 707
6065 83 288 301 303 616 632 706
6066 80 108 206
6067 83 119 152 288 301 303 385 626 706 707 708
6068 84 152 201 251 252 263 297 301 539 592 631 725
6069 83 152 252 266 301 303 336 690
6070 83 107 201 236 251 293 294 298 301 432 520 546 572 604 620 631 690 759
6071 83 84 93 94 107 201 228 239 252 254 263 293 294 300 301 303 308 354 356 380 381 382 450 506 518 520 546 598 599 622 633 727 753 758
6072 83 84 301 303 341
6073 56 203 234 256 301 365 368 431 620
6074 83 110 152 252 288 296 301 470 496 506
6075 84 371 506
6076 83 84 266 301 638 706
6077 169 706 707
6078 169 266 288 638 707
6079 42 83 169 263 288 301 303 305 318 339 419 506 507 532 653 706 707 728
6080 83 252 254 279 301 308 381 631
6081 40 110 138 288 303 706
6082 169 288 301 303 706
6083 107 288 364
6084 83 152 169 288 289 301 305 506 706 728
6085 42 83 266 301 303 516 536 709
6086 252 266 288 301 303 706
6087 83 169 301 706 707
6088 288 301 303
6089 83 91 266 301 573 638
6090 83 84 89 107 288 301 360 391 556 585 604 617 759
6091 95 266 288 301 526 690 707
6092 84 169 252 288 301 706
6093 288 301 303 707 709
6094 12 39 58 83 84 87 89 92 107 124 152 155 173 201 219 251 252 254 263 288 298 301 303 338 355 356 367 403 428 431 455 478 482 506 512 520 568 572 598 604 626 631 633 657 658 674 687 689
6095 83 169 288 303 706
6096 83 84 89 107 160 294 301 308 396 475 506 512 520 578 607 608 753
6097 83 152 252 288 302 303
6098 169 288 706
6099 83 169 266 288 301 318 339 506 707
6100 15 80 108 204 206 301 422 544
6101 83 84 99 107 254 256 263 298 301 303 546 584
6102 12 55 83 87 134 163 213 241 288 301 356 428 431 506 512 547 631
6103 83 158 252 301 303 423
6104 288 301 303
6105 40 42 83 110 138 288 662
6106 182 288 722
6107 83 252 301 707
6108 266 301 345 481 709
6109 42 83 266 288 303 516 536 709
6110 42 83 152 169 288 301 532 706
6111 84 123 152 169 251 252 288 301 303 616 632 706 707 708
6112 50 83 152 252 266 301 303 539 561 706
6113 152 169 243 252 266 288 301 303 488 561 584
6114 288 488 561
6115 41 83 107 288 296 298 301 632 633
6116 83 107 123 252 288 289 296 385 690 706 759
6117 53 83 107 238 288 301 303 360 391 397 413 556 604 617 759
6118 53 83 84 89 182 252 256 288 301 391 413 556 573 585 604 617 743 759
6119 83 152 203 252 256 301 475 633
6120 266 626 663 707
6121 50 108 305 561
6122 83 84 190 201 248 251 252 288 298 301 487 599 712
6123 160 201 251 289 298 301 305 367 506 520 631 633 759
6124 301 303 706 707
6125 288 301 303 532 706
6126 4 14 18 83 107 190 263 300 301 338 520 599 637
6127 42 83 119 169 263 288 301 303 318 419 507 532 652 707
6128 83 152 169 252 266 288 305 339 506 690 728
6129 288 301 707
6130 37 119 169 266 288 301 345 504 706 719
6131 83 107 110 152 232 251 288 298 301 303 520 572 616 632 689 706 707
6132 42 83 152 169 252 266 288 301
6133 50 84 110 203 227 254 263 278 298 308 354 355 367 368 385 753 759
6134 83 84 152 252 266 298 301 303 572 616 632 706 707
6135 124 204 544
6136 108 204 206 252 367
6137 169 266 288 305
6138 39 83 84 85 123 160 171 172 201 202 251 252 256 298 301 316 358 400 448 506 520 521 568 572 633 643 696 733 758
6139 288 301 303 706
6140 73 83 84 86 107 128 165 166 169 183 201 238 248 252 263 279 288 301 303 305 313 324 338 354 512 519 539 582 604 640 725 743
6141 9 83 84 107 110 152 252 263 296 301 302
6142 84 288 303
6143 115 288 618
6144 41 83 288 301 303 706 709
6145 108 206 367
6146 84 152 243 252 301 706
6147 83 119 152 243 252 288 301 303 339 385 419 506 626 706 707 728
6148 83 92 152 252 254 288 367 506 512 539
6149 20 83 107 152 252 263 288 296 301 303 328 339 386 388 431 473 622 663 690 753
6150 83 108 199 206 303
6151 83 119 152 256 266 288 301 303 526 706 709
6152 110 111 139 204 206 367 670
6153 83 95 152 252 301 303 336 526 690
6154 288 301 303 707
6155 83 301 303 706
6156 288 301 707
6157 252 288 301 303
6158 83 169 263 266 301 318 706
6159 243 266 288 301 506 626 707
6160 152 252 266 288 301 303 336 640 690
6161 63 83 110 152 160 252 277 279 294 301 317 453 506 520 572 631
6162 288 303 706
6163 41 83 169 252 288 298 301 385 626 728
6164 83 182 252 303
6165 108 204 206 301 303
6166 83 84 160 201 251 263 298 301 305 316 367 467 520 631 633 759
6167 83 153 185 289 301 305 355 539
6168 95 288 301 303 318
6169 83 95 110 266 289 297 301 303 318 690
6170 53 84 89 107 252 288 301 391 556 585 604 617 759
6171 83 84 152 252 303
6172 119 169 263 266 288 301 318 339 419 652
6173 83 119 169 263 273 301 303 318 339 419 616 652 653 706 707
6174 289 301 706
6175 38 83 119 138 169 252 288 296 301 318 386 388 473 573 622 690
6176 83 84 288 318 638 707
6177 83 95 169 301 318 706
6178 83 288 706
6179 42 83 301 303 706
6180 3 4 83 89 107 166 238 252 288 291 301 360 391 397 407 413 414 542 556 604 617 743 759
6181 83 95 169 266 301 303 318 706
6182 169 301 303 706
6183 83 107 152 252 266 288 303 367 616 632 707 715
6184 83 107 152 288 301 303 395 690 706 707
6185 83 201 251 288 294 298 301 521 572 633
6186 84 303 543
6187 9 37 38 40 41 43 107 110 119 152 169 252 263 288 296 301 303 386 388 622
6188 9 41 43 83 107 119 152 169 252 263 288 301 303 386 622
6189 9 41 43 83 107 155 169 252 288 296 301 303 386 388 622 652
6190 119 169 263 288 301 303 318 339 419 504 573 652 653 706 707 719
6191 83 95 110 169 266 288 289 303 305 690
6192 84 169 266 301
6193 169 266 288 301 318 706
6194 80 83 84 486
6195 47 83 84 152 160 190 201 251 288 294 301 417 503 506 520 561 572 626 631 633 690 725
6196 84 114 171 172 201 251 298 301 335 366 441 506 520 521 604 648 658 759
6197 42 119 288 301 303 339 506 626
6198 83 108 206 288 301 318 544
6199 182 288 301
6200 83 84 152 169 251 252 288 298 303 572 633 689 706 707
6201 2 9 23 39 81 83 84 160 252 279 288 297 298 301 459 559 572 584 604 621 631 690
6202 152 252 266 301 303
6203 83 84 252 301
6204 42 83 84 152 169 252 263 288 301 303 305 339 385 506 626 632 652 653 706 707 728
6205 90 109 254 267 297 366 369 512 648 753
6206 108 193 206 543
6207 288 303 319
6208 83 84 107 201 251 252 256 263 298 520 572 631 633 723
6209 98 308 530
6210 80 83 124 201 633
6211 84 252 303 306
6212 83 152 252 266 296 301 303 506 626 706 728
6213 83 169 301 638 706
6214 83 95 110 288 289 297 301 305 690 706
6215 84 201 301 303 626
6216 9 83 84 152 165 201 248 251 252 288 296 298 301 303 339 478 482 487 506 626 663 687 706 728
6217 288 706 707
6218 288 638 706 707
6219 83 84 288 506 599
6220 15 108 204 367 544
6221 15 80 194 204 206 367 544
6222 169 288 706
6223 107 301 391
6224 83 288 706
6225 83 84 152 252 303
6226 53 83 84 107 252 256 288 301 360 391 397 585 604 617
6227 83 152 252 288 301 303 706
6228 83 169 288 301 318 352 706
6229 83 252 301 303
6230 288 706 707
6231 42 119 266 287 288 303 318 507 532 638 707
6232 83 266 287 288 306 638 706 719
6233 288 626 706 707
6234 83 152 169 252 266 301 632 706
6235 169 288 318
6236 83 296 301 345 719
6237 50 83 107 116 296 298 371 397 506 679 680
6238 84 288 301 512
6239 41 83 152 169 263 288 296 301 303 706
6240 48 83 95 266 288 301 336 506
6241 14 83 84 152 217 251 263 288 298 301 487 520 539 546 572 631 632 633 759
6242 39 84 89 107 110 152 160 201 251 252 288 293 294 298 301 307 358 503 520 521 546 592 604 626 631 633 713
6243 80 83 84 109 160 166 201 251 298 301 356 366 369 437 475 520 589 631 650
6244 108 204 367
6245 301 584 706
6246 288 706 707
6247 16 39 48 83 84 89 107 196 298 299 301 324 478 482 539
6248 83 252 301 303
6249 83 84 152 201 256 510
6250 41 266 289 301 303 318
6251 301 706 707
6252 107 110 111 371
6253 107 182 301 671 697
6254 182 301 697 725
6255 76 83 84 89 98 201 263 296 297 298 301 391 487 506 592 631 663
6256 80 83 84 160 201 251 298 631 632
6257 83 252 288 303
6258 9 42 48 83 119 123 152 169 288 301 303 506 626 706 707 753
6259 288 303 706
6260 152 252 288 301 561
6261 80 83 301 374 486 631 633
6262 301 303 706 707
6263 156 466 512 592 713
6264 169 706 707
6265 83 138 288 431 670
6266 42 83 119 152 252 288 301 626 728
6267 37 40 42 83 110 266 288 301 303 706
6268 83 252 266 301 303
6269 169 288 303
6270 42 83 119 120 122 169 288 301 487 504 507 532 573 652 706 707 719
6271 83 288 298 301 578 631 633 753
6272 83 109 300 301 308 369 380 648 650 727
6273 2 78 84 140 298 300 301 506 725 759
6274 15 80 108 204 206 367 543 544
6275 95 288 301 303
6276 138 169 301 431 670
6277 83 84 152 252 303
6278 301 407 743
6279 14 55 76 78 83 92 109 128 152 201 251 252 260 288 298 300 301 308 358 373 381 385 431 478 520 572 631 633
6280 83 84 152 221 252 288 301 723
6281 83 169 263 266 288 303 318 339 419 507 532 706 707
6282 83 107 110 152 157 166 252 288 296 298 310 391 506 512 519 520 557 577 631
6283 83 84 152 252 301 303 632 706
6284 80 83 84 85 160 279 298 301 308 520 546 568 572 582 626 631 633
6285 288 289 707
6286 42 83 95 119 169 263 288 303 336 339 419 616 632 653 706 707
6287 42 83 119 169 266 288 301 303 318 339 419 616 652
6288 83 152 169 252 288 289 301 303 305 318 339 616 706 707
6289 169 266 288 301 303 706
6290 169 288 707
6291 83 84 288 638 706 707
6292 44 83 84 252 288 296 303 386 388 728
6293 48 55 83 119 123 169 263 288 301 303 345 385 473 506 526 626 632 728
6294 83 152 252 263 301 616 632
6295 139 366 758
6296 83 110 197 301 419
6297 288 301 303 698 706
6298 83 252 266 298 303 336 520 521 527 690 706
6299 84 301 486
6300 83 152 182 288 301 303 494 539 671
6301 83 152 252 301 303 506 626 632 706
6302 9 83 152 273 288 298 301 303 339 408 506 626 663 728
6303 288 301 303
6304 83 85 89 107 288 289 298 301 512 568 591 633 725 759
6305 83 266 287 301 638 707
6306 152 252 288 301 616 706
6307 169 706 707
6308 42 83 119 266 289 301 303 339 526 663 707 728
6309 41 83 110 138 152 169 252 263 288 289 301 303 305 584
6310 83 95 169 301 303 336 706
6311 83 110 152 169 243 252 263 288 301 303 305 336 592 690 706
6312 83 119 169 252 288 298 301 473 487 616 632 706 708
6313 83 169 266 288 303
6314 51 80 83 89 107 198 203 254 293 296 301 325 367 381 467 489 512 520 582 604 624 631 690 759
6315 39 80 83 86 89 155 160 219 251 252 256 288 298 301 358 381 396 408 427 474 503 506 521 568 572 607 608 631 633 689
6316 83 84 152 252 288 303 336 690
6317 11 13 41 83 252 263 301 339 472 626 728
6318 169 252 288 303 339 626 663 706 728
6319 108 206 288 303 330 544
6320 84 124 519 635
6321 42 83 84 152 169 252 266 339 706
6322 182 303 603 663
6323 40 42 110 138 152 252 266 288 289 301 303
6324 9 42 83 84 119 152 248 252 263 274 275 288 301 303 487 506 536 626 632 690 707 728
6325 169 266 288 289 301 303 339 616 632
6326 83 152 169 252 288 301 506 706
6327 108 204 206 301 330 514
6328 10 11 252
6329 2 14 51 83 85 107 110 111 152 252 263 296 298 301 356 512 560 598 633 759
6330 83 84 107 111 152 252 263 298 301 506
6331 288 301 706
6332 83 84 152 288 301 303 706
6333 83 120 169 266 288 303 318 339 532 706 707
6334 169 301 706 707
6335 95 169 288 301 303 336 706
6336 152 182 252 301 303 305
6337 84 252 303 707
6338 38 40 83 110 138 205 251 298 301 303 572 633 706 707
6339 169 288 303 706
6340 288 706 707
6341 83 263 274 298 301 303 339 408 482 663
6342 48 83 95 266 301 303 506 706
6343 83 288 303
6344 83 152 182 288 540 697
6345 169 301 303 707
6346 169 288 301
6347 48 83 152 169 289 301 303 305 339 385 506 526 626 706 707 708 728
6348 83 169 301 303 706
6349 83 95 152 252 301 303
6350 40 83 110 138 152 169 252 288 303 318 339 506 626 663 706 707 728
6351 83 288 303
6352 83 252 301 706
6353 80 132 201 301 307
6354 83 252 288 485 754
6355 84 288 303
6356 83 266 288 301 318 506 616 632 706
6357 84 152 252 288 301 303
6358 108 206 367
6359 169 288 318 638
6360 108 204 301 544
6361 83 152 252 288 298 408 539
6362 83 84 107 201 252 263 297 298 475 506 584 592 598
6363 84 288 301
6364 83 84 252 301
6365 83 84 252 301 506
6366 48 84 288 301 367
6367 83 119 123 182 263 289 298 301 345 473 638 706 707
6368 41 83 119 123 169 263 289 298 301 345 473 707
6369 28 39 42 83 107 119 123 182 263 273 288 293 294 298 301 308 312 328 339 345 373 473 506 626 638 707 728 753
6370 28 39 83 107 119 123 169 182 263 273 288 293 294 298 301 303 312 339 345 373 473 506 638 707
6371 301 380 506 727
6372 288 303 706
6373 83 119 169 263 288 298 301 318 339 385 506 520 572 626 706 728
6374 42 83 152 169 301 303 507 706
6375 83 169 266 288 506 706
6376 83 169 252 263 266 288 301 707
6377 83 288 303 706
6378 83 84 152 288 301 336 690
6379 83 95 301 303
6380 288 301 706
6381 288 303 706
6382 263 301 303
6383 43 83 84 98 107 252 254 298 301 310 313 376 391 512 520 604 631 725 753
6384 83 98 107 252 254 263 288 298 301 310 313 376 391 604 725 753
6385 169 263 266 301 303 318 706
6386 288 318 706 707
6387 169 288 506 725
6388 7 83 169 266 287 301 318 339 706
6389 83 84 107 252 275 288 296 298 301 303 318 345 386 487 584 622 707
6390 40 41 83 107 252 288 296 298 301 303 318 345 388 473 487 584 706 708
6391 38 40 41 83 138 252 275 288 296 301 303 318 386 388 476 487 584 622 707
6392 40 107 252 275 288 296 298 301 303 386 388 476 487 584 622 706 707
6393 40 83 84 107 252 275 288 296 298 301 386 388 476 487 707
6394 38 40 83 107 119 169 252 296 301 303 318 345 386 388 473 487 506 584 626 706 707 728
6395 41 83 84 107 275 288 296 298 301 303 318 345 386 473 487 584 622 706 708
6396 83 107 252 275 288 296 298 303 318 345 386 388 476 584 622 706 707
6397 38 40 107 119 138 169 288 301 303 318 388 473 487 706 707
6398 83 107 252 275 288 296 298 301 303 318 345 386 388 463 476 584 622 707
6399 83 84 252 275 288 296 301 303 318 386 388 473 476 622 706 707 708
6400 83 84 107 252 275 288 298 301 318 386 388 473 476 487 584 622 707
6401 38 40 83 107 119 138 252 288 298 301 318 345 386 388 473 487 707
6402 84 107 252 275 288 296 298 301 318 388 584 663 706 707
6403 38 83 107 138 252 288 298 301 303 318 345 386 473 487 622 707
6404 83 107 252 275 288 296 298 301 318 386 388 476 584 622 706 707
6405 83 252 288 289 303
6406 83 87 152 160 201 252 301 307 315 572 607 667
6407 83 107 110 169 252 288 298 301 339 506 626 728
6408 42 83 152 252 288 301 303 526 536 640 706
6409 15 80 83 108 330
6410 80 83 108 194 204 301 544
6411 80 108 204
6412 152 252 288 301 303
6413 152 252 288 301 303 616 632
6414 83 95 288 303 706
6415 107 110 111 116
6416 42 169 263 289 301 303 305 318 339 419 506 507 626 652 706 707 728
6417 42 83 169 263 288 289 301 303 305 318 339 419 507 626 652 706 707 728
6418 83 169 288 296 303 318 339 388 506 626 663 706 707 728
6419 288 301 303
6420 83 84 152 252 266 301 303 318 336 690 706
6421 42 83 152 169 288 301 303 507 616 632
6422 55 83 84 107 140 152 248 251 294 298 300 301 312 367 381 539 577 759
6423 288 303 706
6424 83 169 301 303 706
6425 78 83 89 107 110 152 160 173 198 201 248 251 252 254 279 293 298 301 309 367 478 479 503 506 539 582 619 633 725
6426 108 204 252 301 367
6427 108 199 367
6428 288 301 706
6429 266 301 352 478 516 709
6430 42 83 252 266 288 303 707
6431 83 288 303 481 536
6432 42 84 252 266 288 301 303 706
6433 42 83 288 289 301 303 536 706 707
6434 301 345 516 709
6435 288 301 303 516 536 709
6436 288 301 516 709
6437 42 252 266 288 301 303 527 536 706 709
6438 83 143 288 296 303 386 663 706
6439 83 301 516 706 709
6440 83 252 266 288 706 709
6441 42 205 251 266 288 298 301 516 572 706 707 709
6442 107 252 266 288 301 318 352 506 626 706 707
6443 83 95 169 288 303 318 532 706 707 708
6444 83 119 169 263 273 301 303 318 419 573 616 652 653 706 707 708
6445 83 169 266 288 301 303 706
6446 83 107 201 251 256 298 301 526 633 753
6447 108 199 367
6448 83 252 266 288
6449 108 206 367
6450 42 83 152 252 301 303 422 663 707
6451 95 119 169 266 288 301 303 488 706
6452 50 83 95 252 266 288 303 526 539 706 707
6453 83 95 119 122 288 296 301 303 488 504 561 706 707 719
6454 84 288 301
6455 83 152 252 266 288 301 526 616 632 640
6456 108 204 206 288 301
6457 108 199 367
6458 83 169 263 266 305 318 339 352 419 573 706 707
6459 42 83 119 169 266 288 301 305 318 536 707
6460 83 84 301 706
6461 43 83 107 123 182 252 263 288 301 339 345 482 584 602 652 663
6462 40 41 138 202 301 541 663
6463 41 83 152 301 303 341
6464 83 169 266 289 301 303 318 616 632 706
6465 83 119 263 288 301 303 318 339 419 616 632 652 653 707 719
6466 83 95 119 169 266 288 301 318 339 690 707
6467 83 123 169 301 303 318 626 659 707 728
6468 23 39 55 83 84 99 128 152 160 166 171 172 173 201 239 251 252 254 268 279 298 301 356 367 414 450 452 459 478 479 506 518 520 572 599 626 631 633 743
6469 83 263 288 364 506
6470 169 288 301 303 638 706
6471 50 83 152 288 301 584 706
6472 83 95 152 288 296 301 303 488 561 707
6473 83 152 252 266 288 301 488 584
6474 83 108 118 301 544
6475 7 42 83 84 119 169 288 298 301 303 339 345 404 405 487 506 507 520 606 626 631 638 652 653 707 728
6476 62 83 84 119 169 252 256 263 288 298 301 303 309 339 345 346 404 405 476 487 506 507 520 521 573 606 626 638 652 653 706 707 728
6477 42 62 83 84 119 135 136 169 252 256 263 266 280 288 298 301 303 309 339 345 346 476 478 480 487 506 507 520 521 532 606 626 638 652 653 706 707 728
6478 42 288 301 303 706
6479 83 119 152 252 263 288 301 303 339 345 652 690 707
6480 288 301 706
6481 83 84 123 152 164 248 256 288 298 301 303 385 487 506 626 706
6482 169 288 706
6483 83 266 288 303 318 690
6484 42 83 266 288 301 303 707
6485 266 301 303 305 638 706
6486 288 301 303
6487 169 288 301 303
6488 83 288 303 339 506 616 632 706 707
6489 288 318 638 707
6490 83 301 303 706
6491 288 690 706
6492 108 206 367
6493 42 83 152 169 266 301 303 339 532 706 707
6494 288 303 707
6495 288 301 706
6496 95 288 301 303 690 706
6497 84 123 152 158 169 252 288 301 303 339 345 473 526 527 536 626 640 690 706 707 708 728
6498 42 83 84 123 152 158 169 252 288 303 339 473 506 527 536 626 640 690 706 707 708 728
6499 84 252 288 289 296 301 444 468 469 609
6500 84 301 391 512
6501 83 252 266 288 303
6502 83 84 169 266 288 303
6503 169 266 303 707
6504 83 169 266 301 303 706
6505 83 84 152 201 251 254 279 539 673 725
6506 108 199 367
6507 182 288 523
6508 33 83 139 152 266 288 301 303 523 602 706
6509 83 256 288 301 423 663 697 698
6510 83 288 516 709
6511 301 345 516 709
6512 83 152 252 288 301 302 339 385 706
6513 50 83 95 123 152 169 252 288 296 301 303 339 506 561 626 690 706 707 728
6514 83 169 266 301 706
6515 83 84 123 169 248 252 288 298 301 303 339 487 626 663 706
6516 42 152 169 252 301 303 706
6517 2 83 109 289 301 305 366 369 618 650 690
6518 288 301 303 318 616 706
6519 48 84 89 110 111 152 201 288 296 298 301 385 478 479 506 539 560 615 633 753
6520 83 95 110 152 288 289 297 298 301 303 305 336 506 592 690
6521 48 83 84 152 266 288 298 301 303 336 690 706 707
6522 84 252 288 706
6523 690 706 707
6524 254 300 301 308 624
6525 83 288 303 485 754
6526 288 690 706
6527 169 266 288 303 638 707
6528 169 266 288 638
6529 7 169 301 303 318 706 707
6530 41 83 152 252 288 303 532
6531 83 169 266 288 301 318 339 706
6532 83 84 301 303 706
6533 18 92 131 201 251 288 298 301 423 506 685 725
6534 83 201 298 301 368 512 758
6535 84 252 288 301 303
6536 40 252 263 288 289 298 301 303 345 485 487 718 754
6537 15 80 83 84 108 123 252 288 289 301 305 367 422 544
6538 83 169 301 303 706 709
6539 80 252 289 296 301 584
6540 83 84 152 252 289 296 301 584
6541 83 84 152 201 219 251 252 279 296 297 301 391 414 572 584 592 633 689 743
6542 169 301 706 709
6543 83 169 288 318 706 707
6544 206 217 367
6545 14 83 84 108 152 206 219 251 252 256 288 293 294 367 422 566 572 619 633 689 725
6546 169 288 706
6547 47 83 84 123 152 201 252 263 288 298 303 631 725
6548 9 30 80 83 208 248 288 298 299 301 487 520 521 572 725
6549 9 30 80 84 208 248 256 288 298 299 487 520 521 572 725
6550 9 30 83 84 107 252 288 301 431 506
6551 266 288 301 303
6552 83 169 266 301 506 626
6553 83 110 111 252 288 296 301 371 680
6554 83 84 288 303 706
6555 84 169 288 301 303 706
6556 42 169 288 303 536 626 706 707
6557 83 169 288 506 706 707
6558 95 152 252 263 266 288 298 301 633 706 753
6559 204 206 252 288
6560 301 303 706
6561 9 83 84 123 152 252 266 298 697 698
6562 266 288 301 303 616 632 690 707
6563 252 289 301 706
6564 83 152 266 288 301 303 336 690 707
6565 288 303 638
6566 84 107 110 161 162 209 248 252 263 288 298 301 303 479 520 631
6567 108 199 301
6568 83 266 287 301 638 707
6569 252 288 301
6570 83 108 152 206 296 301 544
6571 84 301 303 305 706
6572 83 84 266 301 632
6573 83 152 252 288 303
6574 42 83 152 169 252 266 288 301
6575 83 84 89 107 252 288 301 360 391 556 585 604 617
6576 83 152 266 288 301 303 318 626 690 706 707 728
6577 266 288 301 303 336 706
6578 42 83 119 169 266 288 301 318 339 419 507 532 707
6579 83 252 266 288 301 706 709
6580 83 252 288 303 706 707
6581 42 123 152 252 266 288 303 481 536 706 709
6582 42 83 301 303 385 473 516 536 706 709
6583 83 266 301 303 707 709
6584 42 83 301 303 536 706 707 709
6585 83 266 301 303 706
6586 83 152 252 301 303 706 707
6587 84 169 263 301 303 706
6588 169 706 707
6589 83 119 169 273 288 303 339 419 573 616 632 652 653 706 707 708
6590 42 83 266 288 301 303 516 536 706 709
6591 42 84 252 288 301 303 707
6592 83 252 288 303 706 707
6593 42 83 266 288 301 303 707 709
6594 83 266 301 303 536 709
6595 42 288 301 303 516 536 706 709
6596 288 706 707
6597 91 169 266 301
6598 91 169 318
6599 84 266 288 301 303 706
6600 169 288 706
6601 69 80 83 288 512 633
6602 48 83 84 89 109 110 152 251 252 263 296 298 325 354 512 572 607 618 633 689
6603 37 83 84 110 252 256 263 288 297 301 385 652 690
6604 169 288 706
6605 84 248 252 288 301
6606 23 46 47 77 83 84 98 107 153 160 173 196 252 263 288 296 298 301 303 452 459 470 503 506 512 546 560 590 613 632 753
6607 288 301 706
6608 288 303 706
6609 84 288 301
6610 305 706 707
6611 108 206 367
6612 37 83 119 122 169 256 263 288 301 345 367 487 504 707 719 749
6613 83 84 110 111 288 289 296 297 407 413 592 690
6614 41 301 303 532 706 707
6615 83 288 303 706
6616 83 107 110 152 252 288 289 296 301 303 305 385 512 633
6617 83 152 252 512 560
6618 288 527 706
6619 95 266 288 301 303 690
6620 83 152 252 266 288 301 303 616 632
6621 40 41 83 110 169 252 289 303 706
6622 37 83 110 288 301 345 512 603 682 706
6623 288 289 296 305 332 682 706
6624 83 84 288
6625 48 83 84 182 302
6626 169 252 266 288 301 339 419 527 707
6627 305 306 706
6628 83 152 252 263 266 288 303 526 706
6629 84 152 252 301 303
6630 41 83 152 252 288 725
6631 84 114 171 172 239 301 309 396 423 474 608 645
6632 152 169 252 263 288 301 303 339 539 707
6633 83 107 110 152 169 201 252 263 288 301 303 339 428 506 707
6634 62 83 220 301 521 551
6635 84 220 301 551
6636 83 220 256 288 301 520 551
6637 42 83 152 169 288 303 532 706
6638 42 83 169 263 288 289 301 303 305 318 339 419 506 507 532 626 653 707
6639 83 119 169 252 263 288 301 303 318 339 345 419 663 706 707
6640 83 169 252 263 288 289 301 303 318 339 345 616 632 706 707
6641 29 58 78 84 87 173 256 277 301 309 338 356 358 431 506 520 521 547 631 641
6642 14 83 108 194 252 288 301 330 367 539 566
6643 66 83 84 90 110 219 251 252 279 298 300 301 396 503 572 607 608 633 636 689 694
6644 83 84 85 107 160 201 251 254 256 293 294 297 299 374 381 409 410 506 520 568 572 582 592 620 633 676 713
6645 84 288 301 707
6646 1 41 83 288
6647 14 51 83 84 85 107 152 190 252 297 301 382 473 487 520 592 631 633
6648 84 107 109 110 152 155 173 203 251 252 301 367 374 422 431 506 578 607 608 633 690
6649 14 83 84 107 152 301 753
6650 75 78 83 84 86 89 107 152 160 177 201 234 248 251 252 288 294 300 301 367 487 506 520 582
6651 83 119 243 266 288 301 303 626 707 708 728
6652 42 152 301 303 305 706
6653 15 80 83 152 204 206 251 252 330 367
6654 108 206 301 367
6655 83 169 266 301 305 318 706
6656 42 83 152 252 266 288 289 301 507 532 626 728
6657 42 51 83 169 263 288 289 301 303 305 318 339 419 573 652 653 706 707
6658 83 266 288 303 506 706
6659 42 83 84 107 119 165 169 252 275 288 296 301 303 318 339 706 708
6660 83 169 301 339 385 506 626 706 707
6661 83 152 252 301 336 690
6662 83 169 266 301 318 385 506 527
6663 83 119 169 266 318 339 385 506 527 626 706
6664 84 252 301 706
6665 83 84 107 152 289 301 305 324 414 596 743
6666 252 289 296 301 305 690
6667 83 84 252 288
6668 37 119 122 169 266 301 345 487 504 706 707 749
6669 37 119 169 263 266 288 345 487 504 706 707 719
6670 37 38 41 83 138 182 263 289 301 303 670 697 698
6671 9 42 83 84 119 152 248 252 288 296 301 303 339 478 482 487 506 626 663 687 706 728
6672 83 266 289 301
6673 83 95 288 303 690
6674 83 109 152 288 296 301 366 369 488 539 561 603 650 663
6675 83 152 169 243 263 266 288 301 339 707
6676 51 83 85 107 190 252 263 288 297 381 382 473 487 520 592 631 633 713
6677 83 107 110 169 296 301 339 345 638 719
6678 169 301 305 706
6679 23 49 83 84 86 89 102 152 256 301 313 422 455 459 471 506 551 581 598 690
6680 38 40 83 138 263 288 301 573 670
6681 38 263 431
6682 204 301 367
6683 83 266 288 303 506 706
6684 83 84 288 303
6685 83 301 303 707
6686 37 79 83 84 109 119 122 169 201 251 263 288 301 345 366 369 391 493 504 506 520 521 572 633 707 719 749
6687 42 83 119 169 263 266 301 318 339 419 507 532 707
6688 83 95 119 169 252 288 301 318 339 385 506 527 626 707 728
6689 169 266 288 301
6690 83 84 169 301 303 706
6691 109 110 111 221 294 299 308 407 607 608 624 743 759
6692 84 152 197 252 301 303
6693 2 76 78 83 107 160 173 256 279 298 301 310 381 403 455 478 506 520 546 631 654 684 727
6694 7 37 42 83 84 119 263 298 301 725
6695 7 37 42 84 119 252 288 301 385 487 539
6696 83 95 288 301 690 706 707
6697 288 301 682
6698 41 83 152 169 252 288 301 706
6699 23 79 83 84 128 160 184 256 288 298 301 441 459 520 521 546 572 633 657
6700 288 303 706 707
6701 83 84 254 288 512 753
6702 14 48 51 80 83 84 107 110 152 153 154 160 173 187 188 201 202 219 248 251 252 262 288 293 294 298 301 303 306 310 336 355 367 512 520 572 631 632 633 689 725 759
6703 152 252 263 266 288 301 303
6704 48 62 84 288 302 404 506 526 626 728
6705 83 252 289 301
6706 83 266 301 303 706
6707 83 205 251 266 275 288 298 633 706 753
6708 3 4 53 83 89 107 152 166 238 252 288 290 303 360 391 397 407 413 414 556 604 617 743 759
6709 53 83 84 89 107 182 238 252 301 360 391 413 542 604 617 759
6710 83 84 107 155 158 160 171 172 174 201 251 252 279 306 309 475 520 521 572 626 686 706
6711 42 152 169 266 288 301 303 507 532
6712 83 84 152 252 266 288 301 507 532 706 707
6713 169 288 706 707
6714 169 266 301 707
6715 83 107 143 169 288 296 301 303 385 388 506 622 652 653 663 706 728
6716 83 119 152 169 252 263 266 288 506 584 626 706
6717 83 152 252 266 301 303
6718 42 83 119 266 288 303 507 532 638 706 719
6719 41 83 266 288 301 303 306 706
6720 41 83 243 266 288 301 303 318
6721 9 42 48 83 110 111 152 169 252 263 288 303 339 345 494 506 626 652 653 671 728
6722 9 42 83 119 123 152 169 263 288 301 303 506 671 728
6723 288 340 706
6724 288 301 303 706
6725 182 523 698
6726 83 252 288 289 303 305 663
6727 84 266 288 301 638 706
6728 169 266 288 707
6729 169 288 706
6730 83 84 152 266 288 301 303 336
6731 83 84 152 252 263 288 301
6732 83 95 110 266 288 289 297 301 303 690 707
6733 48 152 169 197 201 251 273 288 298 301 339 506 539 626 640 706 707
6734 83 89 238 252 288 301 303 391 556 585 604 617 759
6735 42 152 169 252 288 301 303 507
6736 42 152 252 288 303 706
6737 107 288 301 303 706
6738 83 110 111 288 301 371 397 605 680
6739 83 97 288 298 301 512 690
6740 108 204 206 544
6741 15 80 108 206 367
6742 83 116 152 252 301 371 660
6743 41 83 84 107 289 303 305 431 512 633
6744 83 303 423
6745 62 99 171 172 201 251 254 288 294 299 308 310 367 396 422 474 608 633 725 732
6746 15 80 83 108 204 422 543 544
6747 2 80 83 89 109 160 298 354 432 520 572 599 631 648 675
6748 108 206 367
6749 22 48 83 152 201 251 252 298 301 422 631
6750 83 107 116 296 298 301 371 397
6751 9 83 84 119 152 169 252 273 288 297 301 303 308 339 526 592 626 707
6752 288 303 706
6753 84 90 110 252 263 288 298 301 385 408 506 520 572 631 633 753
6754 15 204 422
6755 83 84 294 301 516 624
6756 84 110 152 301 506 539
6757 84 89 107 252 288 301 360 391 556 585 604 617 759
6758 83 84 116 152 288 301 371 680
6759 303 616 632
6760 41 83 84 107 111 116 252 288 296 297 301 371 374 506 690
6761 51 83 84 93 107 110 155 201 213 239 251 252 254 263 288 297 356 380 381 382 385 512 518 520 584 592 599 617 631 633 727 753 758 759
6762 47 51 83 84 107 110 111 155 201 213 251 252 254 297 301 307 356 385 584 592 605 631 727 753 759
6763 47 51 83 107 110 111 155 201 213 251 252 254 288 307 385 512 520 521 584 592 612 631 658 727 753 759
6764 83 204 206 298 367 584 626 631
6765 83 84 123 301 422
6766 39 83 123 252 301 422 753
6767 263 301 303 706
6768 266 288 301 303 707
6769 18 110 123 206 252 254 288 298 301 308
6770 83 84 190 252 279 294
6771 83 198 263 301 370 564
6772 41 152 252 288 303 485
6773 33 63 83 84 110 241 288 298 415 450 461 478 496
6774 80 108 206
6775 84 301 658
6776 83 152 288 303 437 539
6777 0 83 85 93 107 201 246 263 267 288 298 301 633 725
6778 2 107 289 301 305 385 512
6779 41 83 152 252 288 289 301 754
6780 157 288 289
6781 108 199 301
6782 83 123 152 182 252 288 289 296 301 611 673
6783 10 13 50 83 296 301 303 561
6784 11 13 50 83 252 288 296 301 488 561
6785 84 152 252 266 288 289 301 303
6786 83 252 288 303 706
6787 83 99 288 297 301 385 417 592 703
6788 83 152 252 288 296 303 706
6789 83 138 301 431 670
6790 109 366 369 512 648
6791 63 84 177 441 450 506 631 633
6792 89 254 301 354 599
6793 108 199 367
6794 83 89 160 171 202 288 294 298 354 417 599 626 632 633 643 753
6795 83 160 171 172 202 288 298 301 417 572 599 632 633 643 753
6796 83 84 89 160 172 202 294 301 354 417 572 599 632 633 643 753
6797 288 301 363 597
6798 527 638 706
6799 7 83 107 119 288 296 573 622 706
6800 108 204 206 301 367 543 544
6801 152 194 204 252 256 301 350 367 422 520 543 544 725 759
6802 49 55 83 110 152 160 201 252 288 298 301 475 506 520 631 687 725
6803 83 84 152 202 475 541 601 633
6804 199 204 288
6805 83 108 152 422
6806 206 422 543
6807 42 83 84 152 201 296 298 301 303 512 516
6808 194 202 204 289 301 305 367 478 482 543 640 687 759
6809 2 51 83 84 85 107 111 252 263 288 296 301 356 481 578 598 633 759
6810 37 83 107 110 122 252 288 301 303 345 487 504 719
6811 83 152 266 288 301 336 690
6812 197 252 506
6813 80 83 108 204 296 301 541
6814 108 204 367
6815 37 83 84 110 119 152 252 288 301 303 345 487 493 504 652 653 690 706 707 719 749
6816 83 84 252 301
6817 6 83 110 252 289 297 301 303 305 339 592 663 690 706
6818 201 288 301 633
6819 83 197 263 303 364
6820 83 110 152 252 288 302 303 339
6821 288 332 706
6822 42 83 84 169 266 288 532 663
6823 42 83 84 169 288 301 507 532 708
6824 83 266 301 303 507 663
6825 83 252 301 332 339 526 690 707
6826 6 48 50 83 182 288 296 301 339 488 561 690
6827 326 489 633
6828 83 95 288 707
6829 9 39 83 84 152 171 172 213 251 288 298 301 338 367 409 410 450 452 467 496 506 539 560 633
6830 288 301 303
6831 83 107 110 218 219 252 263 288 298 301 572 689 690
6832 83 301 303 706
6833 6 83 182 288 301 303 305 690
6834 288 296 301 530
6835 95 266 288 301 303 706
6836 83 84 107 371
6837 83 84 156 182 294 631
6838 288 586 707
6839 83 266 301 303 632
6840 288 301 725
6841 83 266 301 303
6842 83 107 110 182 252 296 301 303 478 512 690
6843 83 107 110 296 301 303 515 706
6844 84 123 160 254 256 288 298 301 367 520 521
6845 83 182 289 301 303 707
6846 182 288 289 296 301 303
6847 83 119 169 263 301 303 339 663 707
6848 288 301 303 706
6849 23 42 83 84 178 201 246 252 279 293 301 303 431 448 496 506 520 572 631
6850 42 84 266 288 301 303 707
6851 42 152 169 266 288 301 303 706
6852 78 83 84 160 201 251 277 298 300 301 468 531 572 590 725
6853 83 288 303 707
6854 252 289 301 305 690
6855 83 84 128 171 172 201 248 251 288 298 301 487 503 560 633
6856 83 84 248 251 279 288 301 303 372 626
6857 84 351 502
6858 83 252 266 303 706
6859 80 83 84 85 89 152 160 241 251 268 288 298 301 303 358 381 409 410 455 503 520 539 631 689
6860 83 84 152 252 486 512
6861 39 83 84 152 160 201 252 254 288 298 354 506 512 520 598 687 725
6862 91 95 301 303
6863 195 206 544
6864 169 288 301 506
6865 6 83 182
6866 80 83 201 251 279 298 299 301 305 367 381 432 475 487 520 572 604 626 631
6867 83 152 252 263 266 288 305 709
6868 83 84 110 160 196 201 221 251 298 301 307 308 572 608 631 633 668
6869 41 84 107 289 298 301 303 305 431 512
6870 83 84 110 204 206 288 367
6871 83 95 152 252 266 288 690 706
6872 301 706 707
6873 84 252 288
6874 51 154 486
6875 83 252 288 303
6876 83 84 252 301
6877 48 84 119 204 288 301 318 339 367 506 526 626 640 728 753
6878 252 288 301 303
6879 84 108 152 204 206 252
6880 83 107 111 214 236 296 298 478 560 725
6881 37 40 42 83 110 266 301 303 339 706
6882 83 84 169 252 266 288 318 419 526 706 707
6883 42 169 266 301 303 339 626 706
6884 83 84 128 160 201 252 288 298 299 301 303 307 309 400 474 520 568 572 607 608 631
6885 83 201 203 251 506 520 521 626 633
6886 37 83 119 122 169 288 301 345 367 487 493 504 707 719 749
6887 37 83 119 122 169 206 288 301 345 367 487 504 663 707 719 749
6888 83 152 252 266 298 301 332 339 626 706 707 728
6889 83 95 110 288 289 297 305 336 690 706
6890 83 303 706 707
6891 83 169 252 301 706
6892 266 288 301 303 706
6893 84 204 252 301
6894 15 80 83 84 108 152 193 252 254 303 330 367 422 544
6895 205 251 288 298 301 303 633 706 753
6896 15 80 83 84 194 204 288 301 330 367 422 544
6897 83 256 266 303
6898 55 83 86 92 98 107 152 171 172 174 201 219 251 252 300 301 452 506 512 572 582 633 689 725 733 753
6899 108 194 204 544
6900 83 107 153 201 301 312 326 354 367 468 503 531 577 604 632 675 725 759
6901 66 449 486
6902 83 84 107 288 296 301 397
6903 80 83 84 201 294 298 301 572 633
6904 61 83 172 201 251 298 301 306 520 633
6905 83 84 107 108 206 252 325 367 380 455 546 631 633 654
6906 84 95 252 301
6907 51 53 84 89 107 252 256 288 301 303 391 556 573 585 604 617
6908 83 95 152 252 266 288 303 640 690
6909 256 288 301
6910 80 83 84 256 301 506
6911 108 204 367
6912 83 84 148 152 172 252 539
6913 152 169 288 301 303 532 706 707
6914 83 152 252 266 288 301 305 526 616 632
6915 83 152 252 263 275 288 301 303 473 487 626 706 707 728
6916 83 95 288 303 690
6917 41 84 252 303 690
6918 44 83 109 110 301 366 369 650
6919 84 107 116 301
6920 83 152 182 301
6921 83 107 160 190 201 252 288 298 301 355 362 391 503 631
6922 15 80 108 301 330
6923 108 288 424 619
6924 47 81 83 110 152 252 288 301
6925 108 204 301
6926 266 303 706
6927 51 83 110 119 152 169 182 252 288 301 339 345 725
6928 37 83 252 263 288 303 707 719
6929 83 205 251 266 298 303 526 633 706 753
6930 18 171 279 301 381 526 631
6931 108 199 367
6932 37 83 119 122 288 303 493 504 707 719
6933 108 206 301 367
6934 42 83 152 288 289 301 303 339 536 706
6935 83 152 252 288 303 364
6936 108 204 206 367
6937 266 301 303 305 306
6938 83 107 110 123 152 252 288 298 301 324 381
6939 83 110 174 252 256 298 506 512 521 572 598 633 689 723 759
6940 80 83 288 294 298 301 355 539
6941 83 95 110 266 288 297 301 303 305 336 592 690 706
6942 84 263 301 506
6943 37 40 83 110 263 288 298 301 706
6944 84 152 155 201 251 252 254 256 301 367 475 589
6945 84 152 201 252 301 539
6946 83 190 248 298 301 520 539 631
6947 41 50 83 288 301 488 706
6948 83 152 252 288 691
6949 47 80 83 89 98 110 111 157 188 271 288 298 300 301 428 506 512
6950 38 40 83 123 138 152 169 201 252 288 301 303 385 478 482 706
6951 83 169 301 318 707
6952 486 512 753
6953 65 84 252 301
6954 83 152 266 288 301 303 384
6955 42 83 119 266 289 301 303 507 532
6956 119 169 266 288 289 298 301 303 385 507 532 706 728
6957 42 83 119 169 266 288 303 385 507 532 626 706 728
6958 252 263 266 303
6959 83 239 301 303 316 518
6960 83 298 301 303 496 506 633 638 725
6961 42 83 84 288 303 706
6962 83 84 116 152 288 301 397 605 680
6963 84 303 371 397 506
6964 83 95 119 288 289 301 303 305 336 339 527 631 633 707
6965 45 78 83 84 160 183 256 301 568 572 684
6966 83 107 110 252 355 356 482 540 672
6967 38 110 138 301 431
6968 38 83 288 431 662
6969 288 301 706
6970 83 252 266 301 516 709
6971 42 83 152 252 266 288 301 532
6972 83 139 152 252 289 296 301 305 338 413 414 743
6973 84 288 301 706
6974 2 47 48 83 109 345 366 369 650 726
6975 47 84 89 201 251 252 294 296 298 301
6976 15 80 544
6977 84 93 149 201 227 251 254 279 298 354 442 520 521 572 599
6978 83 84 152 252 266 632 706
6979 80 84 254 298 301 711 725 759
6980 83 84 85 123 152 252 279 288 298 367 651 670 697 698 725 736
6981 83 252 288 303
6982 83 95 301 690 706
6983 47 123 252 288 289 296 301 305 506
6984 182 288 301 303 512 631
6985 108 204 288
6986 289 301 305 530
6987 37 83 119 122 169 263 288 301 345 367 487 493 504 719 749
6988 83 107 143 252 288 303 520 633 663 683
6989 42 83 152 169 252 266 303 706
6990 83 252 288 303 632 706
6991 108 199 204 206
6992 83 84 152 252 288 482 486 520 631
6993 83 84 108 152 204 206 367
6994 108 206 625
6995 80 84 288 294 298 355 506 539
6996 83 92 288 298 301 407 506 568 633 743
6997 266 288 301
6998 83 252 288 707
6999 9 10 11 13 83 123 288 289 296 301 385
7000 11 13 83 252 263 301
7001 37 83 119 122 252 288 301 303 345 472 487 504 652 653 707 719 749
7002 10 13 288
7003 11 288 472
7004 2 7 10 83 107 110 169 248 288 298 299 301 303 318 328 345 463 472 476 652 653 707 753
7005 10 11 84 301 303
7006 10 11 83 123 157 252 289 296 301 303 472
7007 7 10 13 472 506
7008 7 10 11 83 119 252 288 301 626 728
7009 11 13 301 472
7010 11 80 83 84 472
7011 10 11 13 263 303
7012 10 288 472
7013 10 288 301 303
7014 10 11 13 119 274 301 339 706 707
7015 10 11 288 301 472
7016 10 11 13 288 301 303
7017 11 13 288 303
7018 13 169 472
7019 10 11 13 119 301 339 472 728
7020 10 13 169 301
7021 10 11 83 288 303 472
7022 11 13 169
7023 11 13 288 301 339 472 506 626
7024 10 13 83 301 472
7025 10 169 472
7026 10 13 83 301 303 472
7027 10 13 83 288 301 339 472 506 728
7028 10 11 13 83 123 252 272 301
7029 10 13 263 303 472
7030 11 13 80 83 288
7031 2 7 13 48 83 107 110 119 263 272 298 299 301 303 318 463 472 652 653 725
7032 2 7 10 13 48 83 107 119 248 263 288 298 299 301 318 328 476 506 626 652 653 725 728
7033 2 7 10 11 107 110 144 248 263 288 298 299 301 303 318 463 472 476 652 653
7034 2 7 11 13 48 83 110 119 263 298 299 301 318 463 472 652 653 725
7035 2 7 11 13 48 83 107 110 119 263 298 299 301 318 463 472 652 653 725
7036 2 7 10 13 48 83 107 110 119 263 288 299 301 318 463 472 506 626 652 653 728
7037 7 13 48 83 107 110 263 288 298 299 303 318 463 472 506 626 652 653 725 728
7038 2 7 11 48 110 119 263 298 301 303 318 463 472 506 626 652 653 725 728
7039 2 7 11 48 83 119 169 263 298 301 303 318 506 652 653 725 728
7040 2 7 11 13 48 83 107 110 119 263 288 299 301 303 318 463 506 653 725 728
7041 7 13 48 83 107 110 263 288 298 299 303 318 472 506 626 652 653 725 728
7042 2 7 11 107 110 119 248 263 288 299 301 303 318 463 472 476 652 653 725
7043 2 7 10 48 83 110 119 263 298 301 318 472 506 626 652 653 725 728
7044 7 10 48 119 263 288 298 299 301 303 318 506 626 652 653 725 728
7045 7 10 11 40 138 169 263 301 318 472
7046 10 288 472
7047 10 13 143 169 252 263 288 296 472 478 663
7048 2 7 10 13 48 83 288 298 506 626 725 728
7049 11 50 472 561
7050 10 11 252 303
7051 10 11 13 263 272 296 301
7052 10 11 13 83 252 263 288 301 339 487 506 707 728
7053 9 10 11 83 119 152 201 248 252 288 296 298 301 303 339 472 473 487 488 561 573
7054 11 13 288
7055 10 11 13 472
7056 10 139 472
7057 11 13 41 252 288 301 472
7058 11 13 83 152 252 263
7059 10 169 289
7060 10 288 301 472
7061 84 152 161 162 251 252 298 301 303 690 725
7062 11 13 42 83 152 288 296 301 303
7063 11 42 83 152 266 288 301 303 507 532
7064 10 11 13 119 169 252 263 301 472 626 728
7065 10 13 288 472
7066 10 11 252 288 296 303 472
7067 11 303 472
7068 11 13 301 303
7069 10 11 13 301
7070 10 13 37 41 252 263 288 298 301 303
7071 10 11 263 288 301 303 472 482
7072 9 11 13 83 152 272 273 274 288 301 561 652
7073 10 11 13 83 119 123 169 301 339 472 652
7074 2 7 10 11 13 48 83 119 298 301 318 506 626 725
7075 2 7 10 11 83 107 110 119 288 298 299 318 476 506 626 652 653 725 728
7076 10 11 13 83 252 274 288 301 506 626 707 728
7077 10 11 13 119 252 288 298 318 472 631
7078 11 169 288
7079 10 11 263 288 303 316
7080 13 169 288
7081 11 13 62 83 169 263 301 345 472 520
7082 13 288 472
7083 13 80 83 123 252 288 301 303 339 385 506 626 652 653 723 728
7084 10 11 288
7085 48 83 84 92 98 157 298 317
7086 10 13 83 263 288 303 472 506
7087 10 13 83 252 288 301 472
7088 10 288 472
7089 11 13 107
7090 10 288 472
7091 10 13 478
7092 11 83 119 169 263 288 301 303 318 472 506 626 706 728
7093 13 37 83 119 122 169 252 288 303 339 487 504 506 626 707 719 728
7094 10 11 13 301
7095 10 11 83 288
7096 10 13 83 119 122 169 263 301 345 487 504 707 719 749
7097 10 11 13 37 119 122 169 301 504 719
7098 11 13 288
7099 11 13 80 84 301
7100 11 288 472
7101 10 13 169
7102 10 11 42 83 169 252 263 288 301 472 478 487
7103 11 37 83 119 122 169 288 301 303 345 472 487 504 707 719 749
7104 11 288 472
7105 11 13 41 301 472 488 561
7106 7 13 37 83 119 252 288 301 303 339 345 472 487 493 626 638 707 728
7107 108 204 206 301 544
7108 41 288 303
7109 152 301 488 539 561 591
7110 84 169 252 263 288 301 303 318 339 385 626 706 707 728
7111 83 84 301 706
7112 83 84 89 98 110 160 202 252 256 288 298 301 381 475 506 520 541 589 618 631 657
7113 62 288 301 620
7114 38 40 42 83 110 138 263 266 301 339 536 706 707
7115 83 169 252 288 303 318 385 506 626 690 698 706 707 728
7116 50 83 288 486 645
7117 23 83 89 107 160 171 178 256 298 301 308 310 459 520 572 620 626
7118 109 227 366 648 650
7119 23 83 84 85 89 92 152 160 171 172 177 201 202 251 252 279 288 448 451 452 459 506 574 613 731
7120 83 252 288 289 298 301 303 305 370 512 667 758
7121 48 83 84 152 288 298 301 506 572 633 689 725
7122 169 266 288
7123 83 84 107 119 123 152 169 201 248 251 252 263 288 298 301 303 328 339 352 364 419 487 506 539 626 638 653 707 728 753
7124 83 84 107 110 119 123 152 169 201 251 252 263 288 298 301 303 328 339 352 419 487 495 506 626 638 653 707 728 753
7125 83 84 119 123 152 197 263 288 298 301 303 339 352 419 473 487 506 626 728
7126 83 84 107 110 119 123 152 169 197 248 251 252 263 288 298 301 303 328 352 364 419 487 495 520 539 626 638 653 707 728 753
7127 83 84 107 110 119 152 169 201 251 252 263 288 298 301 328 339 352 364 419 487 495 506 539 626 638 652 653 707 728 753
7128 83 84 107 119 123 152 169 201 248 251 252 263 288 298 301 339 352 364 419 487 495 506 638 652 653 706 707 728 753
7129 9 48 83 252 263 288 301 303 539 758
7130 83 84 288 303
7131 83 143 152 252 263 288 301 303 388 506 584 622 663 706 728
7132 83 110 201 252 301 670
7133 84 152 201 251 263 289 301 305 512 539
7134 24 36 48 83 85 89 159 254 293 294 298 325 477 478 521 523 572 602 670 697 703 736
7135 94 288 301
7136 84 252 301 364
7137 108 206 288 289 301 305 526 640
7138 123 152 252 288 298 301 303 526 539
7139 83 84 152 252 303
7140 477 523 602
7141 15 80 83 152 204 206 252 301
7142 169 266 288 301 303
7143 42 62 83 84 266 275 288 301 303 404 405
7144 42 83 169 266 301 303 706 709
7145 42 263 288 301 303 536 706 707
7146 42 62 83 84 266 275 288 301 303 404 405
7147 48 83 84 89 201 219 293 294 298 299 301 356 381 475 557 572 582 633 689 725
7148 83 123 152 201 219 252 288 298 301 572 643
7149 15 80 83 108 204 206 252 544 558
7150 301 364 506
7151 288 301 706
7152 83 107 119 169 288 301 506 706
7153 9 48 83 84 119 152 252 288 298 301 339 626 652 706 707 728
7154 83 107 275 288 296 298 301 303 318 386 388 476 487 622 662 663 706
7155 83 84 468 506 626
7156 84 110 116 288 301 397
7157 252 288 301 303
7158 15 80 108 193 204
7159 83 197 263 301 303 419 506
7160 83 197 288 506
7161 2 48 83 110 119 205 251 263 288 298 299 301 303 463 572 633 653 689 706 725 753
7162 37 83 119 122 169 263 301 487 493 504 707 749
7163 83 152 252 301 303
7164 15 80 288 330 544
7165 288 301 303
7166 84 288 436
7167 288 697 706
7168 83 243 252 266 288 301 303 706 709
7169 83 84 252 288 298 301 303 318 339 385 504 626 706 707 719 728
7170 83 84 119 205 252 288 301 303 318 339 385 504 616 626 632 707 708 719 728
7171 266 653 706
7172 42 83 84 243 266 288 301 303 706 709
7173 18 52 60 83 107 129 254 263 286 288 301 443 478 506 584 599 606 631 655
7174 37 266 706
7175 83 95 110 266 288 289 690 706 709
7176 42 119 266 288 301 303 318 339 506 706 707 709
7177 169 252 288 301 318 339 707
7178 80 83 85 86 107 140 160 252 293 296 298 301 308 367 604 626 725
7179 83 152 252 266 288 301 706
7180 83 165 202 241 288 301 475 572 631
7181 252 266 288
7182 108 252 303 367
7183 107 219 251 288 298 301 407 414 431 633 743
7184 53 83 84 89 238 252 256 288 301 391 397 585 604 617
7185 4 83 84 107 110 201 251 252 288 301 355 512 520 521 541 633 759
7186 71 83 107 119 121 169 263 301 324 345 386 473 487 606 622
7187 288 301 707
7188 83 95 169 266 288 301 303 336 339 488 561 706 707
7189 266 288 706
7190 83 84 152 252 288 706 707
7191 83 152 252 266 288 301 690
7192 83 107 296 297 301 303 324 385 560 592 753 758 759
7193 83 107 288 296 297 298 301 303 385 560 592 753 758 759
7194 40 42 110 138 266 301 303
7195 51 83 128 301 437 557 572 619 725
7196 83 266 301 303 706
7197 84 115 252 301 567
7198 42 51 83 119 169 263 288 289 301 303 305 318 339 419 573 652 653 707
7199 42 119 169 263 298 301 303 318 339 419 504 573 652 653 706 719
7200 83 169 263 266 289 301 318 419 706
7201 266 288 301
7202 80 301 618
7203 288 301 475
7204 53 83 89 107 288 301 303 391 542 556 604 617 759
7205 84 152 252 288 301 303 339 482 690
7206 266 301 706
7207 84 289 301
7208 84 289 301 305
7209 39 80 84 152 160 201 219 239 251 252 256 268 298 301 427 452 518 546 572 626 633 636 689 748
7210 169 301 706 707
7211 42 83 119 169 266 288 303 318 536 706 707
7212 43 83 107 123 169 252 263 288 301 345 478 482 602 652 663
7213 37 43 83 107 123 152 169 263 274 288 301 303 345 478 482 626 652 663 728 736
7214 152 169 252 263 266 301 303 318 339 478 616 663 707
7215 83 84 288 303
7216 10 119 169 252 288 301 303 339 472 506 626 707 728
7217 83 301 706 707
7218 80 83 84 202 288 486
7219 83 84 152 202 301 486
7220 37 42 71 83 84 202 252 288 303 478 520 521
7221 7 83 152 197 252 288 303 626
7222 15 80 83 108 193 194 330 543 544
7223 83 119 169 201 251 252 263 273 288 298 301 303 339 345 487 506 626 653 728
7224 12 29 58 65 83 84 87 107 110 134 152 251 252 279 288 301 303 338 356 380 385 427 428 506 520 521 547 572 619 631 633 643 689 753 755 759
7225 50 65 83 90 107 111 252 288 296 301 303 380 413 414 481 512 528 543 604 619 690 727 743 753 759
7226 66 288 449 486
7227 83 84 123 124 152 252 256 288 298 303
7228 6 83 266 289 305
7229 252 301 706
7230 12 29 58 80 83 84 87 107 110 157 202 254 256 277 288 293 294 301 303 338 356 358 367 384 431 506 520 541 547 633 641 690 725 753
7231 84 266 301 303 632 706
7232 83 152 252 288 289 301 305 690 706
7233 42 95 152 288 289 301 303 305 536 690 706
7234 84 288 301
7235 83 110 301 560 619 690 757
7236 15 80 108 204 206 367 422 544
7237 84 110 111 116 301 371 397
7238 83 252 289 301 303
7239 83 84 89 238 288 301 303 391 397 556 585 604 617 759
7240 83 288 303 305
7241 40 41 83 119 169 263 266 288 301 303 305 709
7242 83 152 169 288 301 303 706
7243 66 203 449
7244 66 301 449 486
7245 83 110 111 252 288 301 371 680
7246 37 80 83 84 89 110 152 201 228 251 252 263 288 298 301 345 354 391 473 487 572 599 606 631 633 664 725
7247 38 40 41 83 95 152 169 288 289 297 301 303 305 663 690 706
7248 79 83 84 201 288 539
7249 79 83 84 123 256 526 539
7250 42 83 152 169 252 288 507 707
7251 83 152 169 252 266 288 318 336 706 707
7252 66 449 486
7253 123 143 169 182 263 274 301 303 339 626 652 653 663 728
7254 83 107 152 227 254 263 298 303 385 506 530 539 591
7255 83 84 152 252 266 288 301
7256 83 95 152 266 288 303 690 706
7257 15 80 108 204 206 544 734
7258 95 266 301 305
7259 108 202 204 206 301 330 367
7260 108 206 367 543
7261 84 107 203 633
7262 266 288 301
7263 108 204 206 301
7264 182 288 301 303 512
7265 83 252 288 303
7266 83 301 338 506
7267 266 301 303
7268 84 110 152 252 380
7269 83 110 288 289 301 303 341 485 754
7270 42 83 266 301 303 318 506 527 706
7271 80 296 301
7272 83 288 303 341 485
7273 95 152 252 301 303 690
7274 252 288 301 303
7275 83 89 107 160 201 251 288 301 367 546 746 753
7276 83 252 301 341 754
7277 2 4 39 83 107 254 263 294 298 301 367 512 572 604 605 631 632 712 759
7278 42 288 303 536 706
7279 84 107 301 371 506
7280 84 116 296 301 371 506
7281 83 254 298 301 354 624 631
7282 107 506 633 725
7283 7 83 263 266 288 301 303
7284 42 83 169 252 266 301 303 706
7285 83 303 338 506
7286 83 169 266 288 301 305 318 339 352 419 707
7287 83 110 111 152 201 251 252 288 298 301
7288 83 95 288 318 526 706 707
7289 84 95 152 690 706
7290 83 84 119 160 169 263 288 298 301 345 459 487 506 572 582 606 626 638 663 707 728
7291 23 37 83 84 119 160 169 263 288 298 301 303 339 345 459 487 572 582 606 626 638 707 728 749
7292 83 84 252 301
7293 83 95 288 303 690 706
7294 266 288 303 707
7295 42 83 288 289 303 305 706 707
7296 266 289 301 303 707
7297 83 152 252 288 298 301 420
7298 37 71 83 107 119 123 263 288 301 303 331 345 346 386 473 487 606 622
7299 182 288 303
7300 83 115 182 252 288 301 303 707
7301 83 266 301 303 706 709
7302 169 301 706 707
7303 84 169 266 288 301 303
7304 3 4 83 89 166 238 252 288 290 301 303 360 391 407 413 414 542 556 604 617 743 759
7305 83 173 201 202 251 263 298 300 301 381 411 568 631
7306 108 199 367
7307 252 266 303 632
7308 83 152 252 288 303 706
7309 197 301 303 364 419
7310 83 252 303 616
7311 48 84 152 252 301 325
7312 65 80 84 279 459 554
7313 83 169 266 288 706
7314 108 195 204 206 330
7315 80 83 107 110 227 233 251 252 267 288 298 316 338 370 374 385 386 391 512 604
7316 83 84 107 201 251 301 367 512 568 633 758
7317 266 288 706
7318 83 123 134 143 301 303 308 374 512 663 737
7319 169 706 707
7320 266 288 707
7321 42 119 266 287 288 301 303 318 507 532 638
7322 266 305 706
7323 83 152 243 266 288 301 303 616 632 706
7324 83 119 252 266 288 298 301 303 626 638 706 707 708
7325 252 288 301
7326 288 301 303 599
7327 171 173 174 201 239 251 254 301 358 379 381 382 506 518 520 572 631 633
7328 83 205 243 266 298 301 633 707
7329 42 83 169 288 301 303 305 318 419 506 507 532 626 652 706 707 728
7330 83 119 169 263 288 303 318 339 507 532 652 706 707 708
7331 83 152 196 251 252 288 298 301 339 572 633 728
7332 84 301 380 486 727
7333 83 84 206 367 544
7334 37 41 119 152 169 252 288 301 303 345 487 504 690 706 719 749
7335 263 288 297 303 663 690
7336 83 169 266 288 318 339 706 707
7337 252 288 301 706
7338 41 42 301 303 706 707
7339 84 152 252 303 706
7340 47 50 84 301 350 486
7341 37 83 107 110 119 169 251 273 288 298 301 303 305 318 339 536 652 653 663 706 707
7342 169 266 288 301 506 707
7343 84 266 288 707
7344 80 83 84 89 173 201 251 252 296 300 301 391 546 725
7345 83 119 169 301 352 478 504 706
7346 42 83 95 119 123 169 288 298 301 303 385 478 482 506 626 652 663 706 728
7347 288 301 318
7348 83 143 152 252 288 303
7349 288 706 707
7350 266 288 301 303 318 339 616 632 706
7351 37 83 119 169 288 301 504 706 719
7352 83 92 152 173 252 294 298 506 557 633 725
7353 42 152 169 252 266 288 301 303
7354 83 152 169 252 263 301 364 506 640 728
7355 82 83 107 110 111 252 288 652
7356 83 84 252 301
7357 40 42 83 110 303 431 662
7358 266 288 638 707
7359 288 301 706 707
7360 83 95 169 266 301 339 638 709
7361 4 53 89 107 152 166 238 252 290 291 301 303 360 391 397 407 413 414 556 573 604 617 743 759
7362 83 84 123 152 252 298 385 697 698
7363 266 288 301 318 504 638 707
7364 55 83 288 301 392 506 530 612
7365 83 95 119 169 252 289 301 303 305 318 339 385 527 573 626 707 728
7366 83 252 256 288 301 303 506
7367 107 152 252 263 288 301 303 388 584 706
7368 42 83 119 256 263 288 303 318 339 419 573 616 632 652 653 707
7369 266 632 706
7370 83 84 169 208 263 273 288 298 301 339 520 521 525 572 626 631 706 707 753
7371 169 266 301 303 707
7372 83 266 287 301 638 706
7373 41 83 152 288 301 341
7374 84 301 303 344
7375 83 95 107 169 288 296 301 303 339 386 388 506 626 707 728
7376 83 110 266 288 289 297 301 303 305 336 690 706
7377 266 288 301 303
7378 84 152 252 288 706
7379 83 152 252 266 288 301 336 690 707
7380 108 193 195 204 544
7381 83 303 706 707
7382 2 48 83 84 85 158 169 252 288 303 320 506 606 626 758
7383 84 90 301 486
7384 42 83 152 169 266 288 706 707
7385 83 143 252 263 303
7386 266 288 301 303
7387 83 288 289 706
7388 10 11 472 478 482
7389 266 288 706
7390 84 152 288 301 303 706
7391 53 89 107 252 288 301 303 360 391 397 585 604 617 759
7392 42 83 119 169 252 288 301 303 339 506 626 697 698 706 707 728
7393 266 303 706
7394 83 152 266 288 301 303 706
7395 84 252 266 707
7396 80 131 301 305 423
7397 83 152 252 266 301 303 318 339 536 626 706 707
7398 83 84 252 288 303
7399 83 152 169 252 266 288 303 632 663 690
7400 42 83 152 266 288 301 303 706
7401 42 83 252 288 303 706 707
7402 83 301 303 706
7403 108 199 288
7404 108 204 301 573
7405 80 84 301
7406 39 80 83 152 160 201 252 254 256 279 288 298 301 568 582 759
7407 83 152 252 266 288 303
7408 252 288 303
7409 37 119 169 252 266 288 301 487 504 706 707 719
7410 49 52 63 83 84 98 128 141 148 152 174 177 253 254 263 277 288 298 301 356 392 402 443 450 453 456 496 546 561 631
7411 49 52 60 63 83 84 98 128 152 174 177 254 263 277 288 298 301 356 391 392 402 443 450 453 456 506 546 633
7412 42 83 152 252 288 289 303 305 506 536 626 706
7413 80 123 254 296 301 356 512 596
7414 83 152 169 252 288 303 616 706
7415 83 288 294 624
7416 47 83 84 152 171 219 251 298 431 539
7417 83 84 107 152 539 706
7418 83 204 206 289 301 305 367 506 626 728
7419 83 263 288 301 506 626 663
7420 1 83 148 298 301 362 512
7421 266 288 707
7422 83 169 266 288 301 706
7423 83 252 301 706 707
7424 108 206 367 544
7425 83 169 266 301 305 318 707
7426 83 123 152 227 298 301 325 385 475 512 541
7427 152 252 266 301 303 707
7428 83 84 303 707
7429 41 83 152 252 288 289 301 485
7430 83 263 288 301 318 352 506
7431 83 84 160 201 252 263 288 298 450 572 631
7432 51 83 154 301 355 437 619 631
7433 84 190 279 288 300 301 521
7434 9 83 152 169 266 288 303 706 744
7435 42 83 119 123 169 263 266 288 303 473 536 638 707
7436 83 152 263 266 288 301 303 707
7437 42 83 266 287 318 638 706 707
7438 83 109 152 201 251 254 279 293 294 298 301 367 369 391 650 725
7439 288 301 303 485 754
7440 40 41 83 110 252 288 289 298 301 341 345 718 754
7441 83 169 252 266 288
7442 78 83 152 201 252 256 279 298 300 301 309 381 568 572 631
7443 83 84 107 110 296 371 397 506
7444 83 84 123 252 263 288 301 303 487 626 697 706 707 728
7445 83 288 303 709
7446 83 252 288 303 616 632 706
7447 51 83 84 107 152 242 297 303 336 381 391 403 468 469 512 546 560 584 592 604 631
7448 266 301 706
7449 9 18 52 60 83 107 129 254 263 286 288 301 443 506 584 599 606 609 631 753 759
7450 266 301 303 707
7451 83 84 120 169 252 275 298 301 339 352 638
7452 169 266 706
7453 83 169 301 303 318 706
7454 83 143 169 252 263 288 301 303 352 507 532 663 706 707 725
7455 38 138 288
7456 38 41 42 288 289 303 305 706
7457 83 152 252 263 266 288 289 301 303 305 584
7458 83 152 252 288 303 706
7459 252 288 301 706
7460 83 84 85 254 301
7461 83 95 252 288
7462 203 288 301
7463 83 152 252 288 289 301 303 305 706
7464 83 119 169 252 266 301 303 318 706
7465 83 84 119 152 169 252 288 301 303 339 345 626 663 706 707 728
7466 6 83 119 152 169 252 266 288 301 303 339 663
7467 83 371 506
7468 2 4 39 84 89 107 254 263 294 298 301 367 512 520 572 604 622 631 632 712
7469 200 204 367
7470 95 301 303 638 706
7471 91 288 706
7472 266 536 707
7473 266 288 301 303 318 339 506 616 632
7474 83 84 152 252 266 287 288 318 706
7475 169 301 706 707
7476 83 266 287 301 638 706
7477 95 288 706
7478 95 288 301 303
7479 95 266 288 301 303 336 690 706
7480 83 152 169 263 266 288 352 706 707
7481 301 364 640
7482 83 84 152 263 288 298 301 385 408 506 572 631 633 712 753 759
7483 83 138 431 662
7484 15 108 118 194 204 206 544
7485 182 288 301
7486 98 288 305
7487 15 108 204 206 367
7488 41 83 131 288 301 423 532 632
7489 266 288 303
7490 7 169 266 289 301 303 318 707
7491 266 288 301
7492 83 84 119 169 182 263 288 294 301 345 473 487 506 626 707 728
7493 7 83 169 287 301 318 339 706 707
7494 78 83 110 152 252 254 288 298 301 470 521
7495 108 199 367
7496 48 83 123 152 252 288 296 301 303 526
7497 169 301 303 318 706
7498 84 266 288 301 303
7499 3 4 53 83 89 107 166 288 290 301 303 360 391 397 407 413 414 542 556 604 617 743 759
7500 83 197 288 303 419
7501 169 266 288 305 318 419 526 706
7502 48 83 140 300 301 325 355
7503 84 252 380 727
7504 83 84 89 98 152 251 252 296 298 299 300 301 310 546 633
7505 37 83 119 169 266 301 345 504 706 707 719
7506 2 84 391
7507 288 301 706
7508 2 7 48 83 107 119 144 263 288 298 299 301 345 463 478 482 652 653 687 725
7509 2 7 42 48 83 107 110 119 252 263 288 298 301 303 318 463 532 653 725
7510 2 7 42 83 107 110 119 248 252 263 288 298 301 303 318 328 345 463 476 652 653 725
7511 152 252 301 303 706
7512 48 83 84 119 123 182 252 288 301 473 487 626 697 698 725 728
7513 83 84 152 252 266 297 506 539 592 690 723
7514 50 83 169 266 274 289 301 303 305 339 488 561 706
7515 37 83 84 119 152 169 201 251 252 263 288 301 303 339 345 487 606 706 707 749
7516 41 83 152 288 289 301 303 754
7517 10 11 83 123 158 296 301 385 631
7518 39 107 143 263 288 296 303 308 386 388 622 663 737
7519 83 107 169 196 243 266 527 622 706 707
7520 84 288 301
7521 83 152 266 288 301 339 385 506 626 706
7522 108 199 204
7523 108 199 204 206
7524 38 40 83 110 143 152 288 301 308 408 473 478 487 663 712
7525 42 83 266 288 289 303 536 706
7526 84 169 252 275 298 301 616 632 690 706
7527 83 119 288 301 303 318 339 385 419 506 626 707 719 728
7528 83 169 288 289 303 305 318 339 385 419 506 706 707 728
7529 83 157 172
7530 83 252 288 301 616 632 706
7531 252 263 303
7532 83 152 169 288 301 690
7533 330 514 544
7534 48 98 102 112 325 385 529
7535 83 169 252 263 266 275 298 301 352 706 707
7536 108 206 367
7537 2 597 729
7538 252 263 288 301 303
7539 47 49 84 152 160 171 172 173 174 252 268 297 298 301 418 422 475 506 539 592 604 626 633 690
7540 84 301 303 706
7541 266 288 706
7542 83 84 152 169 252 266 288 298 339 663
7543 266 288 638 707
7544 303 706 707
7545 83 84 169 252 288 301 303 318 339 345 419 487 504 707 719
7546 83 169 266 301 303 318 707
7547 84 152 252 288 301 706
7548 48 83 84 107 110 119 123 169 201 252 256 296 301 303 345 386 526 622 638 706 707
7549 83 84 288 303 706
7550 266 706 707
7551 108 204 206 301 303
7552 83 152 288 301 303 536 706
7553 95 169 288 301 303
7554 84 152 252 706
7555 18 83 84 107 123 129 254 263 286 301 481 584 599 606 609 655 759
7556 41 48 84 256 288 298 301 385 597 758
7557 83 84 110 252 298 300 301 392 455 591 599 618
7558 83 84 301 303
7559 83 110 139 152 169 182 288 301 303 506
7560 83 84 110 288 363 391
7561 266 288 301 303
7562 83 169 182 252 263 288 301 302 303 506 616 626 632 633 653 663 707 728
7563 42 83 169 263 288 303 707
7564 83 152 288 301 303 616
7565 288 303 706 707
7566 83 84 288 303 706
7567 39 83 288 294 301 354 530 577 631
7568 38 40 42 110 138 152 288 289 296 301 303 507 527 532 561 632 706 707
7569 83 153 276 353 506 753
7570 37 83 108 119 122 169 206 263 288 303 345 367 487 493 504 707 719 749
7571 288 706 707
7572 80 123 254 296 301 356 512 596
7573 266 288 706
7574 266 288 707
7575 266 287 288 301 318 638
7576 84 152 252 266 288 301 303 506 707
7577 266 301 603
7578 95 252 301 303
7579 252 288 301 706
7580 108 204 206 367
7581 301 371 506
7582 266 301 706
7583 41 83 152 288 289 301 303 305
7584 42 73 296 303 507
7585 266 301 706
7586 42 83 169 252 266 288 301 303 345 487 526 706
7587 80 83 108 204 206 544
7588 84 169 206 248 288 301 303 367 473 626 728
7589 83 169 243 252 288 706
7590 266 288 690
7591 83 95 266 289 297 303 305 336 690 706
7592 42 83 152 169 266 275 298 301 303 345 706 707
7593 288 301 706
7594 83 266 288 301 306 506 626
7595 169 288 303
7596 169 252 289 301
7597 42 83 301 303 706
7598 205 266 288 298 301 303 572 633 706 753
7599 288 340 706
7600 80 108 152 206 367 544
7601 41 83 252 303 485
7602 83 143 152 169 252 288 301 339 663 706
7603 83 288 301 637 697 699 704
7604 169 266 289 301
7605 83 84 165 243 266 298 301 303 539 572 706 707
7606 48 83 152 252 266 288 298 301 303 336 690 706 707
7607 38 42 83 119 169 252 288 301 303 506 626 663 706 728
7608 38 40 42 263 301 303 431
7609 83 266 301 303 707
7610 37 83 119 122 169 252 263 288 487 707 719
7611 2 7 13 48 83 107 110 119 263 296 298 299 301 303 318 463 472 626 652 653 706 707 728
7612 169 266 288 318 706
7613 83 152 252 303
7614 83 84 169 252 288 339 436 506 652 707
7615 107 263 303 431
7616 83 84 95 169 252 288 301 303 318 339 385 626 706 728
7617 95 107 169 252 296 301 303 339 386 539 622 626 706 707 728
7618 42 83 119 169 288 301 303 339 385 506 532 626 652 728
7619 36 523 698
7620 266 288 706
7621 83 84 204 301 303 526
7622 7 83 110 169 197 288 301 364
7623 83 119 152 169 252 263 288 301 303 339 487
7624 83 84 110 288 301 339 473 506 626 707 728
7625 40 42 110 138 288 303 431
7626 95 301 303 305 336 690 706
7627 42 83 169 266 288 303 318 507 706
7628 15 80 108 204 206 301 734
7629 3 4 83 89 107 152 166 238 252 288 290 291 303 391 397 407 413 414 542 556 604 617 743 759
7630 83 266 339 506 516 626 706 707 709
7631 42 266 288 301 303 706
7632 83 152 251 252 539 633
7633 266 288 303
7634 42 83 123 152 266 288 289 298 301 303 507 532 706
7635 83 288 598
7636 83 84 89 107 252 288 360 391 556 585 604 617 759
7637 252 303 706 709
7638 84 252 263 288 301
7639 204 206 526
7640 9 83 152 252 288 301 561 706
7641 83 84 107 190 252 277 279 288 298 301 310 519 520 577 631 633 666
7642 83 119 152 169 252 266 287 288 289 301 527 638 663 707
7643 83 204 206 251 298 301 330 367 544 633
7644 169 266 288 318 626 707
7645 108 204 288
7646 83 84 152 288 301 303
7647 83 288 301 303 690 706
7648 83 152 252 266 301 303
7649 83 252 263 301 626
7650 41 83 169 266 288 301 303 707
7651 266 289 301 303 318 638 706
7652 48 83 169 252 263 288 294 301 345 487 506 626 671 707 728
7653 83 169 288 301 303 616 632
7654 152 252 301 303 632
7655 83 84 152 252 288
7656 2 301 303
7657 95 110 119 169 266 288 289 301 303 592 690 707
7658 266 288 706
7659 83 169 266 288 301 706 719
7660 204 206 301 367
7661 53 84 89 107 238 252 288 301 303 360 391 556 604 617 743
7662 108 206 367
7663 47 83 84 107 110 123 252 279 288 298 301 515 546 603 670 687 706
7664 266 288 301 303 690 706
7665 83 266 301 303 706
7666 266 288 305 707
7667 83 266 288 301 303 305 318
7668 266 288 706
7669 83 266 288 289 301 305 318 616 632 640
7670 95 288 301 303 336 690 706
7671 91 289 706
7672 288 289 303 318 706
7673 83 107 254 367 519 560 633
7674 301 318 706 707
7675 84 266 288 301
7676 266 288 707
7677 83 288 303 318 706 707
7678 84 169 252 301 706
7679 42 83 152 252 288 301 303 507 532 706 707
7680 9 83 110 119 152 169 252 275 288 297 301 303 339 506 592 626 690 707 728
7681 83 152 169 263 266 288 301 506 626 706 728
7682 288 301 461
7683 83 266 301 303 305 707
7684 266 289 301 303 385 506 626 663 706 707 728
7685 266 288 301
7686 83 169 266 301 303
7687 169 266 707
7688 266 288 301
7689 42 83 84 119 123 169 252 303 339 345 487 506 626 663 706 728
7690 42 266 301 303 385 706
7691 50 83 95 152 266 288 303 488 706 707
7692 143 152 182 252 288 296 301 663
7693 143 152 182 252 288 296 303 473 573 663
7694 83 84 123 152 252 266 275 288 507 532 616 706
7695 84 252 288 301 303
7696 84 182 288 301
7697 83 182 288 303 512
7698 83 182 301 303 512
7699 48 83 84 107 110 182 288
7700 48 83 84 110 288 303
7701 182 288 301
7702 83 95 252 288 303 336 690 706
7703 83 119 263 266 288 301 305 339 345 419 573 707 709
7704 169 706 707
7705 288 305 706 709
7706 119 169 288 301 318 506 626 706 728
7707 83 110 123 152 252 288 384 506 690 702
7708 84 288 301 303 706
7709 83 84 301 638 706 707
7710 169 263 288 301 303 305 318 339 419 573 616 632 652 653 706 753
7711 42 83 119 169 263 273 298 303 318 339 419 573 652 653 706 707
7712 83 169 263 266 288 289 318 419 707
7713 169 266 301 638
7714 169 288 303 638 706
7715 169 288 706 707
7716 266 287 288 301 318 638
7717 83 84 266 288 638 706
7718 83 169 266 301 339 385 506 616 632 638 663 706 728
7719 83 169 266 288 303 616 632 706
7720 37 119 122 169 266 288 487 504 706 707 719
7721 83 84 169 266 301
7722 83 119 152 252 266 288 301 506 626 706
7723 83 84 119 169 263 298 301 318 339 419 506 521 572 626 706 707 728
7724 40 83 95 123 152 169 252 266 288 301 303 482
7725 83 119 152 266 288 303 385 626 706 707 708
7726 7 83 119 152 266 288 301 506 626 706 707 708
7727 83 169 288 301 303 318 339 507 626 706
7728 143 152 263 274 288 296 301 303 345 663
7729 182 301 506
7730 83 287 301 638 706 707
7731 169 266 288 303 706
7732 84 169 266 288 301 318
7733 266 288 706
7734 169 288 303 318 638 706
7735 83 85 89 154 202 252 256 301 475 541 626 759
7736 42 83 119 143 274 288 301 663 697
7737 42 83 152 169 263 288 289 303 305 339 419 573 616 632 652 653 706 707
7738 83 119 169 263 266 288 289 301 318 339 419 663 706
7739 42 169 263 288 289 303 305 318 419 506 507 532 626 653 706 707 728
7740 169 266 301 638
7741 83 84 301 338 506 512
7742 83 84 134 288 301 338 512
7743 83 152 288 301 303 706
7744 83 169 266 288 318 339 506 706 707
7745 83 152 252 288 301 616 632 706
7746 48 83 95 110 152 288 289 298 303 305 336 506 592 698 706
7747 83 252 266 288 301 303 632
7748 83 84 152 288 301 303 706
7749 83 84 169 301 318 706 707
7750 83 169 266 287 301 318 638 707
7751 83 84 109 110 196 252 299 301 303 307 497 607 608
7752 42 83 152 169 252 288 296 301 303 507 532 706 707
7753 9 83 201 252 274 275 288 303 339 345 352 420 506 626 706 707 728
7754 37 83 119 169 263 266 301 345 487 504 707 719 749
7755 95 301 303 706
7756 37 83 119 122 169 263 266 301 345 706 707 719
7757 108 204 301 367
7758 108 206 367 544 558
7759 108 204 206 252 301
7760 83 119 152 252 266 301 303 506 626 707
7761 83 84 119 252 288 301 303 318 339 419 487 504 663 707 719
7762 42 83 169 288 301 303 305 318 339 419 506 507 532 626 653 706 707
7763 266 287 288 301 318 638
7764 91 169 266 288
7765 119 169 263 266 288 301 305 318 339 419 663 706 707
7766 266 288 707
7767 42 83 169 263 288 303 305 318 339 419 506 507 532 626 652 707 728
7768 42 169 266 288 301 318 507 532 706
7769 41 169 252 263 266 296 301 303 305 423 638 706
7770 83 266 288 504 638 706
7771 266 706 707
7772 83 107 152 183 196 222 298 300 301 506 546
7773 48 83 276 288 301 423 530 690
7774 10 169 472
7775 83 152 169 182 263 288 301 339 345 506 626 706 707 728
7776 83 169 288 301 318 339 352 706 707
7777 83 84 301 303 706
7778 95 169 266 288 303 318 706 707
7779 83 169 288 301 318 626 706 719
7780 107 197 301 364
7781 266 288 706
7782 83 301 303 690 706 744
7783 288 638 706 707
7784 169 266 301 318
7785 38 40 42 110 266 301 303 507 532 706
7786 9 78 83 84 85 89 98 155 252 279 298 301 356 467 506 546
7787 83 95 119 123 169 288 298 301 303 305 385 482 626 706 707 728
7788 51 83 300 301 437 539 599 619 637 759
7789 84 252 288
7790 3 4 53 89 107 152 166 238 252 288 290 301 303 360 391 413 414 542 556 604 617 743 759
7791 48 83 84 169 273 288 303 339 626 663 706 707 728
7792 4 42 44 132 152 201 251 252 301 303 355 506
7793 83 169 266 288 301 303
7794 169 288 706
7795 83 95 119 252 266 288 301 318 339 385 506 626 707
7796 108 252 301 544
7797 169 263 266 288 303 318 707
7798 50 83 84 152 252 288 296 311 520 589 633 678
7799 1 37 42 83 84 107 152 252 263 273 288 293 294 297 301 304 312 329 351 354 385 406 473 577 592
7800 42 83 119 123 169 266 288 298 303 305 385 482 506 626 707 728
7801 84 206 252 301
7802 15 80 206 288 301 330 367
7803 169 263 266 288 301 616 706
7804 266 301 707
7805 169 288 706
7806 49 83 85 107 152 155 252 288 301 444 539
7807 83 169 252 266 301 318 339 352 707
7808 83 169 252 263 266 288 318 339 419 706
7809 266 288 706
7810 83 85 89 107 112 140 201 239 251 252 298 300 301 310 338 351 356 367 381 506 518 520 521 539 546 572 574 582 584 604 631 633 641 690
7811 83 85 89 107 112 138 140 201 239 251 252 298 300 301 310 338 356 367 381 418 475 506 518 520 521 546 572 582 604 631 641 690 759
7812 83 252 288 303
7813 42 83 152 169 252 266 288 507 706 707
7814 42 83 119 263 301 303 318 339 419 507 652 706 707 708
7815 83 169 263 266 288 339 419 706
7816 42 83 263 288 301 305 318 339 419 506 507 532 626 653 706 707 728
7817 323 549 740
7818 169 303 706 707
7819 169 288 506 709
7820 83 84 169 288 301 336 690 707
7821 53 83 84 89 107 238 288 303 360 397 556 604 617 743 759
7822 169 266 318 638
7823 83 110 152 252 305
7824 266 288 706
7825 83 84 152 288 303 706
7826 243 288 301 706
7827 169 288 707
7828 39 83 84 89 99 107 254 263 294 298 355 367 381 512 520 572 604 622 631 712
7829 288 301 706
7830 83 152 252 301 303
7831 169 287 288 301
7832 83 152 252 266 303 526 706 707
7833 169 288 706
7834 42 83 169 263 266 301 303 305 318 339 506 507 532 626 652 706 728
7835 42 83 289 301 303 305 507 532 706 707
7836 42 119 169 263 287 288 301 303 318 339 419 507 532 706
7837 42 83 119 169 288 303 339 419 507 532 652 706 707 708
7838 83 110 288 289 301 303 305 690
7839 110 288 301 303 305 706
7840 42 83 169 263 288 289 301 303 305 339 419 506 507 532 626 652 707 728
7841 41 83 252 288 296 301 345 478 488 532 561
7842 83 152 301 336 690 706 707
7843 83 84 169 288
7844 232 266 288 301 303
7845 73 83 107 201 252 288 297 298 301 690
7846 42 83 169 263 288 289 301 305 318 419 506 507 532 626 653 706 707 728
7847 83 95 169 266 301 303 336
7848 83 289 301 529
7849 7 83 123 169 266 301 631 706
7850 119 169 263 266 289 301 339 345 419 573 706 707 709
7851 288 303 318 706 707
7852 266 287 288
7853 169 266 706
7854 83 84 119 152 288 298 301 303 385 506 626 638 707 708
7855 7 266 707
7856 83 152 288 301 303 706
7857 83 169 266 288 303 707
7858 289 330 544
7859 83 288 301 366 369 648
7860 48 122 123 182 252 288 301 345 487 504 707 719 749
7861 110 263 288 296 301 368 414 743
7862 83 84 266 301 707
7863 84 252 266 288 301
7864 83 107 110 201 251 254 263 288 301 478 592 713
7865 83 131 201 254 288 301 512
7866 266 288 289 706
7867 83 84 169 266 303 706
7868 288 301 332
7869 83 84 152 251 256 288 298 301 332 725
7870 266 288 301 318 504 638 706
7871 169 266 305 706
7872 37 83 122 169 252 263 266 288 345 487 504 707
7873 169 201 251 288 298 301 303 339 385 526 572 626 633 690 706 707 728
7874 83 107 187 203 506 633 753 758
7875 42 119 169 252 266 275 288 301 303 318 339 706 707
7876 169 252 266 288 303 507 532 706 707
7877 83 84 252 288 633
7878 108 204 206 625
7879 288 301 303 709
7880 83 160 173 201 251 288 301 381 506 520 572 631 633
7881 83 169 266 288
7882 266 287 288 301 318 638
7883 199 204 206
7884 83 252 301 480
7885 83 252 301 419 480
7886 252 301 303 341 485
7887 84 110 116 303 371
7888 266 288 706
7889 50 83 152 243 252 288 301 303 488 561 584
7890 83 152 252 266 288 296 301 488 539 561 706 707
7891 51 83 84 107 238 252 288 301 391 397 556 573 585 604 617
7892 50 84 119 152 296 301 303 336 488 561 690 706
7893 83 84 89 107 173 263 288 293 294 298 312 354 355 367 428 520 539 572 577 599 604 631 759
7894 41 83 107 152 288 506 539 633 712
7895 39 48 78 83 84 89 107 248 252 301 325 441 453 456 598 725 753
7896 42 83 152 169 252 266 288 303
7897 83 110 111 116 252 288 301 397
7898 80 83 107 110 123 252 278 293 298 301 308 381 437 602 725 753 759
7899 47 83 201 204 206 367 520
7900 288 305 706
7901 31 33 139 298 333 334 385 478 523 670 736 744
7902 266 288 301 303 318 339 385 506 616 707
7903 266 288 301
7904 37 169 506 626 706 707
7905 41 83 119 152 252 266 301 303 527 706 707
7906 2 92 236 252 288 300 301 303 506 512 690
7907 108 206 289 303 367
7908 266 303 706
7909 83 84 252 301 303
7910 197 288 301 364
7911 38 42 83 123 138 165 252 288 301 303 336 408 663 707
7912 84 288 301
7913 83 119 169 301 318 339 506 527 706
7914 50 83 169 243 252 288 296 303 561 584 706
7915 50 83 95 152 252 266 288 301 539
7916 50 83 95 152 252 288 296 301 303 385 561 706 707 728
7917 152 243 252 303 706
7918 2 51 712
7919 83 84 152 288 301 303
7920 84 116 252 397 506
7921 14 48 83 84 107 110 152 190 201 219 248 251 252 263 288 293 294 301 312 381 385 391 433 512 561 577 633 649 689 753
7922 83 84 152 252 303 706 707
7923 288 301 319
7924 108 204 252 544
7925 108 204 206 544
7926 108 204 206 544 625
7927 47 55 62 78 83 85 86 98 123 149 152 201 202 251 252 256 262 279 288 298 300 301 391 461 506 534 539 541 572 582 631 633 725 731
7928 83 152 252 288 303 706
7929 83 84 266 288 303
7930 83 169 266 288 301 318 339 352 706
7931 83 169 266 288 318 339 706 707
7932 37 83 119 169 266 288 301 345 487 504 719
7933 42 83 119 266 288 301 305 339 626 706 707
7934 83 152 266 288 303 706
7935 42 83 252 266 288 301 303 385 507 626 728
7936 29 80 83 84 128 152 160 201 298 301 441 496 506 539 568 582 633 642
7937 14 83 108 152 194 288 301 330 367 566 712
7938 14 84 108 152 206 219 251 256 288 293 294 298 301 330 367 539 566 572 633 689 725
7939 14 83 84 108 204 219 251 252 288 293 294 298 301 330 367 539 566 572 689 725
7940 83 152 252 266 301 303
7941 108 199 204
7942 95 266 303 706
7943 169 266 303 706
7944 169 266 301 638 706
7945 252 288 706 707
7946 169 288 301 303 318
7947 42 83 152 169 252 288 301 303 352 507 512 532 663 707 725
7948 83 119 169 266 301 318 507 527 532 706 728
7949 83 134 288 301 338 481 506 512
7950 107 115 301
7951 9 83 84 152 201 252 263 288 298 301 303 305 339 473 478 482 487 506 527 539 626 706 728
7952 39 83 84 110 194 206 252 293 294 298 301 367 422 604 725
7953 83 152 252 266 301 305 640 706
7954 95 252 288 301
7955 38 40 42 83 110 152 243 252 266 288 298 303 336 690
7956 83 152 169 252 263 288 301 303 339 345 473 487 506 626 728
7957 48 83 84 152 182 252 256 263 288 339
7958 83 95 110 288 289 297 298 301 336 506 592 690 698 706
7959 42 152 169 252 266 288 303 706 707
7960 7 42 84 169 266 303 318 419 507 532 638 706 707
7961 38 40 42 110 288 301 303 707
7962 266 288 301 303 616 706
7963 84 303 706 707
7964 266 288 706
7965 84 152 252 288 303 706
7966 288 706 707
7967 83 288 303 341 754
7968 37 83 169 201 263 288 301 345 487 504 706 707 719 749
7969 37 42 83 119 122 169 263 288 301 345 487 504 532 707 719 749
7970 83 95 266 288 303 336 339 690 706
7971 80 83 266 288 301 506 707
7972 83 266 303 506 706 707
7973 37 44 301 395 506 626
7974 44 301 506 626
7975 44 263 301 506 728
7976 83 95 288 303 706 707
7977 44 288 301 506 626
7978 83 266 301 303 506 707
7979 83 152 252 288 303
7980 62 80 83 84 89 107 110 152 173 219 251 252 288 297 298 301 308 475 512 572 582 592 633 689 713 725
7981 42 83 152 252 288 301 532 706 707
7982 83 84 243 266 288 339 526 640 706 707
7983 83 169 266 288 303 318 336 339 506 626 690 706 728
7984 48 83 119 251 252 288 301 302 303 318 339 504 506 707 719
7985 83 89 98 152 252 276 289 298 301 560 591 596 605 753
7986 83 169 263 266 288 301 318 339 419 706
7987 83 84 152 301 706
7988 169 288 303
7989 266 706 707
7990 252 301 303 341 485
7991 83 152 252 266 288 301 303
7992 83 152 252 288 706
7993 83 169 243 301 303 706 709
7994 83 288 303 706
7995 42 83 152 169 252 288 303 707
7996 263 288 301 339 626 638 706
7997 53 83 107 238 252 288 303 391 397 585 604 617 759
7998 83 108 204 252 301
7999 38 40 42 110 288 706
8000 169 266 288 301 671
8001 42 84 266 288 303 706
8002 95 252 301 706
8003 288 289 305
8004 14 37 51 83 84 85 107 263 288 297 301 381 382 473 487 592 633 713
8005 40 42 83 138 288 301 341 754
8006 83 152 169 252 288
8007 9 83 119 201 251 288 298 301 303 339 506 626 653 706 707 728
8008 83 95 169 266 303 318 706 707
8009 41 218 288 289 301 305 663
8010 108 204 206 367 544
8011 83 263 301 364 506
8012 108 199 206
8013 110 242 301 563 584
8014 83 95 119 169 266 288 301 303 305 318 339 385 506 626 690 707 728
8015 1 84 107 110 158 201 296 298 301 325 354 355 356 506 520 521 615 690 746
8016 42 48 83 119 123 152 266 288 301 303 536 539 652 653 706 749
8017 83 289 301 303 305 419 526 632 706 707
8018 169 266 288 301 303
8019 83 84 618
8020 3 4 53 83 84 89 107 166 238 288 291 301 303 360 397 407 413 414 556 604 617 743 759
8021 83 252 266 288 303
8022 120 169 266 301 303 638
8023 82 83 84 85 107 248 277 279 298 424 432
8024 288 301 303 526
8025 169 266 301 303 706
8026 200 206 367
8027 83 288 345 352
8028 48 107 110 288 301 473
8029 50 128 301 437 619
8030 83 110 111 119 169 263 288 303 352 707
8031 83 110 203 263 288 301 303 506
8032 91 169 266 709
8033 83 201 288 293 294 298 301 403 572 577 591 631 633
8034 83 95 266 288 301 303 336 706
8035 42 83 119 152 169 252 289 301 303 305 339 506 626 698 706 728
8036 42 84 107 110 288 296 301 303
8037 42 83 288 296 303
8038 15 84 108 152 206 252 288 301 330 367 514
8039 42 83 84 266 288 303 526 536 631 640 706
8040 80 201 251 289 298 305 381 626 712
8041 83 84 110 288 289 296 305
8042 84 108 202 289 301 305 544 558 625 712
8043 83 152 252 301 601
8044 83 169 252 266 288 301 305 318 339 345 419 663 707
8045 169 288 706
8046 266 288 301 303
8047 266 288 301
8048 289 296 301 305 753
8049 95 303 706 707
8050 108 194 206 296 301 330 367 385 544
8051 73 83 84 152 201 251 263 297 301 557 592 631 690 725 753
8052 47 65 83 84 152 201 252 254 301 303 309 374 391 431 441 475 506 520 572 604 631 645 689
8053 42 119 152 169 252 288 301 303 318 339 385 506 527 626 707 728
8054 83 84 288 303 616 706
8055 39 51 83 107 252 256 300 301 727
8056 83 84 89 252 256 301 303 360 391 397 556 585 604 617 759
8057 39 49 83 85 110 155 252 288 301 444 539
8058 84 288 658
8059 108 204 206 625
8060 48 83 135 158 252 288 298 301 690
8061 296 301 618
8062 7 83 266 288 289 301 303 526 616 632 640 706
8063 169 266 301 303
8064 83 84 169 301 303 706
8065 83 95 152 169 266 288 301 303 336
8066 83 95 152 252 288 303 336 690 706
8067 110 288 289 301 303 624
8068 83 84 107 110 152 169 252 288 339 663
8069 83 84 252 266 288 301 339 506 626 707
8070 266 288 706
8071 83 152 232 252 266 274 301 303 506 706 707 728
8072 169 266 288 706
8073 83 84 134 288 303 512
8074 83 152 252 288 303 526 527 640
8075 83 84 266 303 305 706
8076 83 95 169 288 706
8077 83 252 263 266 288 303 339 706 707
8078 83 169 182 252 288 301 506 707 728
8079 83 84 86 107 111 123 153 252 276 288 298 338 506 560 596 606 725
8080 83 152 266 288 301 303
8081 252 266 288 707
8082 108 204 526
8083 83 301 303 706
8084 169 266 288 301
8085 83 266 301 303 709
8086 84 89 110 152 153 156 160 252 278 288 298 301 303 310 560
8087 62 84 404 706
8088 83 84 152 251 252 288 298 300 478 482 631 633
8089 288 671 738
8090 83 84 119 152 169 188 201 251 252 256 263 273 288 298 301 328 339 345 598 631 633 663 753
8091 108 206 367
8092 83 169 266 288 301 302 707
8093 83 338 486
8094 83 266 288 638
8095 84 266 288 303 706
8096 83 169 266 706
8097 266 288 301 303 536 706
8098 83 266 288 303 706 707
8099 252 266 288 301
8100 83 288 303 706 707
8101 42 83 252 266 288 301 536 709
8102 42 83 266 288 303 516 536 706 707 709
8103 83 266 288 301 303 706
8104 42 83 252 266 288 301 706
8105 83 288 301 303 536 706 707
8106 83 252 266 301 303 707 709
8107 83 288 301 303 706 709
8108 83 84 252 288
8109 83 95 266 301 303
8110 266 288 707
8111 266 287 288 318 638 706 707
8112 38 110 138 266 288 303 706
8113 83 266 288 640 690 707
8114 83 95 152 252 266 301 303 640 690 706
8115 84 301 754
8116 84 301 303 725
8117 41 83 107 288 301 303 372 597
8118 83 252 263 296 303 507
8119 204 206 367
8120 83 152 169 288 301 690 706
8121 152 301 303 485 754
8122 83 119 263 288 298 301 303 339 419 504 652 653 706 707 719
8123 83 119 169 205 263 273 288 301 303 339 385 419 626 652 653 706 707 728
8124 42 83 119 169 256 266 273 288 298 303 339 419 573 652 653 706
8125 107 152 252 266 288 298 301 303 386 663 697 698 706 707
8126 266 288 303
8127 83 108 206 367
8128 169 263 266 301 303 318 707
8129 83 266 288 303 336 690 706
8130 37 289 301 305 487 504 706 707 719 723
8131 266 288 303
8132 5 83 107 152 252 256 296 298 301 520 572 633 725 753
8133 182 288 301
8134 83 110 301 303
8135 83 288 530
8136 83 89 107 238 252 288 301 391 556 585 604 617 759
8137 83 152 252 266 288 301 616
8138 42 83 266 288 289 301 532 706
8139 1 92 107 201 263 277 362 383 413 428 455 506 633 645 743
8140 83 301 424 605
8141 83 84 107 110 256 288 298 301 444 546 584
8142 83 84 99 254 301 303 444 584
8143 23 80 83 84 102 107 110 173 251 252 288 301 381 502 506 512 598
8144 48 108 153 355
8145 83 143 252 288 303
8146 7 42 83 84 266 301 303 318 419 507 532 706 707
8147 152 169 252 301 303 706 707
8148 42 169 252 266 301 303 706 707
8149 252 266 289 706
8150 83 84 119 152 169 252 263 288 298 301 303 339 345 408 506 536 706 707 728
8151 97 110 153 254 303
8152 83 84 110 119 123 152 169 252 288 303 339 385 652 653
8153 288 301 706
8154 266 288 303 706
8155 83 169 263 266 288 485
8156 83 107 169 196 243 266 288 386 527 707
8157 49 92 171 202 289 301 305 397 506 618
8158 266 288 706
8159 42 83 169 266 288 301 303 532 706
8160 42 83 107 169 288 296 301 303 386 507 532 616 690 706
8161 108 199 367
8162 83 107 123 152 182 252 288 301 303
8163 83 252 266 288 303 707 709
8164 42 83 119 252 288 301 303 345 481 527 536 709
8165 301 473 481 516 706 709
8166 83 266 301 303 706
8167 266 303 706
8168 83 152 303 706
8169 95 266 288 303
8170 83 301 329 457 459 506 582
8171 38 40 83 119 138 152 169 288 301 303 339 345 506 584 626 638 706 707
8172 83 128 294 520 626 631
8173 83 152 252 266 288 303 616 706
8174 266 706 707
8175 9 80 83 107 201 203 251 252 288 289 296 301 385 690 759
8176 84 112 288 301 303 707
8177 51 53 83 84 89 107 252 303 360 391 397 573 585 604 617
8178 84 107 152 172 201 252 288 298 301 367 421 520 568 572 626 631 633 643 689
8179 48 83 84 98 107 288 296 301 310 578 607 608 725 759
8180 98 107 110 111 206 289 296 303 305 631 758
8181 83 169 288 301 318 339 626 707 728
8182 42 83 152 252 266 536 706
8183 83 169 243 252 263 266 288 301 303 339 707
8184 51 83 201 251 254 301 303 381 444 753
8185 41 83 169 266 288 296 301 303 488 561 707
8186 108 288 330
8187 288 301 706
8188 42 83 119 169 273 275 288 298 301 385 506 626 706 707 728
8189 83 152 252 266 303 336 690 706 707
8190 40 42 83 110 119 138 169 288 301 318 339 385 506 626 707 728
8191 83 288 527 706
8192 84 288 301 305 758
8193 14 51 83 84 248 251 252 263 288 301 506 599 604 725
8194 83 169 288 706 707
8195 84 252 266 301 303
8196 83 84 152 255 256 301
8197 124 169 263 266 288 303
8198 252 266 288 301 303
8199 84 152 252 303 706
8200 83 98 288 303 423
8201 36 48 83 104 107 114 160 297 323 355 498 549 592 633 670 703 740
8202 83 95 266 301 303 706
8203 266 288 706
8204 40 83 263 288 289 301 303 341 345 473 485 718 754
8205 95 152 252 288 301 303 336 690 706
8206 83 169 182 301
8207 288 303 707
8208 152 252 303 364
8209 42 119 288 301 303 318 339 419 506 536 706 707 728
8210 83 152 288 301 303 603
8211 80 83 108 110 152 201 204 252 367 475 544
8212 42 83 169 263 288 289 301 303 305 339 419 506 507 532 653 707 728
8213 42 83 84 152 252 266 301 532 706 707
8214 42 83 119 169 263 288 301 303 318 419 507 532 652 708
8215 84 152 201 288 301 633
8216 252 266 303 706
8217 266 288 303 706
8218 169 266 288
8219 53 83 89 238 252 288 301 360 391 397 556 604 617 743 759
8220 152 266 301 303 671
8221 83 266 288 303
8222 169 266 638 706
8223 50 83 95 110 143 252 288 296 297 301 303 561 592 663 690
8224 83 108 204 206 367 544
8225 263 288 301 303 506
8226 83 119 169 252 263 288 301 303 318 385 506 626 706 707 728
8227 83 119 122 169 263 266 288 289 345 487 504 706 707 719
8228 38 83 119 138 263 301 303 339 345 419 506 626 652 653 728
8229 42 83 205 251 266 275 298 301 303 527 572 616 706 753
8230 83 84 266 301 303 690 706
8231 83 169 288 289 301 303 305 339 419 616 638 652 706 707 708
8232 108 204 301 367
8233 152 288 303 341 754
8234 266 288 706
8235 266 301 707
8236 83 152 266 288 303 706
8237 83 301 303 616 632 706
8238 169 288 301
8239 84 288 301 303 706 707
8240 83 84 252 301 350 486 631
8241 83 232 263 266 288 297 301 332 592 706
8242 252 266 301 303 706
8243 83 152 222 288 303 371
8244 83 84 169 288
8245 42 119 169 252 288 301 303 318 706 707
8246 48 83 266 289 301 527
8247 169 252 263 266 288 318 339 419 706 707
8248 169 266 301 303
8249 266 706 707
8250 380 460 461
8251 152 252 266 275 301 303 339 616 632 706 707
8252 169 288 706
8253 83 95 119 169 252 266 288 303 318 339 385 626 707
8254 38 42 110 138 288 301 431
8255 266 301 706
8256 9 46 80 83 84 107 152 165 169 201 251 252 263 273 298 301 303 339 355 381 478 482 495 520 626 631 633 687 707 728
8257 83 95 110 266 288 289 303 305 336
8258 108 206 367
8259 83 84 107 165 252 279 313 354 512 519
8260 73 84 86 107 128 165 166 169 183 248 252 263 279 288 298 301 303 313 324 338 354 385 503 519 539 582 604 640 725 743
8261 48 83 84 108 152 204 296 367
8262 15 80 83 204 296 301 367 544
8263 115 288 706
8264 83 108 152 194 206 301 544 558
8265 252 266 288 706
8266 266 288 301 303
8267 152 252 301 303 706
8268 288 301 319
8269 42 83 152 169 252 266 288 301 507
8270 9 38 40 83 110 152 252 288 301 506 728
8271 266 288 706
8272 49 83 252 301
8273 169 266 288 303
8274 107 197 288 364
8275 83 110 197 263 364
8276 288 301 319
8277 48 84 107 108 194 206 252 367
8278 15 80 83 84 108 204 206
8279 83 169 252 301
8280 50 83 115 266 301 303 706 707
8281 108 204 252 301 544
8282 83 107 201 256 301 303 367 512 568 633 758
8283 39 83 84 85 152 202 288 300 301 506 520 539 546 582 735
8284 23 83 93 152 172 231 288 301 354 455 539 546 654 706
8285 252 288 301 303
8286 83 263 266 288 301 318 339 419 706 707
8287 83 169 266 301 707
8288 169 266 706
8289 80 83 288 303
8290 84 89 252 256 288 301 360 391 397 556 585 604 617 759
8291 50 83 95 169 301 561 706
8292 84 169 266 288 706 707
8293 29 39 83 84 87 89 92 107 112 124 134 152 155 173 201 219 251 252 254 263 288 298 301 303 338 355 356 367 431 455 478 482 506 512 520 547 568 572 598 604 610 626 631 633 657 658 687 689
8294 42 83 169 263 303 305 318 339 419 506 507 532 626 638 653 706 707 728
8295 84 169 266 301
8296 83 152 288 301 303 706
8297 121 266 706
8298 266 288 706
8299 83 252 301 706
8300 80 83 111 124 213 252 301 712
8301 48 83 119 123 169 182 263 274 275 301 339 506 626 706 707 728
8302 42 48 83 119 123 169 182 203 252 288 301 303 506 626 707 753
8303 83 84 128 288 402 496
8304 83 138 431 662
8305 84 236 288
8306 47 78 83 84 85 98 152 252 256 288 298 308 329 475
8307 108 204 206 301
8308 95 252 266 288 526 640 706 707
8309 37 83 119 169 266 288 706 719
8310 83 169 266 288 301 339 616 626 707 728
8311 83 119 169 263 266 288 301 318 339 706 707 728
8312 83 169 266 288 318 339 506 706 707
8313 199 204 206
8314 266 287 288
8315 169 266 288 303 706
8316 266 288 301
8317 84 152 194 201 204 252 288 301 303 367 422 478 482 539 687
8318 266 288 706
8319 83 107 197 252 288 301 364
8320 252 288 301 706
8321 42 83 119 169 266 273 288 301 318 339 419 632 652 653 706 707
8322 42 83 252 266 288 301 303 385 506 536 626 707 728
8323 42 83 152 252 289 301 706 707
8324 9 83 107 119 152 169 252 274 288 296 301 303 339 386 388 506 561 622 626 728
8325 108 200 204
8326 83 84 301 303 616
8327 9 83 84 119 152 165 252 288 296 298 303 308 339 506 520 536 626 631 652 653 707 728
8328 37 83 95 169 252 288 301 303 487 504 706 707 719 749
8329 169 266 706
8330 83 95 266 301 303 706
8331 83 182 288 303
8332 80 288 301 303 506 635
8333 83 266 301 303
8334 169 301 706
8335 169 288 303 706
8336 83 84 152 266 288 301 616
8337 83 152 169 252 266 288 301 706
8338 107 109 110 298 362 366 369 374 407 648 650 743 759
8339 37 83 119 169 252 263 266 288 301 303 339 476 487 536 626 707 728
8340 37 38 41 83 110 138 152 169 263 266 288 301 345 487 507 532 706
8341 37 83 84 122 169 252 288 301 345 487 504 532 707 719
8342 288 706 707
8343 266 288 303 536 707
8344 23 47 76 83 92 163 213 279 298 301 354 380 381 437 478 506 512 631 645 725
8345 169 266 288 706
8346 83 152 169 252 263 266 301 352 706
8347 236 321 506 729
8348 83 266 303 318 706 707 709
8349 83 301 303 706
8350 4 83 288 301 512 631
8351 84 252 288 301
8352 83 169 263 266 301 339 419 707
8353 4 83 89 90 107 110 152 252 288 296 297 298 512 549 690
8354 169 266 288 303
8355 84 288 301 303 706
8356 42 83 266 288 303 709
8357 15 80 108 204 206 301
8358 83 169 266 301 318 339 706 707
8359 83 252 266 303
8360 84 298 301 520 521 633 733
8361 83 107 201 251 293 294 298 301 432 520 546 572 604 620 624 631 633 690
8362 83 98 252 254 263 288 298 301 303 310 313 376 512 604 725 753
8363 43 83 84 98 107 252 288 298 303 310 313 376 391 512 520 604 631 725 753
8364 252 288 301
8365 83 157 512 690
8366 152 156 252 301 528
8367 169 266 288 301 303
8368 14 83 84 108 152 194 204 219 252 256 288 293 294 298 367 422 566 572 633 689 725
8369 84 128 202 252 279 301 572 643
8370 38 40 42 83 138 252 288 301 303 506 539 626 697 728
8371 119 169 263 266 301 318 339 419 652 706
8372 83 169 266 318 706 707
8373 288 301 303 706
8374 83 95 252 288 303 336 706
8375 83 152 288 305 706
8376 42 83 119 266 301 318 507 532 638 707 719
8377 169 266 288 638
8378 42 83 169 252 266 288 303 707
8379 47 83 124 152 201 263 288 301 308 539 633 647
8380 66 83 152 252 288 301 633
8381 83 95 119 266 288 289 301 303 305 527 706
8382 95 119 169 266 289 301 303 305 527 690 706
8383 83 95 288 303 690 706
8384 95 110 119 169 288 289 303 305 690 706
8385 83 95 266 301 303
8386 38 110 138 266 301 303
8387 83 152 252 266 288 301 706
8388 266 288 706
8389 83 107 152 252 288 298 301 303 482 690
8390 83 116 152 203 301 371 397
8391 119 169 263 266 288 318 339 626 706 707 728
8392 13 119 252 288 301 339 506 626 728
8393 10 11 13 83 252 301 303
8394 10 13 472
8395 10 11 84 252 288 301 472
8396 10 80 288 301 472
8397 13 80 83 252 472
8398 11 13 303 472
8399 10 13 272 472
8400 11 13 80 83 301
8401 11 13 83 152 252 288 303 516 663
8402 10 13 288 303 318 472 706
8403 7 10 13 83 252 289 301 420 626
8404 2 7 10 48 83 110 119 263 288 298 299 301 303 318 463 472 652 653 707 725
8405 10 252 288 301 303
8406 84 110 111 371 506
8407 10 11 13 83 152 288 301
8408 11 13 288
8409 10 11 13 288 301 303
8410 11 13 119 169 274 301 472 706
8411 10 13 83 301 472
8412 11 169 472
8413 11 169 301 472
8414 10 11 13 288 301 339 506 626
8415 11 13 288 301 472
8416 10 11 13 83 301 303 506 626 728
8417 10 11 13 119 288 303 339 472 626
8418 10 11 13 83 288
8419 10 11 13 119 288 339 472 728
8420 10 11 13 119 169 274 288 303 339 706
8421 10 303 472
8422 10 11 13 472
8423 11 13 530
8424 2 7 10 13 83 107 110 119 248 263 272 288 299 301 318 463 476 652 653 725
8425 2 7 11 13 48 83 107 110 119 248 263 272 288 299 301 318 463 652 653 725
8426 2 7 10 48 107 110 119 263 298 301 303 318 463 472 506 626 652 653 725 728
8427 2 7 10 83 107 110 119 288 298 299 301 303 318 432 463 472 476 604 707
8428 2 7 10 13 107 110 119 248 263 298 299 301 303 318 328 463 472 476 652 653
8429 2 7 11 13 48 83 107 119 263 288 298 299 303 318 328 463 472 652 653 725
8430 2 7 11 13 83 107 110 119 248 263 299 301 318 328 463 472 476 520 652 653 753
8431 2 7 10 48 83 119 263 298 301 318 506 626 652 653 725 728
8432 2 7 10 11 48 83 107 110 119 263 288 299 303 318 472 506 626 653 725 728
8433 2 7 10 48 110 119 263 288 298 299 301 318 463 472 506 626 652 653 725 728 753
8434 2 7 10 13 48 119 298 299 301 318 478 482 506 626 725 728
8435 2 7 10 11 13 48 119 299 301 318 506 626 725 728
8436 10 11 13 318
8437 7 11 48 80 83 110 263 288 298 299 301 318 472 478 506 626 652 653 725 728
8438 10 288 301
8439 10 11 252 303
8440 7 11 38 40 48 84 110 138 288 298 299 301 303 318 506 626 725 728
8441 7 10 13 38 40 110 138 169 263 288 289 301
8442 11 13 266
8443 2 7 11 13 48 83 119 298 301 318 506 626 725 728
8444 13 288 472
8445 11 13 37 80 83 252 263 303 472 487 728
8446 10 13 83 252 288 301 472
8447 11 13 289 301 303 305 472
8448 11 13 288
8449 10 13 22 288 303 472
8450 10 11 83 123 296 301 488 506 561 728
8451 10 288 472
8452 10 11 289 301 472
8453 13 169 301 472
8454 11 13 41 301 303 472
8455 11 13 472
8456 10 158 472
8457 10 13 83 119 263 288 301 318 506 626
8458 11 13 288 472
8459 10 13 288 301
8460 11 13 288
8461 10 11 13 169 252 301 303 339 472 706
8462 10 11 13 301 303 472
8463 10 11 301 303
8464 10 11 13 83 119 169 263 296 301 506 626 652 653 728
8465 10 11 83 152 252 296 301 482
8466 10 11 13 301 506
8467 10 13 83 288 472
8468 9 11 13 119 169 252 274 288 472 707
8469 2 7 13 48 83 107 110 119 263 288 298 299 303 318 463 472 478 482 652 653 725
8470 2 7 13 48 83 110 119 263 298 301 318 506 626 652 653 725 728
8471 2 7 10 11 48 83 107 110 119 263 298 299 301 318 463 472 476 506 626 652 653 728
8472 10 11 13 83 84 263 404 472
8473 11 169 288
8474 10 13 288
8475 10 288 303 472
8476 7 10 37 83 84 119 120 252 288 296 301 303 339 472 487 626 638 707 728
8477 10 11 13 83 252 301 303
8478 11 13 83 169 288 301
8479 11 288 472
8480 10 303 472
8481 41 83 107 289 298 301 303 305 512 758
8482 13 83 252 296 301 318 339 472 506 626 706 707
8483 13 288 472
8484 10 11 13 41 263
8485 119 169 252 263 266 288 301 303 318 339 506 706 707 728
8486 11 13 272
8487 11 80 84 301 472
8488 10 11 84 288 289 301 303
8489 10 11 83 252 288 296 301 385 472
8490 10 11 169 303 318 472
8491 10 272 472
8492 37 83 119 122 169 288 303 345 472 487 493 504 706 707 719 749
8493 10 37 119 122 169 263 288 301 303 345 487 504 706 707 719 749
8494 10 11 252 303 472 488
8495 73 83 213 289 338 506 633
8496 301 450 624 651
8497 84 108 204 206 252 288 298 301 350 544
8498 83 263 266 288 301 303 339 506 626 707 728
8499 53 83 84 89 107 252 288 301 397 556 585 604 617
8500 39 80 89 107 128 134 152 160 165 173 201 236 246 251 252 288 301 338 355 431 475 490 506 512 519 557 560 577 622 631 632 633 753
8501 108 204 206
8502 107 288 289 298 301 305 312 354 503 530 572 631
8503 15 80 108 193 194 206 272 301 367 544 734
8504 83 110 288 289 301 303 305 527 706
8505 83 107 152 160 201 252 298 300 301 367 546 572 631 633
8506 266 301 706
8507 42 83 152 169 252 266 301 706 707
8508 83 152 201 251 252 301 336 478 572 633
8509 47 83 84 89 107 288 298 301 303 367 512 520 539 604 631
8510 23 55 89 109 173 288 298 354 366 451 459 475 506 530 650 753
8511 63 252 301 350 486
8512 83 84 107 110 123 152 169 201 248 251 252 256 263 288 298 301 328 339 352 364 419 463 476 487 495 539 626 631 638 652 653 707 728 753
8513 83 84 119 123 152 169 197 248 252 263 298 303 328 339 352 419 473 487 495 506 520 539 626 631 638 652 653 706 707 753
8514 83 84 119 123 152 252 263 288 301 303 339 352 364 419 473 487 626 638 728
8515 83 84 107 110 152 197 201 248 251 252 263 288 298 303 328 339 352 364 419 476 487 495 520 539 626 631 638 652 653 706 707 728 753
8516 83 84 119 123 152 169 197 252 263 288 339 352 419 473 487 506 626 728
8517 83 84 107 119 123 152 169 252 288 296 301 303 339 352 386 388 408 419 473 487 506 622 626 728
8518 48 83 152 252 288 301 325 539
8519 84 163 378 683
8520 169 182 288
8521 83 252 288 341 485
8522 107 257 288 301
8523 83 107 251 252 277 298 301 520 521 572 574 581 720
8524 48 83 84 94 152 244 252 288 455 610 633 654
8525 83 84 152 155 252 288 298 301 478 482 512 520 687 706 712
8526 42 83 123 182 252 288 301 303 478 506 626 633 652 653 663 728
8527 60 83 84 301 447
8528 84 116 288 301 660 712
8529 83 152 251 254 294 539 725
8530 90 301 407 743
8531 83 84 89 238 288 301 303 360 391 397 556 617 759
8532 169 266 301 303 706
8533 42 83 169 266 288 706 707 709
8534 83 266 288 303 706
8535 80 83 152 204 206 301 544
8536 236 321 506 729
8537 266 305 706
8538 83 288 512 561 631 633 753
8539 42 83 152 252 266 288 303 305 507 532 633 706 707 708
8540 13 289 472
8541 48 83 152 226 252 266 288 301 303 339 526 640
8542 84 301 363 633
8543 83 152 252 266 274 288 301 584 663 706
8544 83 108 544 625
8545 197 263 301 303 506
8546 41 169 263 301 303 341
8547 83 84 266 301 626 663 707
8548 152 288 303 485 754
8549 83 152 252 288 303
8550 152 252 263 266 288 301 303 632 690
8551 266 288 690
8552 42 83 152 266 288 303
8553 83 263 288 301 339 506 626 671
8554 83 152 174 252 279 288 298 301 496 506 730
8555 288 301 706
8556 42 83 123 152 182 288 478 506 520 521 626 652 653 663 670 728
8557 83 266 288 301 385 506 706 707
8558 83 84 123 182 252 288 301 302 303 478 506 697 728
8559 83 252 303 706
8560 80 301 618
8561 118 204 367
8562 40 83 110 138 263 301 303 431
8563 83 95 266 301 303
8564 108 152 206 301 330 544
8565 83 152 252 288 308 631
8566 169 266 288 638 707
8567 169 266 301 303 706
8568 83 152 182 252 266 288 706
8569 78 83 112 152 263 288 301 303 506 598
8570 15 47 80 108 110 296 301 506
8571 169 301 706
8572 7 84 252 288 301 303 364
8573 62 75 83 110 172 201 251 263 298 301 459 512 520 521 572 582 633
8574 48 83 84 110 152 182 252 275 301 308 512 520 539 631 725
8575 37 83 110 119 122 169 263 288 301 345 487 493 504 707 719 749
8576 169 288 638 706
8577 84 263 296 301 478 558
8578 83 84 119 123 169 201 248 251 252 254 263 288 298 301 303 339 345 367 487 659 707
8579 38 40 42 83 107 110 119 138 243 252 263 288 303 318 339 419 506 626 706 707 728
8580 83 119 169 263 296 301 303 339 386 506 622 626 652 653
8581 5 83 84 89 107 112 160 288 293 478 482 520 529 631 633 687
8582 84 301 353
8583 48 83 84 152 252 288 303
8584 5 39 83 85 86 155 160 236 262 298 301 338 471 506 520 615 631 633 727 732
8585 83 84 204 206 308 633
8586 182 252 288 301
8587 51 83 201 219 251 252 254 300 301 557 589 689 725 759
8588 50 83 84 252 288 296 298 301 311 575 589 631 678
8589 84 252 301 539 599
8590 83 84 266 301 303 706
8591 83 119 169 288 298 301 303 318 419 504 573 652 653 707 719
8592 83 169 263 288 301 303 305 318 339 419 573 616 652 653 706 753
8593 83 169 266 288 318 339 506 706 707
8594 266 301 706
8595 84 252 288 303 706
8596 288 303 706
8597 266 288 306
8598 83 119 169 266 301 303 339 385 626 707
8599 169 301 302 303
8600 83 89 107 238 252 288 301 391 397 556 573 585 604 617 759
8601 83 84 95 123 165 252 266 301 303 336 527 690 706
8602 83 95 110 301 305 706
8603 15 80 108 204 206 301 543 544
8604 252 263 266 288 301 352 616 632 706
8605 83 152 266 288 301 303
8606 83 169 252 289 301 305 339 706 707
8607 110 152 252 301 303 690
8608 38 83 152 169 263 298 301 303 408 473 478 482 506 584 626 652 663
8609 43 83 107 123 169 252 263 288 301 303 345 478 506 584 652 663 728 736
8610 37 43 83 107 123 152 263 274 288 301 303 345 478 482 506 584 602 626 663 728
8611 9 43 83 107 123 152 169 182 252 263 301 303 478 482 495 618 626 663
8612 83 110 152 222 288 297 301 371 512 660 690
8613 83 107 110 111 116 301 397
8614 48 83 84 325 391
8615 83 202 252 301 486
8616 15 51 80 83 108 152 252 256 288 298 301 367
8617 50 65 83 90 107 111 157 288 296 301 303 380 413 414 481 512 528 543 604 619 690 727 743 753 759
8618 266 288 690
8619 98 301 541
8620 83 84 288 294 298 367 424 753
8621 23 80 83 84 152 154 166 171 172 201 202 246 254 298 300 301 336 391 415 428 499 500 506 520 521 539 541 604 633
8622 95 266 288 301 303
8623 84 204 206 301 367 543 544
8624 84 107 252 288 301 360 391 397 556 585 604 617 759
8625 80 83 118 152 194 288 296 330
8626 80 83 108 118 252 296 301 330
8627 66 203 301
8628 83 110 116 152 252 288 301 371 397
8629 152 252 288 301 303 318 506 626 728
8630 83 84 90 152 252 288 289 303 305 496 506 515 523
8631 40 83 95 266 288 289 297 301 303 305 592 690 706
8632 83 84 266 301 638 706
8633 42 83 107 169 263 266 301 303 385 386 388 478 506 536 626 728
8634 182 288 301
8635 42 83 152 169 266 288 301 303 507 532 622 706
8636 266 288 706 709
8637 3 4 83 89 107 166 238 252 288 290 291 301 303 391 397 407 413 414 542 556 604 617 743 759
8638 266 288 303 707
8639 252 266 303 706
8640 83 252 266 301 303 305 339 385 506 626 663 728
8641 42 83 252 288 289 301 303 305 339 385 506 663 728
8642 42 83 84 123 266 288 301 706
8643 40 42 110 138 303 706
8644 83 95 288 303 706
8645 23 36 83 84 152 160 201 248 251 252 263 279 288 296 298 301 309 323 385 407 413 414 434 459 463 476 487 512 520 521 525 604 631 663 670 690 725
8646 15 80 108 204 301 367 422 543
8647 169 288 638 706
8648 42 83 152 252 288 301 706
8649 83 169 182 266 303 706
8650 40 83 301 303 707
8651 169 288 301 303
8652 107 301 371 680
8653 266 288 301 303 536
8654 83 288 289 526 706
8655 83 152 288 301 303 706
8656 84 266 288 301 318 638
8657 134 169 274 288 301 303 318 339 506 707
8658 83 152 252 266 288 303
8659 7 83 95 119 152 169 252 288 301 303 339 385 506 626 632 690 706 707 728
8660 7 83 84 119 169 252 288 301 303 339 506 626 707 728
8661 266 318 707
8662 83 84 152 252 266 288 303 616 632
8663 39 84 254 262 303
8664 252 301 303 341 754
8665 83 84 301 419
8666 83 95 119 169 252 288 296 318 339 386 388 506 539 622 626 690 706 707 728
8667 41 83 152 197 252 288 301 526 640
8668 78 83 123 152 171 172 252 278 288 301 308 487 506 520 626 631 712 728
8669 288 301 303 319 506
8670 48 83 95 169 266 301 506
8671 83 119 169 252 266 288 296 303 622 706
8672 37 119 169 266 288 504 706
8673 1 51 83 84 89 110 111 157 248 252 263 279 288 294 298 300 301 303 312 367 391 467 577 591 690 753 759
8674 1 83 84 89 107 111 157 248 252 263 279 288 294 298 300 301 303 391 471 506 572 604 626 690 753 759
8675 83 84 119 252 288 301 303 339 413 414 419 495 504 573 652 653 663 719 728 743
8676 83 84 289 539
8677 83 266 303 318 506 616 632 706 707
8678 47 78 83 89 107 152 160 201 298 301 381 391 582 626 632
8679 1 47 78 80 84 107 152 160 293 294 298 301 310 391 506 582 626 632
8680 23 63 83 84 107 173 253 453 456 520 646
8681 83 152 169 182 219 251 288 301 303 345 633
8682 83 84 123 288 301 303
8683 266 301 706
8684 42 83 95 266 301 336 339 507 527 532 640 690 706
8685 95 266 288 301 336 339 640 690 706
8686 83 169 263 266 289 305 318 339 419 706 707
8687 83 119 263 288 301 339 397 463 652
8688 83 152 201 251 252 298 300 301 478 482 520 631
8689 288 301 706
8690 41 83 152 288 289 301 303 305
8691 3 4 53 83 89 107 152 166 252 288 290 291 301 360 391 397 407 414 542 556 604 617 743 759
8692 83 152 157 288 297 592 690 736
8693 83 95 266 288 303
8694 76 83 89 107 152 160 251 252 254 256 262 263 293 294 298 301 381 395 432 448 475 478 572
8695 83 84 301 303 706
8696 15 80 83 152 206 288 301 544
8697 301 303 338 468 737
8698 83 123 134 288 303 338 374 506 737
8699 83 252 266 288 706
8700 83 201 251 252 263 288 301 345 487 493 606 638 749
8701 83 252 266 616 690 706
8702 169 266 301 318
8703 95 288 301 303 706 707
8704 83 169 266 296 301 482 561 706
8705 42 83 169 243 252 266 301 527 706 707
8706 42 182 288 303
8707 11 42 84 107 251 298 301 303 386 388 408 622 626 687 725
8708 266 288 303 706
8709 83 252 301 706
8710 37 169 252 263 274 288 296 301 303 345 473 487 506 626 706 707 728
8711 42 83 152 252 266 288 301 706
8712 83 288 303 318 341 754
8713 5 83 107 110 190 252 288 301 303
8714 42 119 143 152 182 252 274 288 301 663 697 698
8715 83 182 288 289 301 303 305
8716 83 266 301 303 706
8717 108 206 543
8718 42 83 110 152 266 288 301 526 706 707
8719 3 4 53 83 84 89 107 152 166 238 291 301 303 391 397 407 413 414 542 556 617 743 759
8720 52 60 356 392 407 414 443 743
8721 37 83 119 169 263 266 288 301 303 339 487 706 707
8722 83 89 152 173 252 288 296 300 381 546 633 725
8723 41 83 152 288 301 303 341 485
8724 95 169 288 301 303
8725 83 152 266 288 301 303
8726 5 47 84 110 186 203 234 288 289 298 301 410 441 506 512 631
8727 80 152 204 252 289 296 305 367
8728 83 84 152 252 303 706
8729 2 60 83 84 109 288 356 366 369 392 443 455 520 631 650 654 674
8730 42 83 84 152 266 301 303 507 706 707
8731 83 84 152 252 288
8732 108 193 204 206 543 544
8733 83 84 119 169 252 263 273 288 301 318 339 419 689 728
8734 84 169 288 301
8735 2 80 294 592 632
8736 108 110 194 204 296 301 330 544 625
8737 288 301 341
8738 83 169 263 288 298 301 303 318 339 419 506 626
8739 83 182 263 301 303 318 339 419 506 626 652 707 728
8740 9 39 84 93 152 154 155 201 252 256 294 298 301 354 475 512 519 521 541 626 631 689 756
8741 83 84 134 288 301 338 512
8742 83 152 169 266 288 303 706
8743 266 288 706
8744 84 252 301 303 697
8745 95 119 169 252 266 288 301 318 385 506 626 707 728
8746 83 119 169 266 288 301 303 318 339 506 527 706 707 728
8747 41 83 252 288 289 303 341 754
8748 138 263 431
8749 83 84 86 99 107 152 173 201 251 252 298 641 725 733
8750 14 47 289 301 308 486 558
8751 42 83 119 169 256 263 288 298 318 339 419 573 652 653 706 707
8752 83 266 288 303 336 706
8753 288 301 318 339 506 626 706 707 728
8754 83 227 289 301 305 490 512 584
8755 83 84 119 152 205 251 252 288 298 301 303 339 385 506 626 689 706 753
8756 266 303 706
8757 83 201 294 301 626 629
8758 83 84 108 206 301
8759 83 252 288 303
8760 83 110 111 169 266 303 318 336 690 706 707
8761 83 95 152 263 266 303 336 339 690 706
8762 51 83 128 301 437 557 619 631 725
8763 37 83 119 122 266 288 301 487 504 706 707 719
8764 108 204 206 289 367
8765 84 152 301 371 397 712
8766 83 152 252 266 301 303 706
8767 83 84 301 303
8768 83 152 252 288 301 690 706 707
8769 42 83 152 266 288 301 706 707
8770 288 303 632 706
8771 288 301 369 423 648 650
8772 266 288 301 706
8773 80 84 107 110 160 201 252 276 300 350 354 368 381 391 582 620 626 631
8774 83 152 196 243 252 266 288 303 318 385 408 584 706
8775 42 83 169 266 301 303 706 707
8776 288 318 385 626 671 706 719
8777 83 152 252 294 297 355 381 690
8778 37 119 120 266 288 504 706 707 709 719
8779 83 152 252 266 288 301 336 690 707
8780 83 84 152 252 288 706
8781 49 80 83 84 219 251 252 288 298 301 572 631 633 689
8782 288 301 706
8783 42 83 119 169 182 252 289 301 303 305 339 506 626 698 706 707 728
8784 41 119 138 152 252 288 289 301
8785 42 50 83 152 263 266 288 301 488 507 532 706
8786 9 83 89 107 128 152 153 160 171 251 252 256 288 298 301 354 506 520 539 572 582 604 631 633 641 651 753
8787 123 143 263 288 301 308 506 663 737
8788 115 266 288
8789 83 84 252 301 303
8790 84 152 252 266 288 303 707
8791 152 288 301 485 754
8792 83 169 266 288 318 339 626 706 709
8793 83 84 266 303 706
8794 169 288 303
8795 107 123 143 169 252 288 298 301 345 663
8796 40 42 83 84 110 119 138 169 243 252 301 303 339 506 626 652 653 706 707
8797 11 272 303
8798 83 84 266 303 706
8799 83 266 706 707
8800 83 84 152 252 266 288 301 303 616 632 707
8801 95 288 301 303
8802 266 288 706
8803 5 252 308 642
8804 83 119 169 263 266 301 318 626 706 707 728
8805 169 266 536
8806 10 13 83 123 152 252 288 379
8807 83 107 110 266 301 303
8808 2 83 89 94 107 152 171 172 178 219 251 252 288 301 312 329 367 381 391 506 572 577 612 689 759
8809 39 49 83 107 110 252 288 301 444 539
8810 83 95 152 297 298 301 303 305 336 506 592 690 697 698 706
8811 83 266 301 706
8812 83 95 152 266 288 706 707
8813 84 152 252 266 303
8814 252 266 288 303
8815 83 107 301 338 512 539 713
8816 108 152 206 288 301
8817 108 194 204 544
8818 83 152 252 303 706
8819 83 98 110 123 152 155 165 201 202 252 263 288 298 301 391 478 482 633 643 687 690
8820 83 107 110 111 152 288 296 298 301 397
8821 42 83 84 119 152 252 288 303 336 339 385 536 706 707 728
8822 42 83 152 169 252 266 301 707
8823 83 84 169 252 263 266 288 706 707
8824 83 169 296 301 303 386 706
8825 83 84 120 169 252 275 298 339 638 652
8826 83 275 298 301 352 473 626 638
8827 48 119 120 152 169 201 251 252 275 288 298 339 626 633 652 706 728
8828 108 206 330 367
8829 108 194 204 288 301 330 514
8830 288 303 419 616 632 706
8831 266 288 706
8832 83 119 266 288 301 305 706 707
8833 28 39 42 83 84 110 111 119 123 152 169 252 263 273 288 293 294 301 303 308 328 339 345 473 506 626 628 638 715 728 753
8834 80 83 84 152 169 250 251 252 263 288 298 301 303 339 391 428 506 520 521 551 572 658 707
8835 37 83 119 266 288 301 345 504 706 707 719
8836 38 42 110 138 266 303 536 706
8837 83 301 303 506 616 626 690 706 728
8838 83 107 201 252 288 296 297 298 301 506 512 690 725
8839 83 119 169 266 301 303 318 336 339 385 504 626 706 707 719 728
8840 83 95 122 169 263 288 298 301 303 336 487 504 652 706 707 719
8841 37 38 40 42 83 84 138 251 263 288 301 473 487
8842 47 84 119 206 288 301 339 345 367 638
8843 169 266 288 301 303 663 706 707
8844 50 83 252 288 296 301 488 561 633
8845 2 107 263 301 355 381 512 712 759
8846 83 266 301 706
8847 48 83 152 252 266 298 301 303 336 385 506 626 690 706
8848 80 84 110 301 433 632
8849 46 77 78 84 85 99 107 152 160 173 201 248 251 252 254 263 298 301 367 381 422 478 482 506 572 584 589 626 631
8850 83 182 288 296 301 386 622
8851 83 87 171 172 202 288 452 631
8852 288 318 706 707
8853 266 288 301 303
8854 7 83 84 152 169 252 288 301 303 506 616 626 632 706 728
8855 80 152 160 171 172 252 293 294 298 301 308 316 367 403 572 626 636
8856 14 78 84 254 298 300 301 381 506 572 626 631 633
8857 42 266 288 303 336 536 690
8858 266 301 706
8859 83 84 152 252 266 288 301 506 527 626 706
8860 83 152 266 303 706
8861 83 119 288 296 301 540 663 690
8862 83 152 169 266 288 301 706
8863 119 152 169 252 263 288 301 339 626 707 728
8864 83 84 110 152 266 288 301 303 371
8865 107 169 196 243 266 296 388 527 706 707
8866 252 266 288 301 303
8867 83 89 107 238 252 288 301 360 391 397 585 604 617
8868 83 95 266 303 336 706
8869 42 83 119 122 152 169 263 275 288 301 303 345 487 504 526 632 706 707 719
8870 83 204 206 236 259 294 367 624 631 725
8871 83 288 301 303 318 506
8872 83 84 119 122 169 252 288 301 303 345 487 504 706 707 719
8873 83 95 266 303
8874 83 84 89 238 301 303 391 397 556 585 604 617 759
8875 37 83 119 122 169 263 266 301 306 487 504 707 719
8876 169 266 339 385 506 706 707 709
8877 2 7 10 11 107 110 119 248 263 298 299 318 706 707
8878 2 83 107 110 119 263 288 298 299 301 318 345 463 476 652 653 725
8879 7 38 40 48 83 110 138 169 263 288 303 318 463
8880 2 7 42 83 107 110 119 144 201 248 251 263 288 299 301 303 318 328 385 463 476 604 653 725
8881 2 7 42 48 83 107 110 119 152 252 263 288 298 299 301 303 318 463 652 653 725
8882 2 42 83 107 110 119 248 263 288 298 299 303 318 572 633 689 707
8883 23 83 84 263 264 298 301 318 521 633
8884 83 110 152 252 288 303 305 690 706
8885 83 119 301 506 626 663 672
8886 42 83 169 252 263 266 275 288 301 352 507 532 707
8887 48 51 83 107 119 152 226 288 296 301 303 339 345 386 388 473 481 599 622 652 653 663
8888 83 252 288 301 303 403 506
8889 83 108 204 206 544
8890 83 107 169 266 288 301 386 706
8891 95 169 266 288 303 706 707
8892 83 123 134 143 263 288 506 663 737
8893 37 83 119 122 252 288 345 487 504 706 707
8894 47 80 83 152 251 252 293 294 298 300 301 310 478 479 560 635 725 736 758
8895 80 83 252 266 288 301 303 308 339 345 405 408 478 487 707 725
8896 78 83 294 301 455 503 506 632 759
8897 83 169 266 303 706
8898 42 169 288 303 318 706
8899 83 119 169 182 252 288 303 318 339 419 506 626 706 728
8900 7 252 303 616
8901 266 419 706
8902 48 84 173 174 201 202 279 288 298 301 325 422 441 512 521 572 631
8903 9 78 83 128 160 183 196 202 263 288 301 455 546 631 642 712
8904 169 288 706
8905 84 266 288 301 638 707
8906 169 266 288 303 706
8907 266 288 301 303 706
8908 104 182 301 303
8909 83 84 301 706 707
8910 83 95 152 266 288 303 616 632 706
8911 83 152 288 301 303 340 706
8912 40 42 110 138 266 298 303 616 706
8913 83 84 169 266 301 303 339 506 706
8914 115 288 707
8915 83 84 266 301 385 506 526 626 690 706 707 728
8916 243 252 288 301 303 616 632 706
8917 83 152 169 266 288 707
8918 266 288 301
8919 95 266 288 301 303
8920 83 84 152 256 530 539 624
8921 83 119 123 152 182 252 288 506
8922 83 152 252 288 301 527 616 632
8923 169 266 288 303
8924 83 119 169 252 263 288 289 303 305 318 339 345 419 487 707
8925 216 262 686
8926 288 303 754
8927 266 301 706
8928 42 84 152 252 266 288 301 303 707
8929 108 195 598
8930 152 266 288 296 298 301 303 385 626 663 706 728
8931 15 80 194 204 206 543 558
8932 9 37 40 41 43 83 107 110 119 138 169 252 263 288 296 301 303 386 388 622
8933 83 107 116 296 298 301 371 397 679 680
8934 83 123 143 256 263 301 308 506 512 663 737
8935 83 84 301 303
8936 169 266 301 385 506 706 709
8937 42 266 289 301 303 305 526 707
8938 169 263 266 706
8939 83 303 616 706
8940 83 84 123 152 169 252 288 301 663 683
8941 108 124 152 194 202 204 252 288 301 367 541
8942 83 266 288 301 303 616 690 706
8943 266 288 706
8944 51 53 83 84 89 238 252 301 303 360 391 542 573 604 617 743 759
8945 288 303 706
8946 37 83 119 122 169 266 345 487 504 706 707 719
8947 83 108 204 206 330
8948 37 83 122 169 252 266 288 301 345 487 504
8949 266 288 706
8950 83 119 169 205 251 266 274 298 301 706 753
8951 83 84 277 288 303 508 529 612 684
8952 152 252 301 367 506
8953 2 84 244 294 296 298 301 309 622 624
8954 42 152 252 266 301 303 706 707
8955 48 52 83 298 301 354 356 392 443 506 520 631 632
8956 199 204 206
8957 108 199 301 303
8958 83 169 266 288 289 616 632 706
8959 83 152 205 266 288 298 301 633 706 753
8960 84 301 453 456
8961 83 169 252 288
8962 83 108 152 193 195 206 252 367 521 541 558
8963 83 152 252 266 288 301 707
8964 288 340 707
8965 266 527 707
8966 169 266 707
8967 84 256 288 301 303 506 520 626 637 698 699 704
8968 123 139 152 182 252 266 288 301 333 334 408 512
8969 83 119 169 266 288 301 339 385 616 626 707 728
8970 15 108 204 206
8971 83 84 266 706 707
8972 266 288 706
8973 83 84 107 110 248 252 288 298 301 487 520 631 633 663 725
8974 83 263 288 486 631
8975 38 40 41 48 83 110 119 138 252 288 289 301 303 697
8976 83 152 169 263 266 301 352 706 707
8977 83 107 110 169 301 339 626 707
8978 266 301 706
8979 83 266 301 303
8980 266 318 706
8981 83 119 169 263 301 303 318 339 419 504 573 652 653 706 719
8982 42 119 266 287 288 301 303 318 507 532 707
8983 83 169 252 266 288 301 302 478 487 584 664 706
8984 205 266 298 301 572 633 706 753
8985 83 266 289 296 298 301 303 305 527 706
8986 83 84 252 288 289 301 303 305 318 527 626 706 707 728
8987 7 48 107 110 119 263 288 298 301 318 506 626 652 653 728
8988 7 13 48 107 119 263 288 298 299 301 303 318 463 506 626 652 653 725 728
8989 288 706 707
8990 23 47 76 83 86 88 160 201 298 301 354 379 381 400 459 475 478 572 604 645
8991 83 169 252 266 288 301 303 706
8992 119 169 263 266 288 289 305 339 345 419 706 707 709
8993 83 119 152 169 288 301 303 318 339 345 385 487 506 626 707
8994 51 154 486
8995 83 301 386 622 706
8996 42 83 84 152 252 266 288 303 526 706
8997 29 83 152 160 252 256 279 298 301 631 657
8998 83 152 252 266 288 301 303 707
8999 38 40 83 110 119 138 152 288 303 339 652 690
9000 83 84 108 204 301 367
9001 83 84 252 380
9002 5 23 48 49 66 78 83 87 89 110 152 154 171 172 202 252 288 299 300 301 325 428 459 475 506 541 582 612 613 618 633 733 759
9003 83 169 301 303
9004 84 252 266 301 303 706
9005 139 152 182 252 301
9006 39 47 83 107 201 251 254 298 301 307 320 431 520 572 629 631 683 712
9007 95 152 252 266 288 301 586 616 706
9008 83 84 169 301 352 436
9009 83 84 152 252 266 288 289 526 706 707
9010 83 152 266 288 303 706 707
9011 83 169 266 288 709
9012 288 301 706
9013 266 288 706
9014 252 266 288 706
9015 83 84 288 298 301 303 318 339 506 616 626 697 698 707
9016 42 83 288 303 536 706 709
9017 83 266 303 706 709
9018 83 95 119 169 266 288 289 301 303 592 706
9019 83 110 119 169 266 289 297 303 592 690 706 707
9020 288 706 707
9021 83 119 169 252 266 287 288 289 301 527 638 663 706 707
9022 83 288 318 638 706 707
9023 83 84 201
9024 48 83 123 152 161 196 201 252 263 288 301 354 473 512 599 725
9025 37 38 40 41 42 83 152 169 182 252 263 288 301 303 506 626 707 728
9026 288 301 303
9027 37 119 169 263 266 288 301 345 504 706 707 719 749
9028 83 266 303 706
9029 83 84 119 169 263 266 288 301 339 419 616 632 706 707
9030 152 252 288 303 742
9031 84 209 254 301 512 599
9032 4 37 83 84 107 109 112 121 152 227 240 244 252 263 298 301 303 345 385 408 473 520 609 631 648 706 707 729
9033 83 252 266 288 301 303 385 506 626 638 706 707 708
9034 83 84 288 303 706
9035 83 95 152 288 301 303 336 690 706 707
9036 266 706 707
9037 108 206 367 544
9038 83 84 98 152 301 303
9039 83 95 169 252 266 288 289 297 527 592 706
9040 83 301 706 707
9041 83 252 266 288 301 303 339 506 626 707 728
9042 40 138 301 573 662
9043 84 107 152 155 160 201 251 252 262 297 298 301 310 358 572 592 598 631 633 689 713
9044 169 266 288 301 706
9045 83 169 263 288 301 345 352 487 506 626 706 707 728
9046 83 182 288 319
9047 83 108 204 263 288
9048 83 84 160 171 172 251 293 294 298 301 354 376 400 520 568 572 631 633
9049 83 107 110 289 301 305 560
9050 266 288 305
9051 266 318 706
9052 301 305 318 638 706
9053 41 266 289 303 318 706
9054 169 266 301 709
9055 42 83 266 288 298 301 303 305 507 527 532 640 706
9056 83 95 169 288 303 706
9057 84 266 303 706
9058 169 266 288 318 419 506 706 707
9059 83 84 266 301 303 706
9060 42 83 266 288 301 507 706 707
9061 266 288 301 318 504 638
9062 83 84 123 252 266 288 301 616 632 706 707
9063 266 301 707
9064 37 42 83 252 266 301 706 707 719
9065 83 152 266 288 301 303 706 707
9066 83 84 252 303
9067 83 107 110 182 288 301 303
9068 83 252 301 303
9069 182 288 301 303
9070 288 301 341
9071 289 305 706
9072 169 266 288
9073 83 119 169 266 288 339 626 706 707
9074 83 252 303 706
9075 42 83 95 266 288 301 303 336 506 536 706 707 728
9076 40 83 169 266 275 301 386 388 622 706 707
9077 47 83 84 85 173 201 254 288 381 431 519 622 663
9078 83 84 266 288 303 706
9079 152 169 252 288 301 302 339
9080 169 266 288 638 707
9081 83 263 266 288 303 506 706 707
9082 83 169 252 263 266 301 303 626 706 707
9083 266 288 301 318 339 506 626 706 707
9084 83 169 266 301 303 616 632
9085 83 169 266 303 706 707
9086 83 95 266 288 301 318 706 707
9087 83 266 301 303
9088 42 84 123 152 252 266 301 303 305 367 706 715
9089 48 83 252 263 274 288 289 296 301 303 345 385 690
9090 266 301 707
9091 169 288 638 706
9092 266 706 707
9093 169 266 706
9094 169 266 288 303 706
9095 83 152 169 301 303 539
9096 42 83 119 169 252 263 288 289 303 305 318 339 419 706 707
9097 266 288 706
9098 48 83 266 287 301
9099 288 706 707
9100 42 83 152 266 288 301 303 706
9101 83 84 152 205 219 252 266 298 308 526 633 706
9102 84 266 288 706
9103 108 204 330
9104 26 83 288 289 296 301
9105 46 79 83 123 202 252 298 301 374 503 631 723
9106 39 63 78 83 84 160 173 202 251 252 279 298 301 437 506 520 521 533 572 582
9107 83 169 263 266 288 289 301 305 318 339 345 419 707
9108 83 152 193 195 204 206 252 301 367 544
9109 14 80 83 107 148 152 160 171 252 278 293 294 298 299 301 381 520 572 633
9110 42 83 169 266 288 303 507 532 706
9111 83 110 119 123 152 169 252 263 288 289 297 303 305 345 506 592 638 706 707
9112 119 152 252 266 275 288 301 507 532 626 706 707 728
9113 288 406 706
9114 83 152 169 263 266 288 301 506 706 707 728
9115 266 288 632
9116 39 46 47 84 123 236 256 298 301 310 356 422 467 645
9117 84 266 301 303
9118 42 83 169 252 266 301 303 706
9119 108 152 204 206 544
9120 39 83 152 165 274 288 298 301 303 339 345 487 527 706 707
9121 266 288 706
9122 84 116 252 296 298 301 303 371 397 506
9123 169 266 303 706
9124 83 169 252 266 288 318 339 419 706 707
9125 42 84 169 288 303 706
9126 83 107 119 169 252 288 296 303 318 345 386 487 506 622 626 663 706 728
9127 83 107 119 252 266 298 301 303 318 345 386 487 663 707
9128 48 83 123 263 274 288 289 296 301 303 345 385 690
9129 40 41 152 169 252 266 301 303 626 690 728
9130 9 78 84 85 89 98 152 155 201 252 279 298 301 356 467 546 687
9131 83 86 110 288 301 506 512
9132 52 60 83 92 110 201 251 288 294 301 355 356 443 506 520 596 618 631
9133 3 4 53 83 89 107 152 166 238 288 291 301 391 397 407 413 414 542 556 604 617 759
9134 15 80 108 301 330
9135 48 83 288 404 405
9136 83 84 152 201 232 251 252 288 298 301 303 306 336 520 521 527 572 586 622 633 689 690
9137 9 48 83 152 252 288 298 301 506
9138 83 152 234 252 288 298 301 339 374
9139 301 638 706 707 708
9140 153 288 301
9141 15 83 84 152 544 625
9142 53 83 89 107 238 301 303 360 391 397 413 556 604 617 759
9143 110 288 301 311 678
9144 83 84 266 301 339 663
9145 55 78 80 83 84 86 140 160 173 201 263 298 300 301 381 452 455 457 506 520 572 599 633 712
9146 83 84 107 152 173 279 298 301 520 631 633 658
9147 83 84 108 171 172 204 296 298 367 418 520 534 572 582 604 631 633
9148 107 119 252 266 288 298 301 318 345 487 622 663 706 707
9149 83 152 263 266 288 298 301 526 640 706
9150 42 83 119 266 301 303 318 339 419 507 532 706 707
9151 42 83 169 263 266 288 303 339 419 507 532 706 707 708
9152 119 169 263 273 288 301 303 318 339 419 573 616 652 653 707 708
9153 37 266 288 301 706 719 749
9154 266 288 707
9155 266 288 706
9156 169 266 288 706
9157 169 301 706 709
9158 83 119 169 252 263 288 303 305 318 339 345 419 487 663 707
9159 83 84 85 89 107 112 239 252 300 310 338 351 381 418 475 521 539 546 572 582 631 690 759
9160 84 85 89 107 138 140 201 251 252 298 301 310 356 367 381 418 475 506 539 546 604 631 690 759
9161 84 107 110 111 252 288 293 294 297 298 301 385 520 591 631
9162 42 83 152 252 288 301 303 706
9163 42 83 119 152 252 266 288 301 303 506 536 706 728
9164 42 83 119 152 252 266 288 301 303 536 626 728
9165 83 152 252 266 288 303 706
9166 83 84 152 266 288 301 303 706 707
9167 169 288 706
9168 266 301 303
9169 33 114 323 327 523 549 553 740
9170 95 169 266 288
9171 84 169 266 288
9172 83 95 152 252 266 288 301 506 527 706 707
9173 80 239 301
9174 83 84 152 266 303 706
9175 83 266 288 303 707
9176 152 252 266 288 301 303
9177 83 296 298 301 303 356 506 632 690
9178 83 110 111 266 288 296 303 385 591 706 707
9179 40 252 266 288 301 303 616 632
9180 40 50 83 138 266 288 296 301 561 616 632 706
9181 84 288 318 638 706 707
9182 232 266 715
9183 266 301 706
9184 42 83 252 266 288 301 506 626 690 706
9185 83 84 152 288 301 303
9186 40 42 119 138 169 288 298 303 305 318 339 385 506 626 706 707 728
9187 108 199 204
9188 110 252 288 289 301 303 305 690 706
9189 83 301 506 573 638 706
9190 41 83 252 263 301 303 331 506 532 728
9191 83 104 107 252 288 296 303 591
9192 80 83 84 85 152 166 187 188 196 201 219 251 252 254 301 560 572 622 689
9193 107 110 182 273 288 301 339
9194 83 182 273 301
9195 182 301 303 473
9196 169 182 288
9197 95 169 266 706
9198 83 104 252 301 303
9199 42 83 119 123 169 266 298 303 305 385 478 506 626 706 707 728
9200 83 152 266 288 303 706 707
9201 84 89 107 252 301 360 391 397 556 585 604 617 759
9202 83 152 169 197 252 263 301 364
9203 83 252 288 302
9204 169 252 266 288 706
9205 7 41 83 84 119 120 169 252 288 298 301 303 339 487 507 626 638 706 728
9206 83 107 152 204 206 288 298 301 367 539
9207 84 252 266 288 706
9208 40 42 84 110 266 289 301 303 305 340 707
9209 266 301 706
9210 42 83 263 266 288 301 303 706
9211 266 288 707
9212 288 303 540
9213 48 83 95 288 297 298 303 305 336 506 592 690 698 706
9214 47 152 169 288 301 302 303 539
9215 169 252 266 301 303 406 659 663 707 728
9216 83 152 169 263 266 275 298 301 352 706 707
9217 83 152 252 266 288 336 640 690 706 707
9218 80 83 163 213 301
9219 80 110 163 296 301 633
9220 80 108 204 206 367
9221 39 83 152 172 173 201 251 252 254 279 288 294 297 298 301 303 367 512 546 592 633 689 725 753 759
9222 169 289 301 303 305 352 706
9223 366 368 648
9224 83 119 266 275 296 301 622 663 706 709
9225 37 83 252 298 301 303 419 480
9226 80 83 84 152 252 305
9227 83 152 243 266 288 301 488 561 584 706
9228 83 119 122 152 243 252 288 296 301 303 487 488 504 561 584 706 707 719
9229 108 206 289 301 367 544
9230 42 48 83 107 110 143 152 169 219 251 252 274 288 296 298 301 303 478 482 515 603 663 689
9231 143 252 288 296 301 303 663 690
9232 83 303 706 709
9233 169 706 707
9234 252 288 301 303
9235 83 169 252 288 298 301 339 512 638 652
9236 50 83 95 119 152 266 288 303 336 561 652 690 706
9237 42 83 110 119 152 243 252 266 298 301 303 706
9238 326 361 368 467
9239 1 83 84 178 202 252 298 300 759
9240 31 36 83 106 107 152 202 234 252 279 301 303 323 355 478 512 523 578 602 624 697 698 703 736 759
9241 83 84 107 152 367 506
9242 84 288 303 706
9243 83 84 107 152 367 506 561 631
9244 83 95 301 303
9245 83 107 110 116 371 397 506
9246 84 116 203 288 301 371
9247 42 83 119 169 263 266 288 301 303 527 536 640 706 707
9248 83 152 301 478 482 512 530 541
9249 83 152 182 288 301 539 616 632
9250 49 61 83 110 288 298 301 385 541 631 725
9251 82 83 84 85 110 248 277 279 298 424 432
9252 83 84 130 288 512
9253 83 95 152 252 266 288 303 385 526 539 561 626 707 728
9254 83 95 152 296 301 303 526 539 561 706
9255 169 266 288 706
9256 11 272 472
9257 84 288 301
9258 266 288 303 385 626 706
9259 83 108 204 330
9260 84 152 169 252 266 303 707
9261 83 99 108 206 252 288 301 481 514
9262 108 206 367
9263 108 204 206 544
9264 108 204 206
9265 108 206 330 367
9266 15 108 204 367 544
9267 108 204 206 367
9268 84 206 301 367 544
9269 83 110 152 288 303
9270 42 83 152 169 252 266 301 706
9271 152 169 301 303 706
9272 83 152 193 204 206 252 301 303
9273 296 301 618
9274 91 266 288
9275 9 77 83 107 252 288 289 301 303 305 308 355 622
9276 3 4 53 83 89 107 152 166 238 252 288 303 360 391 397 407 413 414 542 556 573 604 617 743 759
9277 83 84 152 301
9278 14 83 84 194 204 252 301 330 367 539 566
9279 83 95 243 266 288 303 706
9280 42 152 169 266 288 301 303 707
9281 48 83 98 231 252 468
9282 83 266 303 536 706 707
9283 42 83 152 169 252 266 288 301 305 507 532 706 707 708
9284 7 42 83 84 288 301 303 318 419 507 532 707 719
9285 83 152 288 301 303 706
9286 252 288 301 706
9287 83 152 169 266 288 301 352 706 707
9288 108 199 204 367
9289 266 288 706
9290 9 48 83 84 107 152 169 201 248 251 252 288 296 298 301 339 478 482 487 506 561 604 626 673 687 728
9291 14 80 83 84 107 152 190 252 254 301 308 473 487 506 516 519 520 528 577 618 622 631 725
9292 84 160 201 256 279 298 301 307 572 578 634
9293 53 89 107 252 288 301 360 391 397 585 604 617 759
9294 83 301 303 698
9295 266 288 301 303
9296 83 173 236 252 262 288 568 571 572 670 740
9297 9 48 182 252 288 301 303 345 626 728
9298 41 48 83 84 152 169 252 254 288 296 297 301 303 305 367 385 478 592 633 709
9299 33 48 72 83 84 139 252 288 298 478 482 572 631 633 756
9300 62 83 84 92 107 152 252 288 303 613
9301 83 84 107 152 252 254 275 301 303 367 506 527 539 706 707 715 728
9302 2 23 55 61 84 152 174 252 293 294 298 452 459 520 521 568 572 723 759
9303 83 95 169 266 301
9304 37 83 119 169 205 219 251 252 288 298 301 487 504 572 633 707 719 749 753
9305 83 266 288 506 706 707 709
9306 83 263 506 626
9307 41 266 288 289 301 303
9308 83 152 251 288 301 302 303 318 339 506 626 706 707 728
9309 83 108 152 204 206 367
9310 266 288 706
9311 37 83 119 169 263 288 301 303 345 504 616 632 707 719 749
9312 301 482 753
9313 83 84 101 123 248 252 301 352 482 487 561
9314 119 169 252 266 288 301 303 318 339 419 616 632
9315 42 83 169 252 266 288 301 303 318 419 504 690 706 707
9316 199 204 206
9317 83 182 252 288 303
9318 83 84 266 288 706 707
9319 83 84 301 303
9320 108 204 252 301
9321 288 706 707
9322 83 152 252 288 301 336 690
9323 83 169 252 266 301 303 507 706 707
9324 83 108 206 252
9325 48 83 152 201 296 297 592 690 725
9326 83 110 152 288 301 633 690
9327 83 152 252 274 288 301 339 626 707 728
9328 16 83 107 110 152 201 202 251 288 301 478 482 520 521 541 687
9329 83 224 301 448
9330 83 152 252 266 303 706
9331 119 169 252 254 263 266 288 301 303 308 339 506 626 652 653 707
9332 83 84 119 152 266 288 301 318 706 707 708
9333 83 84 152 252 266 301 303
9334 169 266 288 301
9335 266 288 706
9336 152 169 252 288 303 706
9337 2 83 152 252 288 690
9338 83 84 107 152 201 251 256 288 298 520 631 633
9339 83 89 288 298 301 572 712 725 759
9340 95 169 263 266 301 303 336 690 706 707
9341 288 301 706
9342 83 84 107 155 201 251 252 293 294 298 301 310 422 506 520 615 626 631 728
9343 63 79 160 251 253 298 456 459 461 520 572 631
9344 83 95 169 252 266 288 301 303 305 318 339 385 504 527 626 707 728
9345 48 83 119 205 219 251 252 288 298 301 303 526 572 689 707 723 749 753
9346 266 288 289 303 305 616 632 640 706 707
9347 108 204 206 330 544
9348 53 83 89 107 238 288 303 391 397 585 604 617 759
9349 266 584 706
9350 169 266 301 303 638 707
9351 252 266 288 706 707
9352 49 83 147 202 252 256 288 300 309 391 431 456 590 643 756 757
9353 256 288 301
9354 83 95 119 169 252 266 301 303 318 339 385 706 707 728
9355 84 107 110 266 288 301 303 512 539
9356 83 84 152 266 288 706
9357 83 84 110 213 288
9358 83 84 110 213 301
9359 152 252 301 303 706
9360 80 108 204 206 367 544
9361 95 266 288 303 336 706 707
9362 77 83 119 252 266 288 301 318 339 385 707 728
9363 83 169 252 266 303 573 706 707
9364 83 84 110 252 288
9365 122 152 288 301 303 345 485 487 504 706 707 719 749 754
9366 23 83 84 107 119 152 201 248 288 298 301 325 345 352 434 459 473 487 512 521 546 572 604 606 609 638 689
9367 232 266 306
9368 48 83 84 86 263 279 293 294 298 301 325 391 725
9369 83 182 288 345
9370 169 301 345
9371 83 266 288 318 504 638 706
9372 83 94 161 288 301 508 631
9373 83 254 288 301 506 520 572 631
9374 43 48 83 152 155 232 301 303 308 527 616 631 632 640 706
9375 83 252 288 303 690 706
9376 83 84 266 301 303 632
9377 83 119 169 182 296 301 303 339
9378 83 84 89 107 238 301 303 360 391 397 585 604 617
9379 83 107 111 116 288 296 301 397 488 561 680
9380 51 83 84 248 252 354 541 572 631
9381 83 107 201 251 298 478 520 631 633 642
9382 9 83 119 152 165 252 266 288 289 303 506 520 626 706
9383 48 83 84 110 111 119 169 288 301 303 487
9384 41 83 152 263 288 289 301 485
9385 116 296 301 307 371 506
9386 59 83 288 296 303 426 482 515 687 706
9387 161 162 515
9388 40 41 83 165 169 288 296 298 301 303 386 388 584 622 706 728
9389 83 84 169 266
9390 83 110 152 288 296 301 682
9391 266 288 706
9392 194 514 543
9393 37 83 119 169 266 301 487 504 706 707 719 749
9394 12 29 78 83 84 89 107 152 173 252 277 301 303 309 338 356 358 506 520 521 601 641
9395 152 252 266 288 301 303 336 706
9396 83 84 152 301 303 706
9397 152 169 252 266 303 632 706 707
9398 83 84 169 301 303
9399 47 63 83 84 85 90 152 160 196 201 213 251 252 277 298 300 367 448 451 453 455 506 581 654
9400 1 84 107 311 529 712
9401 15 80 108 204 206 296 367
9402 83 84 248 512 631 633
9403 42 83 119 143 252 266 275 288 301 318 488 536 584 663 706 707 753
9404 42 83 119 169 301 318 339 706 707
9405 83 301 303 616 632 706 707
9406 42 266 288 301 303
9407 83 108 194 204 206 367 526 544
9408 84 152 252 288 303
9409 84 288 658
9410 83 107 110 266 301 706 707 708
9411 169 266 288 303
9412 83 152 266 288 706 707
9413 83 84 266 303 706
9414 84 152 169 252 288 296 301 303 485 507 532 584 706
9415 252 301 303 341 485
9416 83 95 169 266 288 301 336 690 706
9417 37 83 119 169 288 301 303 345 487 504 707 719
9418 83 119 169 266 288 318 626 632 706 707 728
9419 266 288 706
9420 83 252 266 301 706 707
9421 83 152 169 266 275 288 298 301 352 706 707
9422 53 84 89 107 252 303 360 391 397 556 604 617 759
9423 83 266 288 301 345 473 481 507 532 706
9424 80 301 618
9425 169 288 303
9426 288 303 706 707
9427 152 252 288 301 616 632
9428 83 119 152 252 266 274 301 303 626 706 728
9429 83 84 252 288 352 436
9430 83 169 252 288 301 339 436 706
9431 266 288 707
9432 266 706 707
9433 83 95 266 301 303 318 706 707
9434 95 169 266 288 301 303 318
9435 169 266 301 303
9436 169 266 288 301 303 336 690 706
9437 266 318 707
9438 182 288 301 682
9439 53 83 89 107 252 256 288 301 391 397 556 585 604 617
9440 84 109 110 221 252 288 301 303 353 503 608
9441 83 152 263 266 288 303 706
9442 83 252 288 709
9443 83 107 110 123 152 252 296 301 303 305 512 633 670 697 698
9444 38 110 138 301 303 706
9445 288 289 706
9446 83 84 152 252 266 288 706
9447 83 266 288 303 706
9448 83 84 110 165 202 203 277 288 298 541 633
9449 83 84 85 86 110 152 219 236 251 252 279 298 299 381 478 520 546 572 631 689 725
9450 83 266 303 706
9451 38 42 83 138 152 266 301 303 706
9452 83 95 301 303 706
9453 252 266 288 301 303
9454 83 252 288 289 301 706 707
9455 42 83 288 301 303 345 385 473 481 536 709
9456 42 252 266 288 303 305 536 706 707
9457 42 83 266 301 303 345 473 516 536 709
9458 83 95 252 266 288 301 303 332 527 603 682 690 706
9459 38 110 138 266 288 303
9460 83 152 266 301 303 318 339 626 706 707
9461 84 252 266 288
9462 83 288 303 616 632
9463 83 152 288 301 303 532 706 707
9464 83 252 288 303
9465 266 301 706
9466 83 169 266 706 709
9467 84 252 301
9468 83 84 296 320 381 506 633 657
9469 14 83 84 108 152 194 206 219 251 252 256 293 294 298 301 367 422 572 619 689 725
9470 9 49 80 83 110 160 201 206 301 405
9471 119 266 274 288 301 506 626 706 707 728
9472 83 84 119 123 169 263 266 288 301 303 345 473 506 626 706 728
9473 49 83 84 107 154 202 254 298 301 381 475 520 541 572 618 631 633 753 756 757
9474 42 83 169 263 266 288 301 303 339 419 616 632 652 653 707 719
9475 169 266 707
9476 80 83 108 289 296 301 305
9477 83 97 107 110 128 155 160 254 263 288 294 298 301 303 367 381 512 560 582 618
9478 7 288 301 364 419
9479 42 44 83 84 301 423
9480 2 83 110 119 301 303 467
9481 288 301 706
9482 83 107 108 152 204 252 325 367 455 520 546 631 654 727
9483 83 169 266 288 301 318 339 707
9484 169 266 706
9485 83 119 169 263 266 301 318 339 385 706 707 728
9486 42 83 169 266 288 301 706 707
9487 80 83 110 152 252 301 520
9488 7 83 119 152 169 252 288 289 301 305 339 532 706 707
9489 83 266 288 303 706
9490 9 83 139 152 296 298 301 323 512 549 619
9491 266 288 296 301 303 305 707
9492 232 243 266 301 303
9493 42 83 288 303 506 532 706
9494 83 169 252 266 289 301 305 706
9495 83 85 107 152 196 201 219 251 252 301 367 475 520 572 631 633 689 730
9496 1 203 233 520 546 631 633
9497 83 84 152 252 288 301 339 616 706 707 708
9498 108 194 204 206 367 544
9499 83 111 252 288 296 301 397 506 680
9500 108 199 204 301 330
9501 252 266 303 706
9502 110 152 169 252 266 288 303 385 706
9503 83 98 107 152 160 166 201 219 298 299 301 308 310 336 356 367 572 598 633 689
9504 83 95 266 288 289 303 305 336 706 707
9505 7 83 266 288 301 339 406 706 707
9506 83 252 266 301
9507 243 252 288 303
9508 266 288 706
9509 83 84 107 119 152 169 252 263 288 296 301 386 388 506 527 622 626 706 707
9510 152 266 288 301 616 632 706 707
9511 40 83 138 266 288 301 616 632 706 707
9512 288 340 706
9513 288 706 707
9514 169 288 706
9515 288 481 516 706 709
9516 83 252 266 288 706 707 709
9517 252 266 288 301 303 536
9518 83 266 288 303 706 707
9519 42 119 288 301 516 536 706 709 728
9520 83 266 303 706
9521 266 288 301 706
9522 83 169 288 303
9523 83 84 89 238 252 288 391 397 556 585 604 617 759
9524 38 40 83 119 138 152 169 288 303 339 345 506 584 626 638 652 653 706 707
9525 232 266 706
9526 83 263 266 289 301 305 318 339 419 706 707
9527 83 169 266 301 318 706
9528 83 123 152 194 204 206 301 422 543 544
9529 83 152 252 289 301
9530 119 243 252 266 288 301 303 385 506 626 707
9531 83 84 252 266 288 298 301 303 385 506 626 638 706 708
9532 83 152 252 266 288 301 303 339 526 539 706 707
9533 80 107 123 252 289 296 301 385 690
9534 110 123 152 169 252 263 273 274 288 301 303 339 653 706 707
9535 83 108 152 194 204 206 252 296 301
9536 83 152 206 301 303 367 544
9537 83 169 243 266 288 301 303 339 706 707
9538 83 110 123 152 252 263 288 301 307 431 478 482 523 607 608 712
9539 48 152 391 512 758
9540 12 29 39 83 87 107 124 134 298 301 338 506 631
9541 42 48 83 84 119 152 169 252 263 275 298 303 339 345 487 507 598 638 652 653 707 723 749
9542 9 83 152 252 298 301 303 659
9543 15 80 108 193 194 301 330 543 544
9544 83 152 169 252 266 288 512 706 707
9545 169 288 301 506 706 707
9546 37 83 119 252 266 288 345 487 504 707 719
9547 83 110 111 182 252 288 301 482 690
9548 42 83 266 288 303 536
9549 42 83 119 123 152 169 275 288 301 303 318 339 385 506 507 626 632 706 707 728
9550 84 301 326 506
9551 84 152 252 279 300 301 338 426 515 530 568 592
9552 83 95 152 252 266 288 301 526 626
9553 83 152 263 288 303 706
9554 83 119 301 303 339 423 506 573 626
9555 108 204 561
9556 38 40 83 110 119 169 201 266 303 706 707 715
9557 42 83 119 169 252 263 266 298 303 584 707
9558 108 199 206
9559 288 301 706
9560 266 303 706
9561 0 83 107 201 203 289 301 354 355 413 478 479 743
9562 80 110 123 173 183 201 219 279 288 293 294 298 300 301 338 520 521 572 633 654 689 725
9563 84 301 303 706
9564 83 152 252 301 303 706
9565 83 203 266 288 301 303 482 520 636 706
9566 204 206 558 734
9567 84 152 252 266
9568 83 152 252 296 301 303 388
9569 266 288 303
9570 266 287 288 301 318 638 706
9571 83 169 266 288 303 318 706 707
9572 169 266 707
9573 14 83 84 152 201 248 251 252 263 288 301 487 520 539 546 572 604 619 631 632 633
9574 42 83 123 252 266 288 301 303 478 482 512 515 532 682 687 690 706
9575 9 83 152 232 252 266 301 303 339 706 715
9576 42 107 289 298 301 303 305 431 512 633
9577 29 83 84 288
9578 252 303 532 706
9579 48 83 84 201 251 279 288 301 325
9580 110 152 252 266 288 301 303 385 706
9581 42 83 95 152 266 301 303 506 536 706
9582 2 84 110
9583 42 266 288 301 303 488 536 561 706 709
9584 152 252 266 288 301 303
9585 169 266 318 638
9586 42 83 84 119 123 152 158 252 256 288 298 301 303 305 339 520 572 631 633 652 706 707 728
9587 83 89 238 256 288 301 303 360 391 397 585 604 617 759
9588 83 119 169 252 266 288 301 303 339 487 506 652 653 706 707 728
9589 95 152 266 690 706
9590 83 95 152 169 252 288 301 303 336 506 626 690 707 728
9591 95 152 169 252 266 301 706 707
9592 37 119 122 169 263 266 288 301 345 487 707 719
9593 266 706 707
9594 83 95 152 252 288 303 690
9595 7 83 95 266 303
9596 40 83 110 138 169 263 288 301 485 626 728
9597 41 83 169 263 301 303 318 626
9598 83 123 152 252 254 296 298 301 631 746 759
9599 169 266 288 706
9600 83 107 219 301 407 413 431 512 572 633 743
9601 95 266 301 303
9602 83 84 152 205 251 266 288 298 301 303 633 706 707 753
9603 95 169 266 303 706
9604 84 89 152 186 187 252 256 277 301 308 386 582 584 622 624 632 633 712 753 759
9605 84 116 303 506
9606 266 288 301
9607 288 301 341
9608 39 83 84 85 107 171 172 201 236 279 298 301 520 572 631 676
9609 106 182 288 301 540
9610 83 143 221 252 288 296 298 303 307 385 516 608 615 663 690
9611 83 266 638 706
9612 38 40 83 110 138 263 288 303 670
9613 83 152 252 266 288 301 706 707
9614 37 48 83 95 252 266 301 303 318 336 339 487 526 690 706 707
9615 83 84 152 252 288 296
9616 83 107 109 112 123 263 288 301 316 366 369 385 391 395 519 577 599 622 631 648 759
9617 169 288 303 305 706
9618 42 169 266 288 303 305 318 706
9619 83 266 289 303 305 706
9620 83 152 169 288 289 301 305 345
9621 83 110 197 288 301 364 480
9622 83 84 152 252 263 266 288 303 706 707
9623 83 152 252 263 266 288 296 301 663 706
9624 84 107 296 301 506 633
9625 266 288 706
9626 5 36 80 84 110 114 384 501 578 602 635 651 670 697 698 725 736 740 744 759
9627 83 84 108 152 206 301 303 367 520 541 544
9628 84 152 266 301 303 706
9629 123 143 256 288 301 303 308 506 512 663 737
9630 95 288 303 706
9631 152 252 266 303 709
9632 252 288 301
9633 288 301 303
9634 48 83 84 86 94 109 128 173 252 256 301 303 369 506 650
9635 83 252 301 486
9636 83 84 152 252 266 303
9637 83 95 110 252 266 288 289 301 690
9638 73 83 86 107 128 165 166 183 201 248 252 254 279 288 298 301 303 313 324 338 354 385 503 512 519 539 582 604 640 725 743
9639 83 84 110 123 252 288 297 301 308 345 473 487
9640 110 329 506 599
9641 288 301 303 706
9642 169 266 288 303
9643 39 83 84 252 288 301 303 385 520 539 616 626 631 632 652 653 707 728
9644 10 11 13 301
9645 37 83 119 122 169 266 301 487 504 707 749
9646 169 303 706
9647 266 301 707
9648 50 115 263 266 288 706 707
9649 48 98 107 111 202 298 301 303 541 543
9650 266 288 706
9651 83 152 252 301 303
9652 83 152 252 289 301 303 706
9653 108 199 206
9654 204 206 330
9655 42 83 243 266 301 303 706
9656 83 119 169 252 263 288 301 303 318 339 345 419 487 663 706
9657 83 97 110 124 134 152 263 288 301 303 305 338 385 506 584 712 753
9658 83 95 152 266 301 303 526 640 706 707
9659 266 706 707
9660 95 266 288 706
9661 83 84 152 155 171 172 201 256 288 298 300 301 443 448 506 520 631 633
9662 37 38 42 83 110 123 138 152 169 252 288 297 301 303 305 507 532 584 706 707
9663 266 288 706
9664 53 83 84 89 107 238 252 301 391 556 585 604 617 759
9665 107 110 152 201 227 252 288 301 303 385 584 631 690 725
9666 107 110 515 690
9667 266 288 303 506 706
9668 42 83 296 301 423 713
9669 83 95 252 263 266 301 303 336 690 706
9670 83 152 197 252 301 303 506
9671 169 288 706 709
9672 200 204 206
9673 83 95 266 301
9674 169 266 288 318
9675 80 204 206 288 296 330 544
9676 50 83 107 110 111 252 263 288 296 301 371 488 506 561 660
9677 50 83 84 107 111 116 263 296 301 488 506 561 680
9678 49 84 110 160 171 172 263 288 294 298 301 422 503 578 582 725
9679 83 252 288 352 512
9680 29 58 83 84 87 89 107 134 252 288 301 356 428 431 506 539 547 631
9681 83 123 134 263 301 303 308 468 737
9682 83 123 134 143 263 288 303 308 374 512 737
9683 83 84 123 134 143 202 288 303 308 506 541 633 663 737
9684 123 134 143 263 288 301 506 663 737
9685 102 107 110 152 155 201 227 251 252 263 298 299 301 385 506 512 560 592 604
9686 63 65 83 84 92 173 174 252 301 303 339 448 450 453 455 456 459 512 663 748
9687 42 83 123 152 252 288 301 303 507 532 652 653 706 707
9688 62 83 152 241 252 253 288 296 301 428 506 596 612 633 733
9689 2 335 391 490
9690 83 84 152 252 266 288 303
9691 40 41 83 110 252 263 289 303 485 754
9692 266 288 706
9693 108 199 204
9694 169 266 288
9695 83 266 303 690 706
9696 252 266 288 336 690 706 707
9697 83 95 169 266 288 303 339 706
9698 169 266 303 706
9699 95 288 301 303
9700 83 152 201 252 301 467 520 631
9701 169 266 301 303 706
9702 119 123 152 169 252 266 288 339 706 707
9703 83 95 252 266 288 297 301 303 305 336 690
9704 83 266 288 303 706
9705 53 83 89 107 182 252 288 301 360 397 585 604 617 759
9706 83 84 110 119 123 152 169 252 263 273 288 298 301 303 339 345 408 706 707 725
9707 41 83 119 152 252 263 274 288 298 301 303 339 345 408 506 626 706 707 728
9708 288 301 303
9709 2 83 107 152 252 298 301 336 539 633
9710 42 83 266 288 301 303 706
9711 33 48 84 92 98 107 110 178 227 298 379 385 512 546 758
9712 41 301 303 305 318 706
9713 152 169 289 301 303 305 706
9714 48 84 107 201 248 251 252 298 301 303 325 475 520
9715 252 266 288 301
9716 169 266 288 303
9717 169 266 288 303 638 706
9718 83 152 169 252 266 616 706 707
9719 38 40 42 107 110 119 138 201 226 251 252 288 296 301 303 345 386 388 473 507 609 622 652
9720 83 95 110 266 288 305 336 690 706 707
9721 288 303 706
9722 169 266 706
9723 83 85 252 254 301
9724 80 83 110 148 152 201 251 252 298 301 400 568 572 631 633 689 725
9725 80 83 123 134 194 204 288 296 301 303 367 631
9726 79 83 301 459
9727 84 263 301 303
9728 116 371 541 679
9729 169 288 318 706
9730 48 83 107 152 201 252 298 385 475
9731 83 169 263 266 275 288 301 352 512 706 707
9732 9 83 84 86 89 110 152 227 288 298 301 475 512 560 604
9733 83 84 252 706
9734 83 95 266 289 301 303 507 532 706
9735 83 119 169 252 263 266 288 318 339 385 626 707 728
9736 42 83 84 169 266 301 709
9737 169 266 288 301 303 709
9738 42 83 152 266 288 532 616 632 706
9739 288 301 303 706
9740 83 95 252 266 288 301 303 385 526 539 561 626 707 728
9741 39 62 83 84 89 107 110 111 202 252 256 296 298 300 301 308 355 381 473 512 759
9742 15 80 288 301 543
9743 83 201 263 303 706
9744 83 84 107 110 152 173 201 202 254 276 298 381 396 520 541 560 607 608 643 758
9745 37 83 288 341 504 719 754
9746 51 83 84 107 201 236 251 256 293 294 301 432 520 546 572 604 624 626 631 633
9747 83 84 213
9748 83 152 169 266 288 301 303 706
9749 95 266 288 303
9750 108 194 301 330 422 544 625
9751 83 169 266 301 303
9752 83 84 110 152 288 301 303
9753 9 83 152 288 296 301 303 697 698 744
9754 83 152 266 288 303 706
9755 83 119 169 301 303 339 481 707
9756 152 169 266 288 706
9757 95 266 288 289 297 301 305 336 592 690 706
9758 83 110 157 263 296 298 301 366 516 648 650
9759 83 84 288 485 706
9760 83 108 204 367
9761 83 84 152 252 266 303 305 345 385 506 507 626 632 706 707 728
9762 83 252 288 297 301 303 414 529 592 620 690 743
9763 58 124 134 233 338 368 370 478 482 547 631 690
9764 169 288 706 709
9765 83 84 152 169 252 263 266 301 339 706
9766 266 288 706
9767 169 266 318 706
9768 84 89 107 238 252 288 303 391 556 585 604 617 759
9769 5 48 84 153 301 324
9770 84 110 116 288 301 371 397 680
9771 266 288 303
9772 83 95 119 266 288 301 488 706 707
9773 83 296 301 303 523 706
9774 83 95 110 119 169 252 266 289 297 301 303 592
9775 83 95 152 266 288 690 706
9776 95 119 169 266 288 297 301 305 592 690 706
9777 182 252 288 301
9778 301 303 707 754
9779 110 301 398 444 512
9780 42 51 83 119 169 263 266 301 303 305 318 339 419 616 632 652 653 707
9781 42 83 169 266 301 303 305 318 339 419 573 632 652 653 706 707 753
9782 83 169 263 288 301 303 318 339 419 504 616 632 652 653 707
9783 42 83 119 263 273 288 301 303 339 419 573 616 632 652 706 707
9784 84 107 167 173 201 252 288 301 354 411
9785 83 84 288 303
9786 83 252 266 301 706
9787 80 83 109 110 152 155 201 226 251 252 254 270 288 299 305 354 366 391 478 482 512 650 687
9788 83 266 303 706
9789 83 288 303 341 754
9790 301 303 706
9791 83 107 119 197 288 301 364 404 521
9792 9 42 83 119 155 169 252 266 288 298 301 303 386 622 652 706
9793 83 84 134 301 303 338 512
9794 51 83 154 301 437 619 631
9795 83 172 219 251 298 301 427 520 572 631 645
9796 37 107 152 169 201 251 252 288 298 301 303 345 354 385 478 482 526 663
9797 83 119 263 288 298 301 318 339 419 504 573 652 653 707 719
9798 83 169 266 301 318
9799 83 110 152 201 219 251 252 279 288 298 301 338 442 475 506 520 539 568 572 590 612 631 633 641 689 725
9800 83 169 266 289 305 318 339 352 419 706 707
9801 152 252 266 288 301 303 706
9802 83 196 243 266 288 296 388 527 706 707
9803 40 83 110 119 138 152 182 263 288 301 663
9804 38 40 83 110 143 152 182 252 263 288 303 663
9805 83 152 182 252 288 303
9806 83 152 169 288 303 706 707
9807 83 169 252 263 266 288 289 301 303 385 506 626 728
9808 239 373 423 518
9809 84 266 288 706 707
9810 83 152 252 288 706
9811 197 263 288 506
9812 109 289 301 311 326 353 366 369 381 650
9813 41 83 288 301 303 364
9814 83 182 301 512
9815 84 110 506
9816 266 288 303 706
9817 83 95 152 252 266 301
9818 83 84 152 186 187 277 308 388 582 584 604 622 624 632 633 712 753 759
9819 42 84 288 301 303 706
9820 288 706 709
9821 42 83 266 301 303 367 385 527 626 707 728
9822 83 95 152 252 266 288 301 336 690 707
9823 84 89 110 152 187 219 248 251 252 288 298 301 403 417 520 528 572 604 626 631 633 689 712 725 759
9824 83 107 119 152 169 252 274 288 296 303 388 488 506 527 561 616 626 632 706 728
9825 252 301 307 582
9826 229 288 301
9827 169 266 303 706
9828 83 152 266 288 303 706
9829 80 83 123 152 155 190 248 251 252 288 298 301 355 356 431 473 546 609 633 675 689
9830 42 83 84 152 252 266 275 288 301 303 507 532 707
9831 288 303 754
9832 42 152 169 252 266 288 706 707
9833 83 84 301 486
9834 83 84 152 252 266 301 616
9835 84 252 266 303 706
9836 83 84 169 266 303 706
9837 83 107 182 263 296 301 303 487 616 622 632
9838 84 288 301 638 706 707
9839 83 266 287 288 318 638
9840 83 152 266 288 303 706
9841 83 84 288 305
9842 289 301 331
9843 83 84 301 707
9844 123 139 160 203 301 354 381 391 503 690 712 759
9845 83 84 266 301 305
9846 41 83 123 152 169 252 266 288 301 339 506 626 728
9847 83 152 266 288 294 298 301 320 631 706
9848 80 301 486 633 641 684
9849 266 288 706 707 708
9850 288 305 706
9851 83 204 206 252 301 526 544
9852 42 83 152 252 266 288 706 707
9853 84 288 301 303 423
9854 83 107 182 298 301 520 631 697 698
9855 169 288 301
9856 83 109 289 296 298 301 366 369 503 560 620 650
9857 37 83 119 122 169 252 266 301 345 487 504 707
9858 65 83 84 89 160 171 172 201 251 252 256 298 303 381 382 400 568 572 633
9859 236 321 506 729
9860 84 288 301 303
9861 83 152 288 301 303 616 632 640
9862 83 119 152 169 266 288 289 301 303 305 506 626 706
9863 41 83 152 169 288 301 303
9864 83 252 288 303
9865 83 95 266 303 706
9866 80 83 84 85 107 110 128 152 173 201 236 251 254 288 298 300 301 316 598 631 633
9867 55 201 379 633 735
9868 266 305 706
9869 83 84 152 288 298 301 303 533 610
9870 182 252 288 301 303
9871 83 95 266 706
9872 84 152 252 256 298 301 521
9873 83 84 252 289 305 371 660
9874 83 84 109 123 169 221 252 266 288 301 385 706
9875 83 95 119 169 266 301 573 706
9876 169 196 243 266 296 301 527 622 706 707
9877 169 266 288 301 303 305 616 632 706
9878 83 84 266 288 706
9879 84 252 288 303
9880 80 83 108 152 272 296 543
9881 169 266 288 638
9882 42 83 169 266 301 303 706 707
9883 83 169 266 301 303
9884 83 152 263 266 288 301 303 506 626 706 728
9885 83 152 288 301 303 706
9886 41 52 83 152 252 289 301 303 305 392 443 506
9887 48 83 108 123 152 194 296 301 422 526 640
9888 36 83 252 276 288 303 512 598 736
9889 83 84 152 301
9890 169 266 288
9891 83 110 111 119 169 182 252 263 288 301 339 345 494 652 653 671
9892 9 83 123 152 169 252 263 301 303 308 345 506 539 671 728
9893 152 288 301 305 706
9894 169 252 288 706
9895 169 266 288 318 638
9896 266 301 318 638
9897 84 108 152 194 252
9898 84 98 110 111 129 156 187 252 288 298 301 354 381 391 633
9899 84 90 110 111 152 219 252 288 298 301 455 572
9900 83 119 169 252 266 288 298 303 473 487 706 707
9901 37 199 204 206 288 301 345 367 487 707 719
9902 83 84 266 301 638 706
9903 266 706 707
9904 14 80 83 107 152 190 252 288 301 305 308 431 473 486 487 506 516 520 528 577 618 631 725
9905 152 252 263 303 486
9906 83 84 152 252 266 301 303 318 339 385 506 632 707 728
9907 10 11 13 80 83 84 169 252 288 339 728
9908 7 266 706
9909 301 618 624
9910 266 288 303
9911 83 107 123 165 169 182 201 251 252 288 296 301 604 611 663 697 698 722
9912 83 107 266 289 301 305 622 706 723
9913 4 83 110 202 296 297 308
9914 83 301 302 303 339 506 690
9915 37 108 204 206 301 367 504 749
9916 236 296 333 334 378 385 397 697 698
9917 41 83 107 289 298 301 303 305 512 758
9918 37 266 288 289 301 305 487 504 526 707 719
9919 37 83 119 122 169 256 263 301 487 504 706 719 749
9920 83 84 152 252 266 288
9921 83 152 252 266 288 616 707
9922 83 107 204 206 301 367 437 521 572
9923 266 288 706
9924 47 78 83 84 89 152 201 252 298 299 300 308 381 475 506
9925 252 266 706
9926 108 206 558 625
9927 95 110 266 288 289 301 303 690 706
9928 40 83 266 288 298 301 339 385 506 626 707 728
9929 84 288 301
9930 83 119 252 266 288 296 388 527 706 707
9931 266 706 707
9932 83 152 252 301 303
9933 83 84 110 252 297 301 512 633 690
9934 83 84 123 152 252 263 266 288 298 301 303 487 506 626 707 728
9935 10 11 107 110 221 289 296 301 305 332 725
9936 10 13 83 107 110 221 288 296 303 663 725
9937 48 83 95 252 266 288 301 303 305 526 640 663 706 707
9938 288 301 423
9939 83 95 266 301 336 690 706
9940 288 289 303 318 706
9941 266 288 301 303 305 318 532 706 707
9942 266 288 638 706
9943 9 42 83 119 152 182 252 289 301 303 305
9944 62 84 404 706
9945 169 288 706
9946 83 84 266 303 706
9947 266 288 707
9948 83 266 303 526 638 707
9949 95 152 266 288 301 336 526 640 690 706
9950 83 266 288 303 318 616 632 706 707
9951 80 301 618
9952 4 83 107 152 252 288 298 301 539
9953 83 274 288 289 301 303 318 339 385 507 532 626 706 707 728
9954 294 371 506 679
9955 1 80 294 301 712
9956 41 83 152 252 288 301 336 507 532 706
9957 84 152 252 288
9958 266 706 707
9959 2 47 80 83 89 107 140 198 254 309 312 367 478 479 506 519 520 521 572 577 599 622 759
9960 288 301 303 682 690 706
9961 83 107 119 123 169 182 263 298 301 345 473 707
9962 83 84 107 152 201 219 254 298 367 506 520 572 631 689
9963 266 303 664 706
9964 169 182 288 301
9965 78 83 152 252 288 301 758
9966 84 266 288 303 706
9967 41 83 104 152 169 182 252 301 303 494
9968 294 311 468 469 512 531 539
9969 83 95 252 301 706
9970 301 618 624
9971 83 123 152 288 301 303 698
9972 40 83 107 252 266 288 298 301 303 318 345 386 487 584 622 706
9973 41 83 84 107 266 275 288 301 303 318 345 386 388 473 487 584 706 707
9974 42 83 84 107 266 288 301 303 318 386 388 476 487 622 706 707
9975 83 84 107 252 275 288 301 303 318 386 388 473 476 487 506 622 626 706
9976 83 84 107 252 266 275 288 298 303 318 345 388 473 487 584 622 707 708
9977 83 84 107 252 275 296 298 301 303 318 345 386 388 584 663 706
9978 83 107 110 120 288 298 301 303 316 339 506 626 728
9979 83 152 169 288 301 303 339 506 626
9980 83 266 288 289 301 640
9981 37 83 84 119 122 252 288 298 301 345 455 487 707 719 749
9982 119 169 263 266 288 301 305 318 339 345 663 706 707
9983 303 371 506
9984 83 95 169 266 303 318 690 706 707
9985 83 84 131 288 289 303 305 507
9986 83 84 152 252 266 288
9987 95 266 301 303
9988 7 40 41 83 110 169 252 288 289 303 485 718 754
9989 107 169 263 266 288 301 303 318 339 388 622 626 663 706 707 728
9990 169 252 263 266 288 301 303 318 626 706
9991 83 107 169 243 266 288 303 318 339 386 388 506 626 707 725 728
9992 252 266 303 706
9993 266 288 303
9994 83 95 119 252 266 275 288 301 303 339 653 706 707
9995 266 288 301 303 707
9996 83 84 169 301 303 706
9997 169 288 318 706
9998 194 204 206 625
9999 83 266 303 706
10000 252 288 301 303
10001 119 143 169 182 288 303 339 626 652 663 706
10002 119 169 182 288 298 303 318 339 626
10003 83 119 169 263 288 301 303 318 419 573 616 632 652 653 708 719
10004 83 252 288 303
10005 169 266 288 303 706 707
10006 83 266 288 301 318 339 706 707
10007 3 4 83 84 107 152 166 238 252 288 290 301 360 391 397 407 413 414 542 556 604 617 743
10008 42 288 301 385 473 516 536 706 709
10009 83 252 266 288 303
10010 83 252 266 706
10011 107 119 252 266 288 301 303 345 386 388 473 487 506 663 706 707 728
10012 266 288 707
10013 42 83 169 263 266 288 289 303 305 318 339 419 507 626 652 706 707
10014 169 263 288 303 318 706 707
10015 84 301 391 512
10016 83 252 263 288
10017 169 288 706
10018 80 83 252 288 301 475 486 631 633
10019 83 84 152 252 301
10020 169 266 288 303 706
10021 80 83 108 204 206 544
10022 83 288 302 303 526
10023 83 95 169 301 303 706
10024 83 84 252 266 288 289 301 706
10025 169 266 707
10026 169 266 301 318
10027 169 263 266 288 289 305 318 339 419 706 707
10028 169 263 266 288 301 305 318 339 616 632 706 707
10029 83 119 169 256 263 288 301 318 339 419 616 632 652 653 706
10030 169 266 706
10031 42 83 152 288 301 303
10032 152 266 289 301 303 305 616 632 706
10033 95 266 288 301 303 690 707
10034 252 303 536 706
10035 95 152 266 336 632 690 706
10036 83 107 119 152 263 288 301 303 364 626 728
10037 39 63 83 84 160 173 174 253 256 279 301 478 482 546
10038 83 152 252 301 706
10039 50 83 84 95 152 252 266 288 296 301 561
10040 266 288 301 303 706
10041 7 83 84 119 169 256 288 298 301 303 309 339 345 346 404 405 476 487 506 520 521 573 606 626 638 652 653 706 707 728
10042 7 42 83 84 119 256 288 298 301 303 339 345 346 404 487 506 520 532 573 606 626 631 638 652 653 707 728
10043 7 62 83 84 119 144 169 252 256 288 298 301 303 309 339 345 404 405 476 487 506 520 521 573 606 626 638 652 653 706 707 728
10044 42 84 266 288 303 706
10045 83 169 266 288 707
10046 83 84 301 486 687 733
10047 50 83 116 123 152 252 296 301 371 488 680
10048 83 84 288 423 697 698
10049 288 289 318
10050 83 95 169 266 288 301 336
10051 83 266 288 303 318 616 626 632 706 707
10052 266 504 638 706 707
10053 42 123 251 252 298 301 512 663
10054 38 263 431
10055 116 152 252 288 301 371 506 680
10056 83 84 266 288 301 303
10057 108 204 206 301
10058 266 288 707
10059 123 252 301 303 723
10060 78 83 84 110 152 173 252 298 301 351 428 506 551 591
10061 48 83 95 169 252 266 288 301 345 473 640 690 707
10062 42 152 169 252 266 288 301 706
10063 263 266 288 303
10064 252 266 706 707
10065 83 107 111 116 152 252 296 301 371 506
10066 83 169 263 266 288 318 339 506 626 706 707 728
10067 83 169 266 301 318 339 626 706 707
10068 84 107 110 201 252 288 297 301 303 468 531 592 604 713
10069 83 84 110 152 201 204 252 254 261 277 288 300 301 354 367 428 455 506 631 654 753
10070 9 83 84 85 89 110 152 171 172 173 201 251 279 288 294 301 303 354 469 478 520 531 631
10071 83 152 252 341 485
10072 84 301 303 506
10073 83 520 530 631 633 759
10074 83 169 266 288 318 626 706 707
10075 83 107 111 288 301 371 506
10076 42 83 119 287 288 301 507 532 638 706 707
10077 7 42 169 266 288 301 318 507 532 707
10078 37 119 169 252 266 288 345 487 504 706 707 719
10079 2 48 83 84 110 119 152 169 248 252 288 298 299 301 303 310 318 345 463 487 512 572 631 633 689 690 706 707 725
10080 42 301 303 633 706
10081 80 83 190 252 288 294 296 298 301 367 386 388 512 591 622 632
10082 9 83 119 169 252 266 288 289 301 305 506 626 706
10083 95 266 288 301 706
10084 83 152 288 303 598
10085 83 84 152 301 303 706
10086 83 152 169 252 263 274 288 303 339 408 506 626 690 728
10087 6 37 50 83 84 152 252 288 296 298 301 303 345 367 473 488 520 561 631 690 707
10088 83 84 201 219 251 252 288 289 296 297 298 301 414 584 592 689 743
10089 232 252 301 303 527 706
10090 83 84 107 110 155 201 251 252 254 279 294 298 301 303 310 582 624 626 631 753
10091 83 84 266 301 706
10092 169 266 288 301 707
10093 37 83 119 122 169 252 263 288 301 345 366 487 504 506 626 648 650 652 653 706 719 728 749
10094 83 252 266 288 301 318 506 707
10095 83 288 303 706
10096 108 199 204 289
10097 39 83 84 85 107 152 156 160 173 201 236 251 252 279 298 520 546 582 615 631 632 733
10098 84 169 301 523 602 706 707
10099 288 706 707
10100 1 83 110 201 202 256 288 296 301 506 512 520 541 560
10101 42 83 152 252 266 301 626 706 707
10102 41 83 266 288 303 506 527 626 640 706 707
10103 252 301 303 706
10104 108 204 206
10105 83 303 305 501
10106 83 84 107 152 171 172 201 202 251 252 254 279 298 301 307 367 431 512 520 521 541 572 604
10107 169 266 301 707
10108 266 288 303 706 707
10109 83 84 266 288 638 707
10110 83 152 252 288 301 366 648 650
10111 2 84 107 110 111 153 279 294 572 631 759
10112 83 152 266 288 303 706
10113 116 288 301 371
10114 83 152 252 288 303 345 485 637 698 699 704 728
10115 169 266 288 301 303 616 632 706
10116 84 116 506 680
10117 90 109 201 254 267 297 298 366 367 369 512 650 753
10118 83 252 266 303 706
10119 42 83 252 266 288 301 303 385 473 516 536 709
10120 42 266 301 303 385 473 516 536 709
10121 83 266 288 301 303 707 709
10122 42 83 95 266 345 385 516 536 706 709
10123 42 83 119 152 252 266 288 301 303 536 706 707
10124 42 83 119 152 252 266 301 303 506 536 626 707 728
10125 83 252 301 303 706 709
10126 83 152 169 266 301 303 706 707
10127 42 83 119 266 301 303 318 507 532 706 707
10128 152 169 252 266 288 301 303 706 707
10129 42 83 119 169 266 288 301 303 318 419 504 532 652 653 707 719
10130 42 83 266 301 385 516 536 706 707 709
10131 42 83 252 266 288 303 706
10132 83 95 266 288 336 706 707
10133 266 288 706
10134 83 84 152 252 288 362 512 560 690
10135 266 303 532 706
10136 7 266 288 289 301 303 305 336 690 706
10137 83 169 252 288 289 301 303 305 318 339 419 573 616 652 653 706 707
10138 266 690 706
10139 108 193 195 206
10140 83 108 204 206 301 367 543
10141 83 84 266 301
10142 169 288 706
10143 152 169 252 266 288 301 303 706
10144 40 42 152 266 274 288 301 303 406 652 653 706 707
10145 84 152 252 288 301 303
10146 48 83 107 152 169 252 263 288 296 301 303 345 388 506 520 527 622 626 631 706 707
10147 266 288 706
10148 38 40 41 83 110 138 143 169 252 288 301 303 339 663 698
10149 83 119 123 152 169 252 275 288 301 303 339 385 506 584 626 707 728
10150 42 83 84 169 288 301 303 318 419 504 507 532 706 719
10151 83 252 266 301
10152 95 110 266 288 289 297 303 305 336 706
10153 169 301 385 506 706 707 709
10154 5 204 206 301 367 396 608
10155 83 152 252 266 288 303
10156 41 83 252 288 301 413 414
10157 85 160 171 172 173 250 254 268 294 298 301 451 506 508 572 587 618 631 633 753
10158 48 83 84 165 169 252 301 332 487 520 521 670 759
10159 83 232 252 266 301 305 632 690 706
10160 83 84 288 301 489 497
10161 83 201 248 252 279 288 298 301 497 759
10162 204 206 367 544
10163 83 84 252 301 303 539
10164 83 152 194 204 206 252 288 330
10165 49 55 83 84 110 128 160 166 178 187 188 201 251 254 301 354 381 391 503 506 512 520 572 599 626 631 712 725 759
10166 252 266 303 706
10167 119 169 266 301 339 506 626 706
10168 84 252 288 301 303
10169 83 84 288 303 706
10170 83 169 266 288 318 506 626
10171 266 288 706
10172 83 119 169 252 273 275 298 301 303 318 339 520 526 626 631 706 719 728 753
10173 41 152 252 301 754
10174 37 119 169 266 288 306 345 487 504 706 707 719 749
10175 123 134 143 301 303 308 468 506 512 663 737
10176 83 108 152 204 206 296 367 544
10177 152 252 266 288 706 707
10178 36 83 84 114 119 152 201 251 252 263 301 310 478 523 602 631 633 663 713 725 728 739
10179 266 301 303 706 707
10180 266 288 301
10181 83 288 303 706
10182 83 84 119 169 252 266 288 298 301 339 352 652 653 707
10183 108 204 206 367 544
10184 83 252 266 301
10185 83 169 266 305 318 706 707
10186 266 288 707
10187 42 83 169 219 251 266 288 298 301 339 536 689 706 753
10188 42 83 84 119 169 252 288 301 339 706
10189 42 83 169 263 266 288 301 318 339 419 506 507 532 626 653 706 728
10190 42 83 95 119 263 266 288 303 507 532 707
10191 83 169 263 266 301 318 339 419 504 616 632 652 653 706 707 719
10192 108 204 301 303
10193 152 169 266 275 301 303 385 388 506 527 536 622 626 663 706 707 728
10194 182 288 301
10195 83 252 706 707
10196 42 83 95 169 266 288 301 318 536 707 719
10197 108 204 206 301
10198 9 48 83 110 152 288 301 302 385
10199 7 37 41 83 119 252 301 473 725
10200 83 89 152 186 188 277 301 308 386 388 582 584 604 624 633 712 753 759
10201 37 83 119 263 266 288 301 345 504 706 707 719
10202 83 252 266 301 527
10203 83 84 152 252 288 512
10204 41 182 288 697 698
10205 83 84 152 252 266 288 298 301 512 631 652 706
10206 84 266 301 303 706
10207 37 83 84 169 201 252 263 274 288 301 339 478 482 487 532 608 653 707
10208 83 169 266 301 506 706
10209 84 391 591 599 690
10210 83 152 252 266 288 301 706
10211 301 424 475
10212 83 243 301 302 303
10213 83 84 252 266
10214 48 51 80 84 107 110 152 153 154 160 173 187 188 201 202 219 246 251 252 298 301 325 355 385 417 512 520 572 631 632 633 636 689 725 759
10215 83 266 288 303
10216 108 206 288 301 367
10217 84 169 288 301 303 706
10218 169 318 706
10219 37 83 122 169 263 301 345 504 706 707 719 749
10220 41 83 288 301 303 318 706
10221 42 83 119 123 152 169 182 263 288 301 303 345 506 539 671 728
10222 2 83 84 301 440 475
10223 83 107 121 169 263 301 303 318 339 345 473 475 526 626 706 707 728
10224 83 252 288 303 305
10225 83 263 301 303 345 404 520 526 564
10226 83 152 252 266 288 289 303 305 339 506 706 707 728
10227 3 4 53 83 89 107 152 166 238 252 291 301 303 360 391 397 407 413 414 542 604 617 743 759
10228 42 83 152 266 288 301 303
10229 84 288 486
10230 5 52 83 84 85 93 94 171 172 279 293 294 298 301 356 392 443 475 506 618 631 633
10231 83 152 266 303 706
10232 84 201 288 294 298 301 725
10233 252 301 486
10234 41 83 152 169 263 288 301 303 339 345 478 482 506 626 663 706 707 728
10235 83 143 169 288 296 297 301 478 592 603 663
10236 107 252 301 350
10237 83 152 169 182 248 252 288 301 487 506 697 728
10238 39 83 84 107 190 297 298 301 367 520 592 631 690 712
10239 108 206 367 625
10240 9 83 203 252 266 288 296 301 303 487 706
10241 1 65 107 288 301 303 369 648 650
10242 83 252 301 303
10243 83 140 252 288 301 403 512 725
10244 108 204 206 514 543
10245 1 5 44 289 301 303 305 577 591 618
10246 79 83 84 201 251 254 256
10247 266 288 706
10248 84 288 506 526 633
10249 79 83 201 251 301 413 506 521 633 743
10250 83 84 97 252 288 301 512 690
10251 266 706 707
10252 83 84 116 301 506
10253 80 152 204 206 301 367 544
10254 52 60 83 84 85 112 166 254 279 294 306 355 356 367 428 443 506 520 631 759
10255 83 95 152 266 275 301 303 652 706 707
10256 83 95 152 252 690 706 707
10257 9 14 89 107 196 233 267 301 354 362 368 374 432 604 755
10258 9 83 84 119 152 169 252 273 288 297 301 303 308 506 526 592 626 706 707
10259 288 303 706
10260 266 288 303
10261 266 301 303
10262 9 83 152 201 232 251 252 266 288 298 301 303 572 631 633 706 708
10263 48 83 84 152 252 288 378 506 633
10264 39 83 123 288 301 422 753
10265 39 123 252 288 301 422 713 753
10266 83 84 107 371
10267 204 206 367 544
10268 108 204 206 544
10269 83 108 192 194 206 301 367 368 520 544
10270 15 206 367
10271 354 355 530
10272 83 84 107 248 252 254 288 301 303 381 487 507 532
10273 9 84 93 107 236 279 298 300 301 520 546 572
10274 512 632 753
10275 84 301 620 673
10276 15 80 83 84 108 152 204 288 301 367 431
10277 108 206 252 301 367
10278 84 85 152 201 251 252 254 298 303 355 468 469 599 604 633 674 725 759
10279 83 301 620 673
10280 7 83 239 288 303 363 423 638
10281 252 288 301 706
10282 83 95 152 266 288 301 336 706
10283 252 266 288 303
10284 83 84 206 288 318 638
10285 83 99 107 152 301 417 592
10286 36 83 99 152 288 297 301 417 592
10287 288 301 303
10288 60 61 256 298 301 308 381 443 520 572 725
10289 40 83 138 301 573 662
10290 80 83 106 152 252 294 301 303 413 512 743
10291 84 171 380 727
10292 83 84 89 107 238 288 301 303 360 391 397 585 617 759
10293 84 289 301 303
10294 84 110 152 288 301 355
10295 55 80 83 84 252 277 307 422 506 546 631
10296 266 288 303 706
10297 51 80 83 107 289 305 324 407 414 753
10298 83 107 152 252 288 301 303 397
10299 15 108 204 206 367
10300 84 204 206
10301 83 108 199 204
10302 42 83 84 152 251 252 296 298 512 516 599 642
10303 83 173 252 256 262 298 301 455 568 633
10304 14 42 48 83 84 123 152 201 252 254 296 298 303 431 516 599 642
10305 83 107 110 205 251 266 288 301 303 539 633 706 707 753
10306 84 110 152 252 301 506
10307 83 95 169 266 288 289 297 301 303 305 663 690 707
10308 119 152 252 266 301 339 626 706 728
10309 289 305 596
10310 62 78 83 84 110 201 218 251 252 279 288 301 385 503 512 520 521 572 696
10311 6 301 706
10312 83 169 266 301 303 507 532 706 708
10313 266 332 706
10314 83 152 182 263 301 339 690 706
10315 42 83 119 152 182 301 339 506
10316 83 266 301 303
10317 266 288 301
10318 288 301 303 706
10319 123 266 288 303 326 339 706
10320 288 478 482
10321 84 376 631 632 675
10322 83 119 152 252 266 288 301 303 339 506 626 707
10323 169 266 288 301 616 632 633 706
10324 266 301 706
10325 83 110 266 301 706
10326 288 301 303 586 706
10327 83 288 707
10328 48 83 152 252 303 506 512
10329 83 252 266 288 706
10330 266 288 706
10331 83 95 266 288 303 707
10332 83 152 252 266 303 318 706 707
10333 83 173 288 298 301 520 521 572
10334 83 107 123 152 252 288 289 298 301 305 611 673
10335 83 84 251 252 279 288 301 338 372 626
10336 83 108 204 367
10337 83 169 182 301
10338 288 289 706
10339 48 83 254 316 367 629
10340 80 83 84 85 89 152 160 201 251 252 268 288 298 303 358 381 409 410 455 503 539 589 631 689
10341 80 84 85 110 114 152 160 201 241 252 268 288 298 301 303 338 358 381 409 410 503 520 539 572 589 604 631 689
10342 80 83 84 85 89 160 241 251 252 268 288 301 303 381 409 410 455 503 512 520 539 589 631 689
10343 83 85 107 110 201 288 298 301 376 424 506 631 713
10344 108 543 561
10345 83 108 123 152 194 202 206 252 301 367 526 544
10346 259 301 697 698
10347 83 84 152 169 266 288 301 303 339 385 506 507 532 632 706
10348 83 123 194 288 296 301 303 330 516 539
10349 84 107 160 173 182 251 288 294 298 301 303 572 624 633
10350 288 308 326
10351 2 65 79 83 84 93 107 173 251 252 288 298 301 303 437 520 572 631
10352 83 152 288 301 303 385 506 626 707
10353 40 83 110 266 288 385 506 706
10354 2 4 48 73 80 83 86 89 107 110 128 152 227 252 276 298 301 385 391 407 413 414 506 512 557 633
10355 83 95 266 288 301 303 690 706
10356 7 108 152 204 252 288 301 330 367
10357 83 197 301 303 364 419
10358 7 83 169 263 301 303 339 364
10359 44 89 288
10360 12 29 47 58 83 84 87 107 109 111 134 166 260 288 298 303 338 356 428 431 506 512 607 631 753
10361 55 84 161 288 298 301 325 424
10362 42 83 84 152 266 288 289 301 303 536 706 707
10363 83 84 288 303
10364 83 119 169 252 263 266 288 301 318 419 707
10365 288 301 506
10366 243 263 301 303
10367 83 152 266 301 303 526 616 632 640 706
10368 40 42 83 152 169 252 266 288 296 301 706
10369 37 83 119 122 169 252 263 301 345 367 487 504 663 707 719 749
10370 37 83 119 122 263 301 345 367 487 493 504 706 707 719 749
10371 7 83 119 206 288 339 367 626 706
10372 288 353 725
10373 83 84 108 152 193 252 254 301 330 367 526 544
10374 83 89 107 238 252 288 301 397 556 585 604 617 759
10375 83 152 194 252 301 330 482
10376 84 183 201 252 298 301 478 506 631 633
10377 80 83 84 252 294 506 631 633
10378 80 201 252 294 298 301 506 631 633
10379 38 83 138 301 670
10380 266 301 706
10381 15 80 108 186 204 544
10382 128 320 381 624 743
10383 288 380 727
10384 5 23 83 155 196 201 251 279 293 294 301 358 367 459 506 520 572 604 620 631 633 668 696 759
10385 83 107 110 288 296 633
10386 84 116 301 506
10387 152 252 266 288 303
10388 52 251 301 314 356 392 410 443 506 520 539 631
10389 38 83 110 266 303 706
10390 83 95 152 288 301 336 690 706
10391 288 301 706
10392 84 316 353 362 395
10393 1 79 362 519
10394 252 270 288
10395 83 263 288 301 303 506
10396 1 5 107 254 301 362 519 622
10397 83 107 152 173 201 251 252 506 520 631 633 725
10398 83 123 152 263 301 482
10399 84 201 251 293 294 633
10400 84 301 362 391 618
10401 204 206 544
10402 84 108 152 206 296 301
10403 83 152 169 252 266 288 289 301 303 706 707
10404 23 63 83 84 253 264 298 301 367 379 453 459 506
10405 83 84 252 486
10406 66 76 78 83 84 152 171 172 201 251 293 294 298 301 381 391 428 455 506 520 534 568 572 612 633 735
10407 5 84 110 163 213 293 294 381
10408 5 79 83 84 298 413 512 618 645 743
10409 266 288 303
10410 83 93 152 251 288 294 298 381 437 633 725
10411 42 83 152 252 266 288 339 536 706 707
10412 42 123 169 266 301 303 487 504 527 536 706 707 719
10413 42 266 706
10414 63 80 83 84 160 166 201 252 253 288 298 299 301 338 345 452 453 478 482 487 506 572 631 723
10415 37 83 84 119 169 266 288 345 493 504 706 707 719 749
10416 38 40 42 83 110 252 273 288 301 303 507 532 707 723
10417 38 40 42 83 110 169 252 301 303 507 532
10418 84 263 301 506
10419 48 78 83 89 107 152 252 254 257 288 294 298 301 367
10420 65 252 288 301
10421 42 65 83 84 248 263 288 301 568
10422 84 169 266 288 303 305 339 419 632 638 652 663 706 707 708
10423 42 83 266 288 289 305 507 532 706
10424 42 83 119 266 288 289 303 305 385 507 532 706 728
10425 41 50 83 119 266 288 298 301 482 488 532 561
10426 42 119 169 266 288 289 301 303 305 385 532 626 728
10427 83 84 251 288 633 723
10428 41 83 152 289 301 303 485 754
10429 152 204 206 272 301 303 367 544
10430 83 123 152 288 289 298 301 526 539 672
10431 83 106 152 294 298 301 414 512 743 753
10432 40 288 301 431 662
10433 62 63 83 84 92 107 152 183 201 248 251 252 298 301 303 310 410 450 453 456 506 520 572 582 613 615 633 645 725
10434 83 84 169 182 251 301 339 487 506 626 663 707 728
10435 23 84 85 160 173 174 279 301 453 455 456 459 572 748
10436 83 152 252 266 301 303 507 532 706
10437 83 252 266 288 303
10438 266 288 706
10439 5 23 83 173 201 248 298 301 512 520 572 582 631
10440 83 139 152 289 296 301 305 338 407 414 633 743
10441 38 40 203 263 288 301
10442 15 80 108
10443 84 232 252 303
10444 47 83 84 313
10445 83 84 196 236 252 256 279 288 298 301 520 631 633 657
10446 83 152 173 201 256 298 301 521 539 610
10447 37 83 122 169 252 263 266 301 345 487 707 719
10448 83 108 204 301 367
10449 83 226 288 289 296 301 345 386 473 481 506 622
10450 78 83 123 152 241 252 298 301 503 506 520 530
10451 84 301 333 334 384
10452 83 152 301 336 690 706
10453 266 288 706
10454 83 288 303 506 706
10455 40 83 84 110 119 138 169 273 288 301 318 385 706 707
10456 33 62 112 333 334 477 512 523 562 604 670 672 759
10457 83 152 302 303 526
10458 83 169 266 301 303 318 706 707
10459 38 40 152 252 266 301 303 526 706 707
10460 83 95 266 706
10461 252 266 288 301
10462 13 83 252 303
10463 10 11 13 288 303 516
10464 10 13 303
10465 9 10 11 13 252 296 303 472 652
10466 11 13 84 301
10467 11 13 288 301 303
10468 10 11 84 301
10469 11 13 83 288 339 472 506 626
10470 10 11 83 288 472
10471 10 11 13 83 139 301 339 506
10472 10 11 13 288 303 339 472 626 728
10473 10 13 288 301 303 472
10474 10 11 13 169 274 288 303 339 345 706
10475 10 11 13 119 288 339 472 626
10476 10 11 119 274 288 301 339 345 472 706
10477 11 288 472
10478 2 7 11 83 107 110 119 248 263 272 288 299 301 318 463 472 476 652 653
10479 7 13 107 110 119 248 263 288 298 299 301 303 318 328 463 472 506 626 652 653 707 728
10480 2 7 10 13 48 83 107 119 263 298 301 303 318 463 506 626 652 653 725 728
10481 7 11 48 83 110 263 272 288 298 299 303 318 652 653 725
10482 2 7 10 48 110 119 263 272 288 299 301 303 318 652 653 725
10483 2 7 11 13 48 107 110 119 263 288 299 301 303 318 328 463 472 652 653 725
10484 2 7 10 13 48 83 107 110 119 263 298 299 301 318 463 472 652 653 725
10485 7 11 83 107 110 119 248 263 288 298 299 301 303 318 328 472 506 652 653 707 728
10486 7 11 13 48 110 119 263 298 299 301 303 318 463 506 626 652 653 725 728
10487 7 10 83 119 301 472 506 626 728
10488 2 7 11 13 83 107 110 119 248 263 288 299 301 303 318 328 472 506 626 652 653 707 728
10489 84 263 266 301 303 616
10490 10 11 13 42 84 152 252 288 298 303 339 419
10491 11 13 37 83 122 169 263 301 504 706 707 719 749
10492 10 13 83 301 303
10493 11 13 42 83 84 288 301 339 472
10494 42 83 152 252 266 288 301 706
10495 10 83 288 472
10496 10 272 288
10497 13 303 472
10498 11 288 301
10499 10 11 13 83
10500 10 13 303
10501 7 10 11
10502 13 288 472
10503 9 10 11 42 83 119 169 263 272 273 274 288 298 301 303 339 345 707 753
10504 10 11 13 119 169 252 263 296 301 472 728
10505 83 84 301 472
10506 10 11 13 42 50 252 296 397 561
10507 10 11 13 288 301 303 472
10508 10 13 41 48 83 152 296 301 303 697
10509 11 13 303
10510 10 11 83 252 274 288 303 472 506 626 707 728
10511 10 11 83 263 301 303 345 404 520
10512 10 11 288
10513 10 13 288
10514 5 48 83 84 98 157 298 317
10515 11 13 37 50 83 119 122 169 252 288 296 301 303 345 487 504 561 707 719 749
10516 10 13 38 40 48 110 123 138 263 296 301 303 472 482
10517 11 303 472
10518 10 11 13
10519 11 13 288 301
10520 42 73 296 303 308
10521 10 11 303 472
10522 10 288 472
10523 10 13 84 301
10524 13 288 472
10525 7 10 11 289 339 420 472 626
10526 288 301 303
10527 11 13 84 472
10528 11 13 303
10529 11 13 42 110 119 123 169 263 301 303 339 472 652 653
10530 10 13 41 296 472 488 561
10531 80 108 289 296 301 305 330 544
10532 83 84 252 266 706
10533 202 301 486
10534 23 49 83 152 171 172 252 264 299 301 396 448 470 474 539 608
10535 80 83 108 152 204 252 301
10536 205 251 266 288 301 633 706 753
10537 50 83 84 107 111 288 296 301 371 488 506 561 680
10538 80 83 84 89 152 165 298 301 351 539 572 631
10539 266 288 706
10540 83 182 288 301 318 506
10541 1 84 301 362 520 526 631
10542 83 84 107 110 119 123 169 201 248 251 263 288 298 301 303 328 339 352 364 419 463 476 487 495 520 539 626 631 638 653 707 728 753
10543 83 84 107 110 119 123 152 169 201 248 251 252 263 288 301 303 352 364 419 487 539 626 638 652 653 707 728
10544 83 84 110 119 123 152 169 197 201 248 251 252 263 288 298 328 339 352 364 419 495 520 539 626 638 652 653 706 707 728 753
10545 108 514 558
10546 108 204 206 367
10547 66 449 486
10548 2 83 110 298 385 414 743
10549 83 222 288 289 298 305 308 371 407 712
10550 38 42 83 138 169 252 263 275 298 301 303 385 506 652 653 663 706 728
10551 38 40 83 107 138 252 263 288 296 301 303 386 388 506 584 622 626 663 728
10552 38 40 83 110 152 169 263 288 298 301 303 385 506 584 626 652 653 663 728
10553 80 83 204 206 252 544
10554 42 83 152 182 252 288 303 478 506 520 521 633 652 653 663 728
10555 42 73 296 301 507
10556 2 52 60 83 84 219 251 252 298 304 312 356 392 443 506 572 577 622 633 689
10557 10 13 169 288 301 303 339 626 728
10558 39 83 90 107 263 298 301 310 381 382 512 578 582 631 712
10559 83 266 301 303 706
10560 42 169 266 288 301 536 706 707
10561 83 301 303 706
10562 263 288 301 712
10563 48 83 84 108 152 204 296 367
10564 48 83 119 169 252 301 303 339 626 728
10565 42 83 123 252 288 289 301 303 305 507 532 663 706
10566 41 83 169 263 301 331
10567 83 84 252 288
10568 266 288 303 305 318
10569 84 362 727
10570 40 110 119 169 266 288 301 303 536 706
10571 23 83 84 301 329 457 582
10572 83 266 303 706
10573 37 83 107 110 119 122 152 169 252 263 288 301 303 345 493 504 707 719 749
10574 84 288 486 558
10575 301 486 558
10576 266 303 706
10577 83 288 706 707
10578 83 152 266 288 301 303 339 506 706
10579 83 119 252 266 288 303 318 526 640 706
10580 83 169 252 266 288 318 526 706 707
10581 83 160 171 172 201 251 258 260 268 279 293 294 358 381 382 400 520 521 568 572 604 730
10582 84 289 301 305 690
10583 83 119 252 288 301 423 506 728
10584 108 194 206 301 330 526 544
10585 83 266 288 301 303 305 584 706
10586 83 107 254 301 380 506 631
10587 83 91 266 301 506 638
10588 3 4 53 83 89 107 166 238 252 288 290 303 360 391 397 407 413 414 542 556 573 604 743 759
10589 80 83 123 152 155 190 201 248 251 252 256 263 288 298 356 431 473 487 546 609 675 689
10590 83 95 152 266 288 301 690 706 707
10591 252 266 288 638 706
10592 42 83 169 263 289 301 303 305 318 339 419 573 616 652 653 706 707
10593 83 84 89 107 182 238 252 288 301 391 397 556 585 604 617
10594 288 706 707
10595 42 83 152 169 263 288 301 303
10596 83 95 301 303
10597 95 266 301 303
10598 83 252 288 706
10599 40 110 138 301 431 670
10600 83 266 706 707
10601 83 115 252 288 318 339 626 638 706
10602 266 288 301 706
10603 288 301 341
10604 15 51 80 83 84 108 152 252 288 298 367
10605 108 206 367 544
10606 266 303 706
10607 83 119 169 263 266 288 301 318 339 706
10608 15 80 152 194 204 252 301 367 422 543 759
10609 83 169 266 288 318 706
10610 84 298 300 301 506 520 539 572 631 633 651
10611 83 274 288 289 301 303 305 318 339 506 631 707
10612 26 48 80 83 98 107 110 203 241 296 298 301 380 428 506 512
10613 83 182 263 303 319
10614 108 204 206
10615 15 80 83 84 194 206 288 301 303 330 367 543 759
10616 48 50 83 152 252 288 301 345 539 712
10617 83 252 266 288 301 303 318 616 626 707 728
10618 83 95 266 301 303 318 690 706 707
10619 266 288 303
10620 42 83 84 152 169 252 266 288 301 706 707
10621 83 95 301 303
10622 108 199 206
10623 266 288 303 706
10624 266 288 303
10625 83 266 301 303 706
10626 83 152 252 288 303 616 632 706
10627 7 42 84 169 266 288 303 318 419 507 532 638 706
10628 252 266 288 303 706
10629 83 169 274 289 301 303 305 318 339 506 631 706
10630 169 288 706
10631 83 123 152 252 288 301 536 706 707 708
10632 83 152 288 301 303 706 707
10633 266 301 664
10634 83 84 296 391
10635 83 108 204 206 367
10636 47 78 83 123 171 172 252 263 288 301 308 486 487 506 520 626 631
10637 1 83 84 90 110 298 301 440 512 560 758
10638 263 289 301 303 305 466
10639 138 301 431 573 662
10640 83 84 301 303
10641 80 107 301 599
10642 65 83 84 85 128 152 174 196 201 251 252 254 257 262 301 303 378 381 520 631 633
10643 83 84 152 201 219 252 261 288 298 303 512 572 633
10644 84 152 252 288 301 303 616
10645 288 301 303
10646 266 288 638 706 707
10647 56 83 152 414 452 743
10648 288 301 303 341 754
10649 266 288 303 706
10650 83 266 301 638
10651 83 266 289 301 303 305 336 690 706
10652 83 95 301 303 706
10653 83 84 152 266 303 706
10654 83 84 152 193 206 252 297 303 367 520 544 592 631 640
10655 95 266 303 632
10656 4 83 107 301 428 478 479 512
10657 53 83 84 89 107 288 301 360 391 397 585 617 759
10658 83 119 169 301 339 345 352 397 652 653
10659 108 204 206 514 544
10660 47 80 83 486 631
10661 42 43 152 205 252 288 303 536 706
10662 266 288 303 706
10663 83 119 169 243 252 266 275 288 301 303 653 706
10664 83 119 152 169 266 288 301 318 385 706 707 728
10665 95 152 169 252 266 301 303 336 706
10666 266 288 706
10667 83 266 288 303 318 616 632 706 707
10668 42 83 169 266 288 289 301 532
10669 83 287 301 318 638 707
10670 83 266 303 706
10671 23 49 83 85 107 152 171 172 252 288 298 301 506 512 520 577 598
10672 51 154 301 437 619
10673 83 95 303 706
10674 15 83 108 204 206 514
10675 95 169 252 266 288 301 303 336 690 707
10676 83 95 266 301 303
10677 83 84 119 169 288 301 303 318 339 341 626 707 754
10678 83 84 152 169 252 273 298 301 303 345 506 526 616 632 706
10679 48 83 84 152 182 251 252 288 298 301 572 604 633 689 706 707
10680 42 83 169 266 288 303 706 707
10681 47 83 152 263 288 301
10682 266 301 706
10683 266 288 301 303
10684 37 83 84 169 252 263 288 301 303 339 408 473 478 482 706
10685 204 206 367
10686 266 288 303 706 707
10687 47 83 84 152 160 251 263 279 298 301 725
10688 42 83 169 252 266 288 303 305 507 532
10689 42 83 152 169 252 266 288 289 301 520 532 633 707 708
10690 80 108 204 206 367 544
10691 83 84 301 303 446
10692 266 301 495 638 653 663
10693 95 266 288 303 706
10694 83 84 152 266 288 706
10695 83 84 288 303
10696 83 152 252 266 288 706
10697 83 84 204 206 252 514 544
10698 50 204 561
10699 83 266 303 706
10700 108 194 199 204 288 301 367 543
10701 288 301 706 709
10702 83 84 160 201 251 288 298 301 418 460 487 520 521 572 631 748
10703 83 206 252 289 296 305 367 734
10704 95 266 706
10705 83 107 169 252 266 288 296 301 336 339 388 506 626 690 707 728
10706 83 107 110 169 252 266 288 297 303 305 339 386 388 506 539 592 626 706 707
10707 83 288 341 485
10708 83 107 110 169 182 251 288 298 301 302 303 572 633 689
10709 83 266 303 706
10710 37 50 83 119 122 152 169 252 263 296 301 303 345 478 482 487 504 527 616 632 719 749
10711 37 42 83 84 85 107 110 152 201 252 263 288 294 297 298 301 367 386 406 520 599 631
10712 83 263 266 288 616 632 706
10713 266 288 706
10714 78 83 107 110 172 201 252 256 279 479 515 599 725 759
10715 83 152 169 266 288 301 706 707
10716 108 199 204
10717 83 123 152 252 263 288 289 298 301 305 339 385 527 626 706 707 728
10718 152 169 243 252 263 266 288 289 296 301 303 706
10719 152 252 266 288 301 303 706
10720 42 83 107 289 298 301 305 431 512 633
10721 3 4 53 84 89 152 166 252 288 291 301 303 360 391 397 407 413 414 542 556 604 617 743
10722 266 288 706
10723 84 301 391 397 512 633
10724 107 301 303
10725 83 205 251 266 298 301 303 706 707 753
10726 79 107 204 206 367 506 618 633
10727 83 301 318 506 527 706
10728 83 152 276 288 297 301 338 592 690
10729 169 266 288
10730 83 152 252 288 303
10731 42 83 84 152 301 303 706
10732 83 252 266 303 706
10733 266 573 706
10734 152 252 288 301 303
10735 83 84 152 266 288 301
10736 47 60 83 84 128 148 254 263 288 298 301 402 443 450 453 456 506 546 561 631
10737 288 301 303
10738 83 266 288 303 525
10739 83 110 138 301 303 431 662
10740 84 169 252 288 301 303 707
10741 83 152 308 584 594 596 605
10742 266 288 301 303
10743 15 80 83 108 204 206
10744 83 152 169 288 303 690 706
10745 83 107 371 680
10746 169 288 706
10747 182 288 301
10748 48 83 84 107 110 266 288 298 512 632 706
10749 83 107 119 169 203 252 266 275 288 298 301 303 386 388 494 706
10750 83 288 303
10751 110 138 266 302 303 706
10752 95 169 288 301 303 318 336 339 385 506 527 592 690 707 728
10753 83 119 169 232 266 288 298 301 303 339 506 626 652 653 707
10754 108 204 206
10755 84 109 152 201 279 298 366 369 539 633 648 725
10756 83 266 301 303
10757 266 706 707
10758 41 152 263 288 301 754
10759 108 206 367
10760 266 288 303 706
10761 266 288 706
10762 301 303 616 632 638 706
10763 42 83 152 266 288 301 706 707
10764 266 288 706
10765 83 288 303 707
10766 169 266 301 706
10767 2 83 84 89 107 110 152 160 202 252 256 288 294 301 303 312 336 385 437 441 449 452 506 512 541 577 582 618 631 759
10768 169 266 303 706 707
10769 115 288 706
10770 48 83 84 110 252 301 303 507 532 652 653 723 749
10771 83 84 152 252 263 266 288 303 385 506 520 521 572 616 626 632 706 707 728
10772 83 84 169 252 266 288 706
10773 38 40 42 83 266 288 301 536 706
10774 83 152 252 288 303 707
10775 83 119 169 252 266 288 301 303 339 663 707
10776 84 301 367
10777 48 83 95 266 288 301 506
10778 83 182 252 296 301 303 386
10779 83 84 139 201 251 252 263 288 301 512 670
10780 42 83 169 266 288 301 303 318 339 487 507 532 707
10781 83 161 201 252 254 298 301 337 489 506 592 631 689
10782 42 152 169 252 266 301 303 706
10783 83 84 107 110 123 152 171 172 201 251 252 298 356 520 521 541 572 633
10784 83 152 266 288 301 527 706
10785 3 4 53 83 89 152 166 238 252 288 290 303 360 391 397 407 414 542 556 604 617 743 759
10786 252 289 301 303 671
10787 84 134 288 301 303 338 512
10788 49 83 186 288 298 301 475 587
10789 1 83 110 139 152 153 201 251 301 512 539 759
10790 40 41 83 110 252 289 301 303 345 485 487 718 754
10791 38 40 42 83 110 288 662
10792 301 303 527 706
10793 266 288 706
10794 42 169 252 266 301 303 706 707
10795 37 42 119 122 252 263 288 301 303 318 345 487 504 507 532 652 653 663 706 707 719
10796 83 152 169 252 266 301 352 706 707
10797 169 266 288 301 318 638 706
10798 37 83 119 122 169 266 288 301 345 487 504 707
10799 83 152 266 288 301 303
10800 83 241 252 288 301 317 406 428 437
10801 83 266 288 303
10802 83 266 303 706
10803 266 288 303
10804 2 7 42 107 110 119 144 263 288 298 301 318 463 652 653 725
10805 12 58 83 84 87 107 110 134 338 431 506 547 631
10806 83 152 252 266 303 706
10807 9 83 84 152 201 251 261 277 288 293 294 298 301 381 414 475 520 539 546 620 631 633 725 743
10808 95 301 303 706
10809 84 110 116 288 301 397
10810 169 288 301
10811 536 706 707
10812 288 301 706
10813 48 83 84 107 152 201 288 297 298 301 312 592 678 690
10814 41 83 266 288 303 706 709
10815 37 38 42 83 110 138 169 182 263 288 301 303 328 339 506 507 626 652 653 706 707 728
10816 78 80 83 84 123 158 160 252 279 293 294 298 350 354 475 546 601 620 624 631
10817 84 86 92 107 201 257 298 354 371 381 599 620
10818 83 152 252 288 303 706
10819 38 42 110 138 301 662
10820 288 318 504 638 706 707
10821 83 266 288 303 336 690
10822 41 83 288 423 478
10823 37 83 119 122 123 263 266 288 301 345 487 504 706 707 719
10824 152 252 263 288 301 303 423 482 663
10825 83 152 252 263 266 288 512 706 707
10826 83 121 301 638 706
10827 83 266 288 527
10828 83 152 203 288 301 603
10829 83 119 169 263 266 301 339 419 706 707
10830 270 288 690
10831 41 83 252 301 303 532 706
10832 266 301 303
10833 41 252 263 266 288 289 301
10834 0 80 83 84 89 107 160 171 172 201 251 252 254 288 298 301 303 354 367 381 382 432 478 482 506 520 546 572 604 626 635 753
10835 84 152 205 251 252 266 288 298 301 303 689 706 707
10836 266 288 706
10837 5 23 49 84 128 160 252 399 459 568 572 589 631
10838 83 152 241 252 338 444 539 678
10839 53 83 84 107 238 252 301 391 397 585 604 617 759
10840 14 84 85 107 124 252 301 308 478 482 506 671 712 758
10841 4 83 263 294 301 468 531 624 633
10842 83 110 197 288 301 364 404 520
10843 44 83 301 423 506 598 626 728
10844 53 83 84 107 252 256 288 301 391 397 556 585 604 617
10845 197 263 288
10846 110 252 263 266 288 301 339 352 706
10847 83 266 303 632 706 707
10848 83 152 252 298 301 303 424 512 690
10849 41 252 301 303 341
10850 266 288 706
10851 39 42 83 84 119 123 152 169 252 301 303 318 339 385 504 506 526 626 640 706 728
10852 169 266 707
10853 83 84 288 506 574
10854 42 119 266 287 301 303 318 507 532 706 707
10855 266 706 707
10856 38 83 110 169 266 288 303 706
10857 37 83 119 266 301 504 706 707
10858 42 83 95 152 169 252 266 301 305 536 706 707
10859 41 83 110 157 690 712
10860 194 204 206 252 301 514 526 558
10861 47 65 83 84 152 252 277 298 301 303
10862 204 206 488 561
10863 9 83 84 123 252 266 296 301 303 488 507 532 561 706 707 749
10864 37 83 119 122 263 288 301 303 305 385 487 504 506 539 616 626 632 706 707 749
10865 9 83 205 219 298 301 520 532 572 631 633 689 706 753
10866 49 83 84 107 110 152 160 165 201 231 251 252 263 374 506 512 572 599 674
10867 83 266 301 638 706
10868 201 252 263 301
10869 83 95 303 706
10870 107 110 254 298 372 506 512 568 759
10871 288 303 754
10872 40 41 83 110 288 289 301 303 341 345 473 485 718
10873 83 84 89 152 171 173 201 219 251 252 279 298 301 304 312 478 539 577 582 643 687 689
10874 41 288 301 303 485
10875 252 266 303 706
10876 3 4 53 83 89 107 152 166 238 252 290 301 303 360 391 397 407 413 414 556 573 604 743 759
10877 83 107 152 227 252 254 296 298 301 303 367 385
10878 83 119 123 252 339 506 626 663
10879 42 119 144 169 248 252 273 288 301 303 318 339 385 504 506 626 706 707 728
10880 38 42 80 83 119 123 169 252 266 288 301 303 340 506 626 663 728
10881 83 266 303 706
10882 42 84 169 252 266 288 301 318 339 527 626 706 707
10883 2 7 84 107 110 119 152 248 252 263 266 288 298 301 706
10884 140 186 300 301 620 631 712
10885 39 83 85 107 110 221 252 298 307 367 403 455 460 512 520 521 572 578 607
10886 169 266 288 638 706
10887 83 182 301 303 319
10888 169 301 638 706
10889 41 119 169 263 266 288 296 303 339 473 487 506 626 663 706 728
10890 83 119 152 263 266 288 301 303 352 706 707
10891 42 95 119 123 169 266 288 298 303 385 482 506 626 706 707 728
10892 288 706 709
10893 266 288 301
10894 83 84 169 252 266 288 303
10895 152 252 288 301 303
10896 73 83 112 113 123 152 169 196 301 303 489
10897 51 53 83 84 89 107 238 288 301 360 391 542 556 573 604 743 759
10898 83 107 110 152 201 248 252 266 288 301 690 706
10899 80 171 645
10900 266 706 707
10901 40 42 152 252 263 288 301 303 507 532 584 706
10902 83 119 135 169 252 273 280 288 318 339 385 487 626 706 707 728
10903 108 194 206 422 544
10904 42 83 152 169 252 263 274 288 301 303 506 626 728
10905 42 84 152 158 252 301 303 423 507 532
10906 48 83 84 85 99 107 160 201 252 256 263 279 288 301 325 506 520 572 574 631
10907 42 152 252 266 288 301 303 318 419 706 707
10908 266 288 301 706
10909 84 266 288 303
10910 83 152 169 252 266 288 289 303 305 616 706 708
10911 42 83 152 169 252 266 288 301
10912 301 364 506
10913 84 152 252 301 633
10914 95 266 288 301 303 706
10915 288 289 301 305 318 532 706 707
10916 42 83 152 263 301 303 507 532 706
10917 83 169 252 263 266 288 303 584 706
10918 83 152 169 266 288 301 303 706
10919 266 706 707
10920 83 84 169 288 303 706
10921 42 83 152 266 275 288 301 303 506 507 532 539 626 707
10922 83 152 252 288 298 301 303 331
10923 83 252 266 303 706
10924 266 303 706
10925 95 152 252 266 288 301 303 385 506 536 626 707
10926 42 83 84 107 201 252 266 275 288 301 303 385 526 626 706 728
10927 42 83 84 152 252 266 288 303 526 626 706
10928 42 51 83 169 263 266 289 301 303 318 419 573 616 632 652 653 707
10929 83 169 266 301 305 318 706
10930 42 83 169 263 288 301 303 305 318 339 419 573 632 652 653 706 707 753
10931 83 95 288 690 706
10932 83 169 266 288 301 339 506 626 707
10933 83 84 266 706
10934 83 119 169 266 288 297 305 527 592 690 706 707
10935 266 301 303 706 707
10936 266 288 638 706
10937 38 110 138 266 301 303
10938 169 301 706 707
10939 84 266 288 638 706 707
10940 266 288 638 707
10941 182 288 301 319
10942 84 266 288 301
10943 266 288 706
10944 9 41 83 152 169 252 263 274 298 301 303 482 663
10945 48 84 288 301 758
10946 108 204 206
10947 83 84 169 266 288 706
10948 7 266 288 638 706
10949 42 83 266 287 301 303 318 507 532 638 707
10950 42 83 263 266 288 301 303 707
10951 83 84 152 288 301 303
10952 108 252 301 303 330
10953 9 83 93 107 236 279 298 300 301 520 546 572
10954 83 160 202 219 251 298 299 308 343 355 475 506 572 633 643 689
10955 266 288 706
10956 119 169 263 266 288 318 419 652 706 707
10957 42 83 169 263 266 288 301 303 305 318 339 506 507 532 626 652 707 728
10958 169 288 706
10959 266 288 706
10960 116 152 252 301 371 397 679 680
10961 83 95 169 266 301
10962 83 152 252 266 288 301 527
10963 42 83 169 266 301 303 532 706
10964 80 83 152 202 252 288 486 631
10965 38 40 83 110 152 252 301 303 339 419 626 706 707 728
10966 266 288 303
10967 83 84 89 107 238 252 288 303 360 391 397 585 604 617
10968 48 83 107 152 169 252 288 298 339 423 433
10969 86 252 288 298 301 350 475 539 557 572 582 683 725
10970 1 63 80 83 93 94 132 201 251 298 355 453 456 468 520 531 572 631 633
10971 42 83 119 169 266 288 303 318 339 385 506 626 706 707 728
10972 2 23 83 84 119 160 169 263 288 298 303 339 345 459 487 506 572 582 663 706 707
10973 83 288 296 311 678
10974 49 83 84 152 201 251 252 298 301 506 572 582 598 631 633 725
10975 83 152 263 266 288 301 690 706
10976 83 119 266 275 298 301 303 345 386 663 706 707
10977 42 119 266 288 301 303 339 507 532 706 707 708
10978 83 169 266 301 318 339 706 707
10979 169 266 301 303 318 706 707
10980 83 119 266 288 318 339 419 504 573 706 707 719
10981 48 83 85 89 107 123 201 251 252 254 288 300 301 325 354 356 381 382 506 685
10982 40 83 152 169 266 288 301 616 632 706
10983 83 95 110 266 289 297 303 305 336 592 706
10984 83 95 266 301
10985 83 119 152 197 252 288 301 303 626 728
10986 80 89 139 201 251 298 301 423 725
10987 83 95 252 266 301 506 706 707
10988 42 83 119 152 169 263 288 301 303 331 339 434 506 626 707 723
10989 38 40 41 83 110 119 138 169 263 274 288 298 301 303 331 339 345 475 478 482 599 687 707 725 753
10990 169 288 706
10991 169 266 638 706 707
10992 182 288 301
10993 83 152 169 252 266 288 301 706
10994 7 37 83 84 119 169 252 288 301 385 487 506 626 638 706 707 708 728
10995 84 252 288 301
10996 83 109 288 301 366 648 650
10997 80 83 618
10998 169 288 301
10999 83 266 303 706
11000 83 266 288 303 616 632 706
11001 266 303 632
11002 80 83 108 194 201 204 219 252 298 301 367 544 572 633 689
11003 83 169 252 263 266 301 352 706 707
11004 41 83 169 263 301 406
11005 199 204 206
11006 83 95 152 288 301 336 526 690 706 707
11007 83 110 123 152 169 288 296 301 303 386 506 622 626 663 706 707 728
11008 83 123 152 219 251 252 288 298 301 303 506 572 706 723
11009 47 83 110 152 160 171 172 201 248 252 298 301 520 582 633
11010 288 301 303
11011 83 169 288 301 303 318 336 339 385 506 527 626 690 707 728
11012 123 152 252 266 288 301 333 706
11013 83 95 303 706
11014 48 107 301 362 506
11015 1 83 107 110 201 251 298 299 300 301 381 428 506 512 546 560 632 677 691 712
11016 83 169 201 219 251 252 263 288 298 301 303 633 689 723
11017 294 301 367 385 424 512 631 725 758
11018 48 477 478 512 560 602 637 698 699 703 704
11019 84 206 288 301
11020 83 252 263 690
11021 266 638 706
11022 84 152 169 252 266 288 298 301 303 386 697 698 706
11023 23 83 84 128 152 201 202 246 251 279 288 293 294 301 312 448 539 577 651 725 759
11024 83 89 152 204 288 298 301 303 367 512 539
11025 48 152 169 266 301 526 640 706 707
11026 83 119 169 252 288 301 303 318 339 419 485 506 626 707 728
11027 407 413 444 624
11028 288 301 303
11029 153 234 355
11030 37 83 95 119 122 169 266 288 303 487 488 504 707 719
11031 83 301 615 706
11032 50 83 95 152 252 266 303 488 706 707
11033 15 108 204 367
11034 199 204 206
11035 2 78 83 84 107 109 112 153 160 201 202 300 301 369 506 512 520 530 572 612 631 648 759
11036 83 110 301 303 341 754
11037 83 119 152 169 182 252 288 303
11038 83 109 110 252 288 301 366 369
11039 22 301 567
11040 95 266 288 301 303 707
11041 80 83 156 512
11042 83 266 301 303
11043 83 84 152 266 288 303
11044 83 152 169 252 266 706
11045 42 83 152 266 288 301 303 507 532 706 709
11046 83 84 252 288 303
11047 42 83 205 219 251 266 298 301 303 616 633 707
11048 15 80 204 206 252 288 301 303 367 544
11049 108 199 204
11050 84 119 152 169 252 288 298 301 303 339 506 626 652 653 690 706 707
11051 84 263 288 301
11052 108 204 206
11053 83 84 288 638 706 707
11054 266 303 706
11055 38 40 41 83 110 152 288 301 303 339 419 728
11056 38 40 41 83 110 119 138 288 301 339 652 690
11057 39 248 301 572 582 631
11058 41 266 289 301 303 318
11059 41 152 252 301 754
11060 42 83 252 266 288 289 303 507 532 707
11061 83 266 288 303 706 707 709
11062 37 44 83 263 288 423
11063 37 44 83 263 301 506
11064 83 84 85 202 298 301
11065 90 109 254 267 294 297 366 369 512 648
11066 288 301 506
11067 83 107 152 298 520 584 591 631 690
11068 37 42 83 243 266 303 487 504 539 616 706 708 719
11069 95 266 288
11070 83 84 288 706
11071 48 252 301 395 605
11072 83 123 152 203 252 288 298 633 725
11073 83 266 288 301 318 706 707
11074 48 83 119 123 201 251 263 288 301 303 339 345 385 473 506 526 626 632 706 728
11075 37 83 119 169 266 288 301 345 487 750
11076 288 301 697
11077 42 84 266 288 301 303 507 532 706 707 709
11078 66 83 254 278 301 631 633 759
11079 288 340 706
11080 266 288 707
11081 83 84 252 288 303
11082 266 301 303 420 706
11083 83 108 206 301
11084 266 288 303
11085 266 301 706
11086 83 119 169 201 266 298 301 339 506 626 652 653 706 707 728
11087 9 83 84 152 169 252 266 288 301 303 339 385 626 652 653 706 707 728
11088 9 38 40 42 83 252 266 288 298 301 303 584 706
11089 83 110 123 152 252 266 288 301 706
11090 84 152 201 227 251 254 279 294 298 299 301 354 428 506 520 572 577 582 624 631
11091 42 83 119 169 266 301 303 318 339 507 532 708
11092 108 204 206
11093 51 83 85 107 152 190 252 263 297 301 381 382 473 487 592 631 633 713
11094 110 111 252 301 432
11095 83 152 252 266 288
11096 266 301 706
11097 48 83 95 266 288 301 303 706
11098 83 152 169 266 301 303 318 339 385 626 706 728
11099 15 80 108 301 330
11100 182 226 301 481 599 609
11101 252 288 303 706 715
11102 42 83 169 266 288 303 339 385 526 706 728
11103 95 266 301 303 336 690 706 707
11104 266 288 303 706
11105 169 266 288 339 385 506 706 707
11106 266 303 305 706
11107 266 288 706
11108 80 204 206 296 301 330 367 543 544
11109 169 266 288 303 706
11110 41 83 84 107 289 298 301 305 512 758
11111 83 169 182 288 301 626 670
11112 83 152 252 301 303
11113 197 288 301
11114 199 204 206 301
11115 84 288 301 601
11116 83 152 169 266 288 301 507 706 707
11117 81 82 83 350 486 631 633
11118 83 152 266 301 336 706 707
11119 152 252 303 341 754
11120 14 48 83 107 110 152 160 187 188 201 202 246 251 252 262 298 301 385 520 572 631 632 633 636 689 725 759
11121 42 83 119 152 169 288 289 301 305 339 506 626 706 707 728
11122 288 289 301 303 336 690 706
11123 83 152 169 232 252 266 288 301 303 626 728
11124 83 84 119 152 169 252 266 301 318 339 367 706 707 715
11125 84 93 107 201 228 239 251 252 254 263 293 294 300 301 303 308 354 356 380 382 450 506 518 520 546 598 599 622 631 633 651 727 753
11126 288 303 638 706
11127 83 95 152 252 266 690 706 707
11128 266 303 706
11129 83 84 152 252 288
11130 83 84 252 266 288 301 339 506 626 706 707
11131 37 48 83 84 107 119 152 248 252 263 288 298 301 303 339 386 388 487 506 622 626 663 707 728
11132 83 84 119 123 152 201 251 252 273 301 303 339 506 572 626 633 663 689 706 707 728
11133 83 84 263 266 301
11134 53 89 107 238 252 301 303 360 391 397 556 604 617 743 759
11135 83 266 301 707
11136 37 40 42 83 138 252 266 298 301 303 507 532 652 706
11137 15 108 204 301 367 514
11138 39 83 85 92 107 160 171 279 298 301 303
11139 50 128 301 437 619
11140 83 252 266 288 303 616 690
11141 83 119 169 182 288 301 303 506 626 728
11142 95 152 266 288 301 303 336 690 706
11143 95 266 288 303
11144 83 108 206 301 303 367 424 508 520 544 631 725
11145 83 266 288 706
11146 288 301 364
11147 83 110 152 252 266 288 301 706
11148 83 84 266 288 301 706 707
11149 83 197 252 288 303
11150 83 95 152 266 301 336 707
11151 48 89 303
11152 83 152 252 288 303 706
11153 83 252 263 288 298 310 333 334 661 670 690 697 698
11154 288 697 698
11155 78 84 170 187 188 201 251 252 257 288 298 299 301 303 345 354 445 506 560 606 626 712
11156 40 42 83 110 301 303 690
11157 83 84 288 296 301 633
11158 83 84 152 219 236 251 279 288 298 301 572
11159 84 107 289 301 305 325 620
11160 252 301 303 706
11161 169 266 288 707
11162 83 84 169 266 706 707
11163 84 152 301 355
11164 84 301 599
11165 152 169 252 266 288 706
11166 83 152 252 266 301 706 707
11167 83 84 252 266
11168 169 266 288 301 303 318 586 706 707
11169 83 107 296 301 303 332 345 682 706 725 753
11170 80 83 204 206 296 541 544
11171 38 40 110 266 288 303
11172 119 152 252 263 288 301 303 339 473 487 706 707
11173 83 119 152 252 266 273 288 301 303 339 473 487 707
11174 108 152 206 252 288 296 301 303 367 507 532
11175 83 152 252 266 288 301 303 706
11176 83 95 152 243 252 266 288 301 336 616 690 706 707
11177 252 266 301 318 706
11178 90 109 254 267 297 366 367 512 648 650
11179 83 169 263 266 298 301 318 339 419 504 652 653 707 719
11180 266 288 318 706
11181 108 199 367
11182 42 252 288 507 532 706 707 708 724
11183 83 169 182 252 288 289 301 305 345
11184 83 84 108 204 206 367 543
11185 23 83 84 92 128 201 263 294 298 301 303 380 382 455 506 758
11186 83 301 303 339 506 626 663 707
11187 83 266 289 296 301 706 715
11188 83 84 294 301 303 631
11189 252 266 288 706
11190 84 205 219 251 266 288 298 301 303 339 385 506 626 706 707 728
11191 42 83 152 169 252 266 288 706 707
11192 84 152 301 530 539 624
11193 83 119 169 266 288 301 388 706
11194 83 84 110 119 123 152 201 251 252 273 288 298 301 303 328 339 506 520 626 753
11195 83 84 110 123 169 201 252 288 298 303 463 626 631 652 706 728 753
11196 83 266 288 303 690 706
11197 42 169 266 301 303 339 385 626 707
11198 84 252 288
11199 6 83 289 301 303 305 663
11200 83 266 301 318 385 527 626 706 708
11201 83 266 275 288 296 298 301 303 318 345 386 388 476 663 706 707
11202 15 80 83 108 123 124 152 206 252 256 367
11203 84 266 301 303 706
11204 42 119 266 288 303 516 536 706 709
11205 83 252 266 288 706
11206 83 84 110 220 251 252 263 301 397 652
11207 345 413 414
11208 39 49 107 110 152 252 288 301 444 539
11209 152 252 288 301 303 616 632 706
11210 266 301 303 706
11211 266 288 303
11212 266 288 706
11213 23 76 89 171 172 173 201 254 264 279 293 294 298 301 309 455 459 521 748
11214 42 83 84 152 252 266 288 303 339 507 706 728
11215 84 209 254 301 512 599
11216 83 119 169 252 266 288 301 318 339 385 707 728
11217 41 83 84 107 289 303 305 512 633 758
11218 266 303 332 706 707
11219 83 84 152 169 201 263 266 288 301 339 473 487 507 592 626 706 707 728
11220 83 84 108 204 301
11221 42 83 119 152 252 266 275 288 301 339 385 506 532 626 632 706 707 728
11222 38 110 138 169 301 431 670
11223 83 110 152 263 288 298 301 385 564
11224 83 84 288
11225 266 288 706
11226 42 83 152 252 288 301 303 385 527 536 584
11227 252 618 624
11228 15 83 152 219 251 252 263 288 298 301 633
11229 42 83 252 266 296 332 603 706
11230 83 152 203 252 266 288 296 301 706
11231 83 152 203 288 296 298 301 478 482 515 631 687
11232 15 83 108 204 206 367
11233 199 206 367
11234 83 84 266 638 706 707
11235 42 83 152 169 252 266 288 301 305 507 532
11236 42 83 152 266 288 301 706 707
11237 83 85 107 203 251 263 288 301 304 312 354 381 519 528 572 577 604
11238 123 152 252 266 301 303 478 512 515 527 663 687 690 706 742
11239 15 80 108 194 204 206 367 422 544
11240 83 152 169 266 288 301 303 385 482 687 706
11241 83 84 152 201 251 256 288 298 301 303 475 506 520 568
11242 288 301 303 706
11243 108 204 206 544
11244 42 48 83 84 119 152 169 252 263 275 288 303 318 345 385 408 526 626 640 706 707 728
11245 15 80 83 330 544
11246 80 83 618
11247 83 119 169 201 251 252 298 301 303 328 339 463 476 506 520 626 652 663 706 707 753
11248 83 288 301 303 706 707
11249 83 152 266 288 301 303
11250 182 301 303 706
11251 252 288 301 303
11252 106 256 301
11253 42 83 152 252 266 288 301 507 532 706
11254 83 288 296 301 303 316 332
11255 42 169 266 303 305 706
11256 15 80 108 206 301 367
11257 83 169 266 296 301 473 488 561 706
11258 48 83 152 182 288 301 339 506
11259 9 83 84 110 152 165 169 301 303 561 652 653 707
11260 83 169 252 263 266 273 301 303 339 419 527 706 707
11261 42 83 119 266 301 318 507 532 638 706 719
11262 5 37 69 76 83 84 119 169 251 252 256 263 288 298 301 345 391 478 487 493 512 520 521 572 601 633 706 707 723 749
11263 83 95 119 169 252 288 303 318 339 385 506 626 690 706 728
11264 1 227 355 367
11265 266 288 706
11266 48 84 236 256 288 297 298 299 301 560 592 690 725 753
11267 83 266 288 303 506 706
11268 95 152 266 301 690 706 707
11269 83 152 266 288 303 706 707
11270 73 83 86 107 128 165 166 183 201 238 248 252 263 279 288 298 301 303 313 324 338 354 385 437 503 519 539 582 604 640 725
11271 3 73 83 84 86 107 128 165 166 169 201 248 263 279 288 298 301 303 313 324 338 354 437 503 512 519 539 582 604 725 743
11272 46 77 83 121 123 173 252 301 572 631
11273 221 597 673
11274 5 83 84 98 241
11275 84 110 140 301 512
11276 83 169 252 266 301 303 632 707
11277 84 87 226 506 512
11278 83 169 288 301 303 385 616 626 632 706 707 728
11279 169 288 706
11280 169 303 706
11281 40 83 123 152 169 252 274 288 296 301 303 339 526 616 706
11282 83 84 93 172 219 266 298 301 633 706
11283 266 288 303
11284 169 266 301 303
11285 83 84 128 252 254 297 300 303 367 368 369 370 648 753
11286 288 303 706
11287 84 197 252
11288 95 266 303 706
11289 83 95 301 303 336 706
11290 83 84 266 706
11291 15 80 83 84 152 204 206 301 422 544
11292 169 266 288
11293 152 169 252 263 266 275 288 301 352 706
11294 83 152 252 288 289 301 303 305 507 532 630 706 707 708
11295 84 266 303 706
11296 152 169 252 266 301 616 632 707
11297 38 83 84 107 110 155 288 296 297 298 301 308 385 572 592 604 620 687 690
11298 83 152 252 271 288
11299 83 84 301 706
11300 266 301 303 706
11301 83 108 204 288 301 330 544
11302 23 171 173 183 288 298 350 503 560 572
11303 169 266 288 303
11304 42 83 288 289 301 303 507 706 707
11305 53 83 84 89 182 238 252 288 303 360 391 556 604 617 743 759
11306 9 42 48 83 84 165 252 266 288 296 301 303 536 706
11307 266 303 706
11308 44 83 107 239 252 288 301
11309 169 266 706 707
11310 37 83 84 119 123 169 252 263 288 301 336 345 487 504 638 706 719
11311 152 252 266 288 296 298 301 303 332 603 663 682 706
11312 84 301 303 706
11313 95 152 266 288 289 301 303 305 336 592 690
11314 95 266 706
11315 41 83 84 107 289 301 305 431 512 633
11316 83 152 169 252 296 297 298 301 303 478 482 663
11317 169 288 706
11318 83 266 289 301 303 305 616 632 706 707
11319 83 107 153 288 294 301 428
11320 83 288 303 706
11321 83 110 152 288 301 690
11322 116 301 506 680
11323 83 266 301 303
11324 152 252 266 288 301 303 336 706
11325 266 288 289 706
11326 42 83 169 266 288 301 303 345 507 532 706 707
11327 83 152 252 266 303 706 709
11328 266 301 706
11329 83 263 266 301 706
11330 83 152 252 266 303 616 632 706
11331 38 41 110 138 288 301
11332 110 296 663 682
11333 152 194 206 252 288 301 367
11334 84 201 204 206 367 759
11335 84 209 301
11336 152 169 266 288 303 706 707
11337 38 110 431 573 670
11338 33 84 110 114 139 248 252 256 279 298 301 303 339 384 501 520 562 602 631 651 670 697 703 714 736 740
11339 83 266 706 707
11340 288 301 626 706 707
11341 10 13 123 152 169 252 288 301
11342 204 206 367
11343 288 303 423 706
11344 266 301 706
11345 83 152 266 288 616 706
11346 83 152 252 301 303
11347 83 84 119 227 252 256 288 298 339 504 706 719 728
11348 152 252 266 288 301
11349 252 288 301 364
11350 266 288 706
11351 84 252 266 306
11352 3 4 53 83 89 107 166 238 252 288 291 301 360 391 397 407 413 542 556 604 617 743 759
11353 7 83 152 203 288 706
11354 84 186 204 206 298 367 520 587 631
11355 108 204 330 367
11356 42 83 84 152 252 275 301 303 339 419 507 532 706
11357 83 252 254 296 301 351 631
11358 42 83 84 152 205 219 252 266 298 301 303 572 633 707
11359 9 38 80 83 124 202 631 633
11360 108 199 206 301
11361 42 83 152 169 266 303 706 707
11362 83 252 288 303 690
11363 83 95 266 301 706
11364 51 53 83 84 89 107 238 252 301 360 391 397 556 573 604 617 743
11365 83 134 288 301 338 506 512
11366 84 301 567
11367 9 42 83 110 111 119 169 252 263 288 301 345 506 539 626 671 728
11368 83 152 266 288 301 303 706
11369 42 263 301 303 339 663 706 707 708 728
11370 83 169 318 706
11371 83 84 122 169 252 263 288 301 303 345 487 504 512 707 719 749
11372 169 266 303
11373 169 266 288 706 707
11374 119 169 252 263 266 288 301 303 385 506 709 728
11375 42 83 169 252 266 301 339 616 632 707
11376 83 263 266 288 301 303 339 706 707
11377 83 84 252 303 706
11378 84 254 301 354 512 631
11379 39 49 83 84 107 110 152 301 444 539
11380 83 301 512 758
11381 83 169 205 251 266 288 298 303 706 707 753
11382 303 706 707
11383 42 169 266 303 318 507 532 626 706 707
11384 83 266 301 305 318 706 707
11385 83 95 152 252 301 303 336 706
11386 288 301 437
11387 83 95 266 288 289 297 303 305 339 592 706 707
11388 81 83 84 152 196 631
11389 169 266 288 303
11390 266 306 707
11391 42 83 95 123 169 288 298 301 303 305 385 506 626 706 707 728
11392 288 306 706
11393 83 84 152 201 251 252 288 298 301 633
11394 83 84 266 301 303 706
11395 2 39 107 160 178 279 298 308 354 381 432 475
11396 9 83 194 204 252 296 301 367 422 526 544
11397 7 266 288 303 318 707
11398 169 252 288 301 318 339 707
11399 182 288 301 671
11400 83 95 266 303 706 707
11401 169 266 706 707
11402 83 152 266 301 303
11403 9 83 84 119 273 288 289 301 305 331 339 520 728 753
11404 84 252 288 300 301 339 559 599
11405 84 288 301 303 305 706
11406 83 84 107 112 113 152 335 590
11407 40 42 80 83 107 169 203 266 288 296 301 385 386 506 622 626 728
11408 42 266 288 303 536 706 707 708
11409 42 83 119 266 287 301 318 507 532 638 707
11410 83 287 288 318 504 706 707
11411 301 697 698
11412 40 42 48 83 138 252 266 288 301 303 640 706 707
11413 84 294 301 615 631
11414 83 152 169 252 263 288 301 663
11415 83 152 288 301 303 539
11416 252 296 618
11417 83 152 252 288 436
11418 83 84 266 303 706
11419 266 288 303
11420 266 288 706
11421 42 83 152 169 266 288 301 303 339 706
11422 42 169 266 288 303 495
11423 83 110 152 196 252 266 288 296 298 301 303 540
11424 169 266 706
11425 83 152 169 263 266 288 289 301 303 305 616 632 707
11426 51 83 152 169 252 266 301 303 305 318 339 419 573 632 652 653 706 707
11427 252 266 301 303
11428 83 288 706 707
11429 266 706 707
11430 83 301 303 706
11431 266 288 706
11432 33 83 298 323 385 549 670 736 740 744
11433 266 288 706
11434 83 169 266 301 318 706
11435 83 152 169 252 266 288 301 318 616
11436 83 169 252 263 266 288 301 303 339 385 506 626 632 707 728
11437 95 288 301 303
11438 195 204 206 296 488 561
11439 83 252 266 288 301 526 706
11440 83 252 288 707
11441 83 266 301 706
11442 83 89 94 107 160 252 298 301 354 506 512 520 546 631 633
11443 85 107 109 288 298 301 303 366 369 475 506 520 541 572 599 633 758
11444 83 84 266 288 318 638
11445 80 83 108 123 152 194 252 296 301 367 544 631
11446 83 152 169 182 263 301 303 507 532
11447 3 39 83 84 89 107 110 123 152 160 166 201 248 251 252 254 279 288 289 293 294 298 301 305 309 367 381 403 428 475 506 512 520 521 572 604 633 641 690 725 731 753
11448 83 84 169 252 263 288 298 301 303 308 328 339 345 495 506 652 706 707 728
11449 288 706 707
11450 83 266 301 318 506 626 706 707 728
11451 157 161 288 301
11452 83 182 288 303
11453 1 83 84 85 163 213 263 288 301 378 391 478 479 506 507 520 532 574 730
11454 83 169 301 341
11455 83 169 263 301 318 707
11456 83 152 266 288 303 706
11457 83 119 152 169 203 232 266 298 301 303 339 506 520 626 632 706 753
11458 84 288 301 353
11459 266 288 706
11460 84 252 266 288 303
11461 266 288 303
11462 83 84 119 122 169 252 266 288 301 303 345 487 707 719 749
11463 266 288 706
11464 266 288 303 706
11465 83 107 119 152 169 188 201 251 252 263 301 318 339 507 598 604 611 652 653 673
11466 48 83 169 266 301 640 707
11467 266 301 707
11468 289 301 303 318 706 707
11469 41 266 288 289 303 318
11470 266 288 303 318 706 707
11471 83 95 266 336 690 706 707
11472 83 169 252 301
11473 83 108 204 289 301 305
11474 107 169 266 288 386 706 707
11475 40 42 83 84 110 169 252 266 301 584 706
11476 19 84 119 169 208 263 266 273 288 298 301 476 520 572 663 706 707 728
11477 41 83 169 301 303 485
11478 84 266 288 707
11479 266 301 303 318 339 616 626 632 706 707
11480 152 169 266 288 301 303 706 707
11481 83 152 252 263 266 288 301 303 487 526 626 706 707 728
11482 14 83 424 486
11483 37 41 50 83 122 252 288 296 301 303 345 487 488 504 507 532 707 725 749 753
11484 79 84 93 152 251 298 301 303 391 512 520 539 546 599 609 631 633
11485 288 303 709
11486 83 119 169 243 263 266 288 301 339 706 707 728
11487 108 204 206
11488 83 97 110 124 134 152 252 263 288 303 385 391 489 506 584 712 753
11489 83 84 107 266 275 288 298 301 318 386 388 476 487 622 706 707
11490 40 83 84 252 266 275 288 298 303 318 386 388 473 476 487 622 706 707
11491 38 40 42 83 119 169 252 266 288 298 301 303 318 345 487 506 584 707 728
11492 48 108 194 526 543 544
11493 48 83 84 94 152 173 252 277 298 301 475 506 725
11494 194 204 206 544
11495 252 266 303 706
11496 169 288 303 318 706
11497 84 98 110 111 132 254 288 294 298 759
11498 38 138 301 431
11499 83 84 95 152 266 288 301 303 385 616 626 690 706 728
11500 83 84 119 169 182 288 298 301 309 318 419 520 521 706 707
11501 83 119 169 182 263 298 301 303 339 419 626 707
11502 169 266 288 301 303 318 339 419 573 616 632 652 653 706 707 708
11503 83 252 288 303 616 632
11504 80 83 84 152
11505 83 152 266 288 301 303 706 707
11506 83 266 288 301 303 706
11507 301 516 709
11508 83 301 516 709
11509 42 152 266 288 289 301 303 305 336 690 706 707 709
11510 169 266 288 709
11511 266 288 301 706
11512 42 83 252 266 303 706 707 709
11513 108 204 206 301
11514 169 266 288 301 303 318 706 707
11515 42 83 119 169 266 301 303 339 507 532 652 706 707 708
11516 266 706 707
11517 83 152 266 288 289 301 303 305 616 626
11518 37 83 84 119 152 201 251 252 288 301 303 339 345 473 487 706 707 725
11519 43 84 107 165 251 260 261 263 298 301 347 520 521 572 633
11520 15 80 108 204 206 367 544
11521 83 169 266 301 706
11522 83 84 266 301 303 707
11523 182 288 303
11524 108 204 206 367 544
11525 301 486 633
11526 84 152 252 266 301 303
11527 42 83 119 169 263 266 288 301 303 305 318 339 419 573 616 652 653 753
11528 119 169 256 263 266 273 288 298 301 318 419 652 653 706 707
11529 42 83 152 169 252 263 266 303 339 536 706 707 709
11530 83 107 152 173 201 202 252 254 298 301 572 631 633
11531 83 95 288 303 488 706
11532 83 95 152 266 301 488 526 527 539 561 706 707
11533 7 42 62 83 84 119 169 256 288 298 301 303 309 339 345 346 405 487 520 521 573 606 626 638 652 653 706 707 728
11534 7 62 83 84 119 169 252 256 288 298 301 303 309 339 345 346 404 476 487 506 507 520 521 606 626 638 652 653 706 707 728
11535 169 266 303 318 536 706
11536 169 288 305
11537 266 288 303 706
11538 108 204 206
11539 169 263 288 298 301 303 318 339 419 506 706 728
11540 37 83 119 120 122 263 288 487 504 520 631 633 670 706 707
11541 266 706 707
11542 83 108 204 206 301 544
11543 42 83 266 288 303 339 663 706
11544 84 152 252 288 706
11545 108 204 206
11546 266 289 301 318 638 706 707
11547 83 107 152 169 263 266 301 303 386 388 478 482 622 706 707
11548 266 301 303 318 339 616 632 706 707
11549 266 288 301 504 638 706
11550 266 301 303 682 706
11551 83 84 152 288 301 564 633
11552 83 84 123 152 158 252 266 301 339 345 473 526 527 626 640 690 706 724 728
11553 83 119 169 252 263 266 288 318 339 706
11554 263 288 301 339 626 638 706
11555 83 95 119 288 301 303 336 385 506 526 626 690 706 707 728
11556 2 83 107 222 246 298 490 633
11557 83 84 266 288 303 706
11558 109 289 466
11559 83 110 152 263 288 301 303 364 728
11560 83 107 263 301 371 397 680
11561 83 288 303 706
11562 7 42 169 266 288 301 303 318 419 507 532 706 707
11563 266 288 301 303 707
11564 83 301 303 616 706 707
11565 83 84 169 252 266 288 339 706 707
11566 83 266 303 632 706
11567 42 123 169 263 266 288 301 303 507 532 706
11568 41 169 263 266 288 301
11569 83 84 85 254 301
11570 83 152 252 288 289 296 297 301 584
11571 83 512 568 744
11572 169 252 266 288 301 303
11573 108 199 204
11574 83 108 152 206 296 514
11575 83 169 266 288 301 616 632 706
11576 152 169 266 289 301 305 526 527 640 706
11577 95 288 301 526
11578 107 116 204 301 371 397 506
11579 83 152 252 266 275 288 301 652 663 706
11580 83 110 301 303 341 754
11581 41 83 110 152 263 288 301 539 660
11582 41 83 152 263 288 301 303 660
11583 83 84 110 645
11584 83 84 107 110 171 201 251 252 277 288 300 301 450 539 578 604
11585 83 288 341
11586 84 266 288 303 706
11587 84 266 301 706
11588 266 288 638 706
11589 84 252 301 486
11590 84 94 142 152 173 178 252 298 301 415 506 582 615 633
11591 39 83 140 173 201 252 279 298 301 381 422 503 520 546 572 631 633
11592 83 84 152 169 252 266 288 303 318 336 385 506 690 706
11593 42 83 119 266 303 345 385 473 481 536 709
11594 42 95 266 301 336 506 536 690 706
11595 83 110 123 152 252 266 288 298 303 539 671 706 725
11596 48 152 266 288 301 303
11597 80 83 84 107 110 111 152 178 202 252 270 301 310 418 512 520 541 572 582 604 633 643 645 753 757
11598 84 288 301
11599 22 83 567
11600 83 84 152 252 616
11601 119 169 256 263 266 273 288 301 303 318 339 616 652 653 707
11602 83 119 169 263 288 289 301 305 318 339 419 573 616 632 652 653 706 707
11603 115 288 706
11604 266 288 573
11605 5 23 64 84 89 107 149 152 201 202 219 246 252 256 293 294 298 299 301 303 338 506 541 572 582 689
11606 83 89 107 109 111 202 221 252 296 297 301 338 366 427 512 592 607 608 648 650 690 753
11607 49 55 65 80 83 85 89 107 132 160 201 245 252 288 298 301 303 356 560 572 582 626 631 633 690
11608 42 266 288 301 303 706 715
11609 83 152 266 288 301 303 527 706
11610 83 152 252 301 303 616 706 707
11611 83 123 252 266 288 301 303 339 385 527 532 626 706 707 728
11612 83 84 139 152 301 384
11613 252 266 303 706
11614 14 37 51 84 85 107 190 252 263 288 297 301 381 382 473 520 592 631
11615 80 83 84 123 160 166 201 252 263 288 298 299 301 338 345 452 478 482 487 506 572 631 723
11616 83 266 301 706 707
11617 42 48 110 182 303 584
11618 84 256 279 294 298 301 520 631
11619 14 37 51 83 85 107 152 252 288 297 301 381 382 473 487 592 633 713
11620 23 83 89 160 173 184 201 202 258 263 307 320 459 572 759
11621 37 119 266 288 301 345 487 504 706 707 719
11622 9 83 109 152 266 288 298 301 303 366 515 603 648 697 698 706
11623 42 83 243 266 303 707
11624 39 75 83 84 152 196 201 298 301 418 506 539 604 633 725
11625 83 108 152 204 206 301 526 544 625
11626 83 288 289 301 303 305 332 488 506 561 626 663 707 728
11627 123 152 169 182 252 288 301 303 385
11628 108 204 544
11629 23 65 83 84 201 220 256 303 455
11630 266 288 301 303 638
11631 51 83 84 107 238 252 301 303 391 397 556 573 585 604 617 759
11632 83 152 288 301 303 690
11633 9 83 152 169 203 266 288 339 584 616 652 706
11634 52 107 152 201 251 252 298 301 392 443 506 561 613 631 633
11635 42 83 169 266 301 616 632 640 706 707
11636 83 289 305
11637 84 152 169 252 266
11638 2 83 84 252 288 470 663
11639 40 41 169 288 301 706
11640 83 152 266 288 303 706
11641 83 288 289 296 301 305 512
11642 83 119 152 266 275 298 301 339 406 626 652 653 690 706 728
11643 42 83 169 252 288 301 303 318 487 506 536 626 706 707
11644 83 84 107 173 201 252 279 288 298 301 391 512 725
11645 58 83 84 87 134 252 288 296 298 301 338 428 499 500 506 520 572 578 602 631 736
11646 83 119 169 252 266 288 318 339 385 506 527 626 690 706 707
11647 169 266 288
11648 301 371 506 680
11649 83 95 119 169 252 288 296 301 339 385 386 388 506 527 622 626 690 706 707 728
11650 95 266 288 336 690 706 707
11651 83 84 152 252 288 339 706 707
11652 83 152 169 266 301 706 707
11653 41 169 263 266 288 301 303 527 536 706
11654 83 266 706 707
11655 14 48 80 83 84 107 110 152 160 187 188 201 202 219 246 251 252 262 288 298 385 572 631 632 636 689 725 759
11656 37 266 288 289 305 504 526 706 707 719
11657 83 84 152 172 174 251 252 288 297 298 303 354 478 479 489 512 592 690 753
11658 263 266 288 301 488 616 632 707
11659 55 83 107 110 252 263 288 297 298 301 506 520 631 690
11660 83 182 288 303
11661 9 42 83 110 119 169 252 263 288 303 308 345 494 506 539 626 728
11662 83 169 266 706 707
11663 83 110 201 227 298 301 353 380 520 539 572 631
11664 83 252 266 288 301 303 706 707
11665 83 169 266 288 301 318 632 706 707
11666 83 266 288 301 303 706
11667 83 301 303 706
11668 80 83 84 179 204 206 301 422 544
11669 108 194 204 206 544
11670 288 301 303 706
11671 83 266 301 305 640 706 707
11672 83 95 266 288 289 301 305 506 706 707
11673 152 252 266 301 303 706
11674 266 288 706
11675 83 252 266 303
11676 252 266 301 586
11677 83 84 94 149 325
11678 110 111 631 632 633
11679 256 288 301
11680 198 303 370 489 758
11681 42 107 228 301 303 423
11682 266 288 706
11683 84 171 172 173 201 202 251 298 301 310 512 520 541 577 582 622
11684 83 84 107 119 226 252 263 288 296 301 303 386 388 481 506 599 609 622 728
11685 9 83 84 148 155 173 201 251 279 298 301 310 506 539 572 631 633
11686 38 40 42 110 288 303
11687 84 110 289 301 362 392
11688 296 512 624
11689 79 83 152 251 288 301 303 468 531 539
11690 41 107 289 298 301 303 305 512 633 758
11691 23 83 84 86 128 160 171 172 201 239 301 314 380 520 572 631 633 658
11692 84 107 206 298 301 367 521 584 626 631
11693 39 83 263 301 355 407 413 640 758
11694 190 232 303 306 706
11695 15 80 108 193 194 301 330 543 544
11696 83 123 252 301 422
11697 83 84 152 301 633 725
11698 83 84 93 107 251 262 298 520 521 568 572
11699 12 58 83 84 87 107 134 152 204 252 296 303 338 356 367 428 431 506 544 631
11700 84 107 152 252 254 367 753
11701 83 152 266 288 303 616 706
11702 80 83 84 89 107 129 152 160 201 251 252 301 355 367 385 478 482 572 631 633 636 712
11703 0 47 84 89 92 201 203 246 251 288 293 294 298 301 312 448 506 572 577 759
11704 108 206 544
11705 2 254 289 301 305 385 512
11706 108 152 204 206 252 288 301 345 544
11707 41 152 288 289 301 303 341 754
11708 83 152 169 252 266 288 706
11709 37 83 84 119 252 263 288 301 487 504 707 719
11710 84 288 301 303 707
11711 266 301 303 706
11712 84 263 301 371 660
11713 83 293 367
11714 63 128 178 415 445 448 450 453
11715 83 84 89 160 171 172 288 298 354 417 572 599 626 632 643 753
11716 55 80 83 152 201 251 252 277 301 307 422 546 631
11717 2 241 355 512
11718 84 99 128 301 519
11719 49 61 83 110 288 298 301 512 541 631 725
11720 99 107 160 201 251 254 262 293 294 301 308 309 520 572
11721 83 152 204 206 301 330 544
11722 108 206 367
11723 2 83 84 107 251 288 298 512 624
11724 288 301 706
11725 84 107 116 680
11726 15 80 108 204 206 544
11727 204 206 367
11728 14 48 83 84 123 152 201 203 252 254 296 298 301 512 516 599 642
11729 204 206 367
11730 80 83 108 204 206 367
11731 37 83 84 248 301 303
11732 5 83 171 251 572 626 631 759
11733 83 182 301 303
11734 83 143 182 301 631 633 663
11735 266 301 332
11736 42 83 169 266 301 507 532 706
11737 83 119 152 182 263 301 339 526 690 706
11738 83 119 152 182 263 301 339 690 706
11739 338 594 595
11740 83 84 182 288 707
11741 266 288 706
11742 83 152 201 288 298 301 520 572 584 631 633 689
11743 84 204 206 367
11744 182 301 302
11745 83 95 119 266 339 506 626 706 707
11746 83 95 110 288 303 706 707
11747 83 152 266 288 301 706
11748 266 288 301 303
11749 83 119 152 251 252 256 266 288 289 301 305 706
11750 48 83 84 119 182 252 256 288 301 302 303 339 476 706 707 728
11751 83 107 266 288 301 426 515
11752 42 83 119 169 266 301 303 339 626 707 728
11753 83 110 266 301 303
11754 11 83 110 132 196 236 252 288 296 301 540 560 690
11755 83 84 110 119 182 266 301 339 626 706 707
11756 152 266 288 301 303 706
11757 153 196 288 301 620
11758 152 169 252 263 288 301 303 706
11759 83 288 682
11760 11 13 289 296 305 472
11761 48 83 119 301 303 339 626 707 728
11762 83 84 160 201 247 251 252 256 298 512 520 521 572 633 689
11763 84 252 266 303 706
11764 83 84 152 204 206 288 526 640
11765 83 84 160 288 298 301 354 381 578 624 690
11766 80 84 85 89 152 160 241 251 252 268 288 298 301 358 381 409 410 455 512 520 539 589 631 689
11767 83 204 206 252 301 367 544
11768 83 152 194 204 252 301 330 367 478 482 544 687
11769 83 252 288 289
11770 83 152 171 173 174 201 219 244 251 252 279 298 299 301 309 381 441 506 520 521 546 572 633 689 733
11771 47 51 83 84 107 110 111 155 201 213 251 252 254 288 297 307 380 512 520 584 592 631 753 759
11772 15 80 108 193 194 301 330 543 544
11773 84 288 301
11774 83 152 252 266 288 301 706 707
11775 91 266 288 289 303 305 690 706 709
11776 41 83 84 107 289 298 305 512 633 758
11777 84 107 201 326 620
11778 41 83 152 301 303 754
11779 83 84 152 169 252 263 288 298 301 303 506 616 652 663 728
11780 65 83 84 248 288 298 301 303 506 520 572 631 725
11781 84 107 116 296 371
11782 83 84 301 303
11783 83 119 152 252 289 301 303 305 626 728
11784 2 83 110 152 169 182 252 301 308 408 478 482 598
11785 37 83 119 122 169 252 288 301 345 367 487 504 663 707 719 749
11786 37 83 119 122 263 301 345 367 487 493 504 663 706 707 719 749
11787 7 83 119 204 301 339 626 706 728
11788 199 204 206
11789 83 107 110 252 288 301 303 341 345 487 504 719 754
11790 266 301 318 385 706 707
11791 108 204 544
11792 47 83 107 116 296 371
11793 53 83 84 89 107 238 252 301 360 391 397 556 604 617 743
11794 110 118 193 204 206 544
11795 266 275 301 305 526 640 706
11796 66 449 486
11797 80 83 252 294 298 301 631 633
11798 84 218 289 301 305
11799 266 288 301 303 626 706 707
11800 50 83 108 301 561
11801 83 160 201 251 294 354 539 598 753
11802 288 303 527 706
11803 53 83 89 238 252 288 303 360 391 397 413 556 604 617 759
11804 84 152 251 252 288 298 301 482 520 631 633 689
11805 82 83 84 85 107 110 277 279 288 294 298 301 432 604
11806 47 83 84 107 152 160 201 251 252 257 288 298 506 520 521 539 582 592 689 725
11807 83 85 110 251 252 257 301 622 657 690
11808 169 263 706
11809 79 294 301
11810 42 83 152 266 301 303 706 707
11811 83 266 288 706
11812 108 206 544
11813 79 83 84 301
11814 37 83 84 123 169 263 266 288 301 303 339 506 584 616 626 632 706 707
11815 29 84 107 112 160 201 251 252 254 288 298 301 391
11816 95 288 301 303
11817 204 514 558
11818 37 83 119 169 252 288 301 345 487 504 719
11819 83 84 201 633 712
11820 83 84 172 217
11821 9 48 83 119 152 201 248 251 252 263 288 301 339 473 487 506 512 516 520 572 631
11822 84 89 187 188 201 288 300 301 303 582 633
11823 1 83 289 305 362 753
11824 83 152 252 301 637 697 699 704
11825 84 160 301 309 391 631
11826 42 266 288 289 301 305 507 532 706
11827 83 84 288 289 301 303 305 339 616 632 638 663 708
11828 83 90 110 152 202 288 298 301 541
11829 83 169 266 275 288 318 626 706 707
11830 42 83 169 252 263 266 288 289 301 507 532 706
11831 78 83 152 201 252 298 301 358 374 400 425 506 520 568 572 633
11832 83 138 301 431 662
11833 266 303 707
11834 108 199 204
11835 95 252 266 288 706
11836 36 83 139 252 288 289 296 305 338 413 414 633 743
11837 108 204 367 514
11838 266 288 706
11839 23 83 85 89 160 201 221 251 293 294 298 338 413 414 506 599 624 633 743
11840 83 107 252 301 371 397 680
11841 83 116 288 506 680
11842 83 84 152 251 256 263 288 298 301 431
11843 108 204 367 544 558
11844 83 95 266 303 706
11845 108 204 206 367
11846 83 152 169 266 288 301 303 690 706
11847 204 206 544 625
11848 83 152 288 303 706
11849 39 83 84 110 141 152 201 251 252 263 279 301 305 427 470 506 512 520 601 631
11850 13 83 84 288 289 303 472
11851 10 11 37 83 122 169 252 263 288 301 339 345 487 504 506 626 638 707 728 749
11852 10 83 252 301
11853 10 11 13 301
11854 11 13 42 272 296 472 488 561
11855 10 13 83 84 301 472
11856 7 10 11 13 83 303
11857 42 83 84 152 243 252 266 301 663 706
11858 11 13 83 301 472
11859 11 13 169 288 301 339 472 626 728
11860 10 288 301
11861 48 83 123 152 182 251 252 288 303 507 532
11862 2 7 10 13 83 107 110 119 263 272 288 298 299 301 318 345 463 472 476 653
11863 2 7 10 83 107 110 119 288 299 301 303 318 432 463 472 476 604 706 707
11864 2 7 10 11 13 83 107 110 119 248 263 288 298 299 301 328 463 604 652 653 707
11865 2 7 10 11 48 83 107 110 263 272 298 299 301 303 318 652 653 725
11866 2 7 10 11 48 83 107 110 119 263 298 299 301 303 318 328 463 472 478 482 652 653 725
11867 10 37 83 122 169 252 288 301 303 339 487 504 506 626 707 719 728
11868 2 7 11 48 83 84 119 301 303 318 506 626 725 728
11869 10 11 252 272 301
11870 10 11 13 288 419
11871 11 83 288 301 303 472
11872 10 13 41 301 303 472
11873 11 13 83 119 252 301 472 506 626 728
11874 10 13 152 301 303
11875 10 13 252 288 303 339 385 626 728
11876 10 11 252 303 472
11877 11 13 83 288 301 472 506
11878 10 11 13 83 272 296 301
11879 11 13 84 301 303 472
11880 11 13 41 48 83 152 252 288 296 301 408
11881 10 11 38 40 110 252 288 301
11882 10 11 169 301 303 316
11883 10 11 13 288 301
11884 10 13 83 169 252 288 296 301 318 339 506 707 728
11885 10 13 301 472
11886 10 11 288
11887 7 10 11 83 252 420 506 626
11888 11 83 84 472
11889 11 288 472
11890 7 37 83 119 122 169 252 263 301 303 345 472 487 504 707 719 749
11891 204 206 330
11892 83 84 152 252 266 706
11893 3 4 53 83 89 107 166 238 252 288 290 301 360 391 397 407 413 414 542 556 604 617 759
11894 9 80 83 288 301 354 478 559 725
11895 80 301 486 506 633
11896 49 81 83 84 85 99 152 201 219 251 252 288 301 329 455 506 512 520 521 582 632 633 645 651 654 689 727 753
11897 42 84 107 152 288 301 303 506 626 728
11898 7 37 83 84 119 120 169 252 288 301 303 339 345 478 482 487 506 638 706 728
11899 108 204 206 301 303 367
11900 68 83 107 160 173 201 251 252 279 298 301 520 572 633 689
11901 80 84 152 289 301 305 539
11902 84 252 364
11903 83 84 107 110 119 123 152 169 197 201 248 251 256 263 288 298 301 303 328 352 419 463 476 495 520 539 626 631 638 652 706 707 728 753
11904 83 84 123 152 248 252 263 288 298 301 303 328 339 352 364 419 473 487 506 626 638 652 653 707 728 753
11905 15 108 475
11906 83 152 252 266 303 706
11907 83 85 89 201 254 288 298 301 303 338 356 520 572 631 632 633 651 712 727 735
11908 83 152 252 266 289 303 305 526 616 632 640 707
11909 83 288 303
11910 288 301 303
11911 78 83 84 140 149 152 201 254 298 301 354 407 414 437 441 448 455 506 512 572 574 599 633 743 759
11912 107 116 371 506
11913 84 697 698
11914 83 152 252 266 288 289 305 626 632 706
11915 83 266 301 706 707
11916 42 169 266 288 301 536 706 707
11917 266 288 707
11918 83 266 288 306 506
11919 288 301 303
11920 169 263 266 303
11921 42 83 152 266 288 303 706 707
11922 116 303 506
11923 83 84 152 169 201 251 252 263 288 301 303 520 539 631 690 706 707
11924 83 123 252 263 301 303 638 663
11925 9 83 110 119 169 201 251 256 263 288 298 301 638 663
11926 266 318 706
11927 108 204 206 301 544
11928 15 80 83 108 152 206 301 422 544
11929 108 199 206
11930 83 152 288 301 303 506 707
11931 83 266 301 706
11932 83 84 273 288 298 301 303 318 339 385 706 709 728
11933 2 252 303 423
11934 83 169 266 301 419 706 707
11935 199 204 206
11936 108 200 206
11937 83 169 266 288 301 303 706
11938 40 83 95 252 266 288 289 297 301 305 592 706 709
11939 80 83 152 204 206 252 301 367 544
11940 83 266 336 690 706
11941 5 83 84 89 110 152 201 251 252 254 293 294 298 301 309 316 354 355 367 395 512 520 572 631 690
11942 38 42 110 138 266 303
11943 83 288 303 632 706
11944 266 706 707
11945 84 107 254 354 367 381 620 631
11946 83 123 143 263 288 301 338 663 737
11947 37 41 48 84 110 119 252 288 301 345 487 512
11948 42 84 119 252 266 288 301 305 339 507 532 706
11949 43 83 123 152 169 182 252 288 301 339 345 478 584 652 663 736
11950 83 84 119 152 169 252 263 288 301 303 318 339 345 478 482 506 584 653 663 706 707 728
11951 83 266 288 301 303 690 706 707
11952 152 252 263 266 288 301 706 707
11953 83 107 152 288 289 296 301 333 334 591 611
11954 108 204 206 296 301 544
11955 83 84 92 152 252 303 506 598
11956 48 83 84 107 139 152 288 297 298 301 354 584 592 670 690
11957 83 266 275 288 301 318 626 706
11958 231 306 720
11959 169 266 288 289 301 305 339 706 707
11960 305 706 709
11961 83 266 301 706 707
11962 83 95 266 288 298 303 336 339 631 652 653 706 707 753
11963 119 169 252 266 288 301 318 339 626 707 728
11964 108 206 367 544
11965 95 266 303 706
11966 48 78 83 94 266 288 298 301 506 597 706
11967 83 84 119 122 169 263 288 301 487 504 573 638 719 749
11968 84 107 110 139 252 298 301 414 530 631 743
11969 83 152 252 266 288 301 706 707
11970 266 706 742
11971 41 152 252 301 672
11972 1 83 110 362 413 743
11973 83 266 288 318 626 706 707
11974 83 169 266 301 303 318 385 506 626 706 728
11975 78 83 84 152 171 172 263 288 301 308 339 486 506 626 631 728
11976 36 133 602 661 703 704 714 736
11977 37 83 119 266 301 706 707 719
11978 288 301 506
11979 3 4 53 83 89 107 166 238 252 288 291 301 303 391 397 407 413 414 542 556 604 617 743 759
11980 44 83 277 288 298 303 506 520 725
11981 84 107 110 111 128 156 252 263 288 301 312 381 503 506 520 591 599 631
11982 266 301 303 616 632 706
11983 119 122 123 169 252 266 288 345 487 504 707 719
11984 15 80 422
11985 204 206 330
11986 83 84 288 706 707
11987 9 83 152 251 252 266 288 298 303 633 706
11988 42 288 301 303 305 706
11989 40 41 83 263 288 289 298 301 341 345 487 718 754
11990 182 301 638
11991 40 138 301 662
11992 39 83 391
11993 83 95 169 266 288 303
11994 266 706 707
11995 83 152 169 263 301 303 611 673
11996 83 169 266 301 336 706
11997 37 83 84 152 169 252 263 288 301 303 339 473 478 482 487 706
11998 80 83 84 89 173 201 251 288 296 300 301 391 633 725
11999 42 83 119 123 169 266 288 289 303 385 478 506 626 652 653 663 706 728
12000 266 288 301 303 632 706
12001 42 83 288 301 303 663
12002 15 37 80 83 108 152 204 252 288 301 367
12003 37 83 84 152 169 252 266 288 301 303 487 504 707 719 749
12004 37 83 119 169 266 288 345 487 504 706 707 719
12005 83 84 152 252 263 288 301 506 626 728
12006 108 152 488 543 561
12007 266 288 706
12008 119 169 252 266 289 301 303 305 318 339 385 504 527 626 706 707 728
12009 83 288 303 318
12010 110 152 197 252 288 301 364 506
12011 83 266 287 318 638 706
12012 83 119 169 266 273 288 301 303 318 339 419 573 626 652 653 706 707 728
12013 83 196 296 301 478 479 624
12014 83 84 110 252 288 298 303 354
12015 41 83 152 303 485
12016 83 152 201 251 252 288 298 300 478 482 520 633
12017 266 303 706
12018 83 119 152 169 252 266 301 318 339 706 707 728
12019 9 46 77 83 84 89 107 109 152 160 201 252 268 279 288 293 294 298 301 350 354 366 369 441 506 520 572 626 631 632 650
12020 266 303 707
12021 266 288 706
12022 42 83 152 266 288 303 305 532 706 707
12023 83 152 252 288 301 507 706 707
12024 83 203 243 263 289 301 305 339 706
12025 83 119 252 263 266 274 288 296 301 303 626 706 707
12026 42 119 152 169 252 288 289 301 303 305 339 626 697 706 707 728
12027 40 83 110 138 301 303 431 573 670
12028 1 83 84 110 152 251 252 263 298 301 303 560 572 618 689
12029 266 288 301 303 706 707
12030 266 303 488 561 616 706
12031 38 40 110 138 288 301 431
12032 80 83 108 152 194 204 252 256 301 330 367 374 422 443 475 520 543 544 625
12033 83 266 288 301 318 339 626 706 707
12034 83 106 109 221 417 523 608
12035 84 110 203 301 355 475
12036 23 84 184 201 301 325 453 456 459 546
12037 23 83 92 141 184 251 277 301 325 326 506 512 546
12038 83 266 288 303 706 707
12039 84 288 301 303 707
12040 169 301 303 336 690 706
12041 83 95 169 266 301 336 690
12042 83 84 266 288 616
12043 83 288 301 385 478 559
12044 83 84 266 301 303
12045 83 266 301 706
12046 83 266 288 301 303 706
12047 41 83 152 263 289 303 341 485
12048 83 288 318
12049 252 266 303 706
12050 42 266 288 289 301 303 305 536 706
12051 83 84 110 111 152 201 251 288 301 725
12052 69 83 107 110 155 160 201 251 279 298 301 354 506 519 520 546 572 577 582 633 690
12053 42 83 169 252 301 303 532 706
12054 41 83 107 289 298 303 305 431 512 758
12055 252 266 288 301
12056 83 152 252 266 288 301 303 707
12057 6 83 266 288 301 706 707
12058 6 83 119 152 252 266 303 339 663 706
12059 266 288 706
12060 266 303 318 706 707
12061 41 84 123 152 252 266 298 301 303 631 633 706
12062 83 288 423
12063 83 84 95 152 243 252 266 301 303 318 504 706 707
12064 84 227 428 599
12065 83 152 252 266 288 303 507 532 706
12066 83 95 152 266 288 301 336 616 707
12067 83 169 252 288 301 318 706
12068 83 204 206 367
12069 7 83 119 120 169 252 288 301 339 345 626 638 707 728
12070 288 301 303 364 419
12071 288 706 707
12072 2 83 107 110 119 263 288 298 299 303 318 345 463 476 652 653
12073 84 89 184 248 288 298 301 303 325 354 487 506 512 631 759
12074 108 152 194 204 206 301 526
12075 42 80 83 84 152 252 288 298 301 303 308 339 405 408 478 487 706 725
12076 42 83 84 152 252 266 288 301 536 706
12077 48 83 108 152 204 206 367
12078 83 123 152 266 301 303 332 616 706 709
12079 266 318 385 504 706 707 719
12080 84 169 252 266 288 301 706 707
12081 23 39 43 63 83 84 107 152 154 155 160 171 172 174 201 202 251 252 288 298 301 358 381 453 456 459 475 506 520 521 541 546 572 626 631 633 687 689
12082 266 303 706 707
12083 182 288 301 319
12084 83 201 368
12085 48 83 252 266 706
12086 83 152 266 288 301 706
12087 42 83 119 123 169 266 288 298 301 305 385 482 506 626 652 653 663 728
12088 83 119 252 266 288 303 318 339 419 616 706 707
12089 182 288 301
12090 49 83 84 86 128 139 234 276 298 308 512 594 596 604 725
12091 83 84 288 303
12092 84 152 252 301 303
12093 53 83 89 107 238 252 288 301 360 391 556 604 617 743 759
12094 152 266 288 301 706 707
12095 83 84 301 706
12096 84 107 252 367 506
12097 83 169 266 288 301 318 663 706 707
12098 9 93 107 201 236 251 279 298 300 301 520 521 546 572
12099 41 83 157 690
12100 84 266 288 301
12101 169 288 706
12102 84 107 254 526 757
12103 83 183 276 288
12104 9 41 50 83 84 252 288 296 301 303 507 532 561 706 749
12105 83 95 169 243 252 273 288 301 303 336 339 640 652 653 663 707
12106 42 83 152 252 266 303 706 707
12107 301 340 707
12108 169 266 288
12109 83 263 266 288 303 707
12110 266 481 516 706 707 709
12111 2 7 48 83 107 110 263 298 301 303 318 631 652 653 725
12112 2 7 10 83 107 110 119 248 252 263 288 298 299 301 303 318 328 463 472 476 520 652 653 707 725 753
12113 83 152 243 252 289 301 303 426 515 706
12114 83 95 266 303
12115 80 83 289 301 303 305
12116 83 84 301 303 706
12117 288 706 707
12118 80 83 84 108 123 204 219 251 252 298 301 305 367 422 475 572 633 689
12119 2 201 251 298 301 310 512 541 577 622
12120 84 288 301 506 512
12121 42 83 152 169 252 266 288 301 706
12122 83 152 169 252 266 288 301 706
12123 42 152 169 252 266 288 289 301 303 385 507 706 728
12124 289 301 303 305 616 632 706
12125 83 152 252 288 712
12126 169 266 707
12127 83 119 266 303 318 339 616 632 706 707
12128 83 119 266 301 303 318 385 616 626 632 707 728
12129 84 252 266 301 303
12130 83 169 252 266 288 301 706 707
12131 38 42 110 138 303 573 662
12132 9 39 83 84 155 165 236 263 298 301 659
12133 266 288 289 318 706 707
12134 83 95 266 288 301 336 690
12135 83 169 252 266 288 301 303 318 506 616 690 706 707 723 753
12136 78 83 84 107 201 251 252 254 294 367 478 482 506 725
12137 91 266 706
12138 83 95 252 266 288 289 303 305 690 706
12139 42 83 95 152 266 301 303 706
12140 83 123 139 152 252 266 288 298 301 333 334
12141 266 303 305 318 706
12142 266 289 301 303 318 638 706
12143 83 95 266 288 706
12144 266 288 301 303
12145 169 288 706
12146 83 95 152 252 266 301 303 336
12147 95 266 288 301 336 690 706
12148 83 84 152 252 706
12149 40 41 48 83 107 119 152 169 252 263 274 288 301 303 324 345 386 487 506 584 622 626 652 663 706 728
12150 252 266 288 303 707
12151 83 288 303 706
12152 83 169 256 266 273 288 298 301 303 339 419 573 652 653 707
12153 83 119 169 263 266 301 339 419 504 573 706 719
12154 169 266 301 706
12155 83 84 266 288 706
12156 83 119 169 266 288 289 301 305 527 592 690 706
12157 83 123 143 252 263 266 288 296 301 303 305 345 482 663 690 706
12158 83 119 143 182 252 274 288 301 391 663 697 698
12159 266 288 318 638
12160 83 152 266 706 707
12161 83 110 123 152 266 288 301 303 332 506 515 725
12162 95 288 301 303 706
12163 252 301 303 706
12164 41 84 119 266 288 301 303 706
12165 83 84 110 152 197 263 288 301 303 339 506
12166 83 84 89 238 252 288 303 391 397 556 585 604 617
12167 83 266 287 318 504 706 707
12168 252 288 301 303 616 632
12169 42 83 169 263 266 288 289 301 305 318 339 419 507 626 638 653 707 728
12170 266 301 303 706
12171 40 42 83 110 169 431 662
12172 50 83 169 288 296 301 303 526 561 626 728
12173 37 83 119 169 266 288 301 345 487 750
12174 1 83 84 112 475
12175 38 42 107 123 152 169 252 263 301 303 388
12176 83 84 203 262 288 506 520 631
12177 83 119 169 263 266 288 301 303 318 345 419 487 663 706 707
12178 83 266 288 301 336 690 706
12179 42 83 95 119 123 169 266 288 298 301 303 305 385 506 707 728
12180 15 80 83 84 152 194 202 204 252 256 367 520 543 544 625 759
12181 37 83 119 169 252 266 288 487 504 707 719
12182 18 83 107 129 252 254 263 286 288 301 481 584 599 606 609 655 753 759
12183 18 83 84 107 123 129 252 254 286 288 584 599 606 609 655 753 759
12184 83 84 138 266 301
12185 83 152 266 288 301 303 339 706 707
12186 41 266 288 301 303 706 707
12187 371 506 605
12188 108 206 305 367 514
12189 83 107 252 266 275 288 296 301 318 345 386 388 487 622 663 706
12190 41 83 119 152 203 252 301 303 339 367 584 626 652 653 706 707 728
12191 83 252 288 318 706
12192 41 252 301 303 485
12193 42 83 84 252 288 301 303 506 536 626 706 707 728
12194 83 152 266 301 303 707
12195 7 42 83 84 169 288 301 419 504 507 532 638 706 707
12196 42 83 119 266 287 288 318 507 532 638 707
12197 42 83 266 301 305 706 707
12198 196 288 301
12199 2 83 201 251 263 288 301 384 413 725 743 759
12200 84 288 301 303
12201 194 204 206 367 543 544
12202 15 80 108 204 206 367 543
12203 83 182 478 523
12204 63 83 84 107 301 303 468 469 531
12205 108 199 204 206
12206 84 320 378 633
12207 84 152 263 288 301
12208 83 107 275 288 303 671 702
12209 288 301 303 331
12210 48 123 152 252 288 289 301 303 305
12211 83 152 266 288 301 303 706
12212 47 83 84 335 539
12213 31 233 370 637 699 704
12214 152 266 301 303 305 706
12215 83 84 169 266 288 301 385 706
12216 85 92 107 110 152 201 219 251 257 263 297 298 301 506 512 519 572 577 657 689 690
12217 83 152 252 266 303 706
12218 197 263 301 303 364
12219 95 266 303 690 706
12220 2 83 98 110 111 153 201 294 298 301
12221 95 169 266 301 303 488 706 707
12222 50 95 266 288 301 706 707
12223 83 107 110 111 116 296 397
12224 266 288 306
12225 83 152 266 288 301 303 706
12226 15 83 84 108
12227 15 83 152 204 206 301 367
12228 83 84 108 111 288 298 367 631 632
12229 83 95 152 252 266 301 336 690 706
12230 42 83 266 288 301 318 339 536 640 706 707
12231 48 83 84 152 252 298 303 759
12232 266 288 706
12233 83 95 252 266 288 296 301 303 318 336 622 690 706
12234 83 152 266 301 303 706 707
12235 42 83 263 288 506
12236 83 84 107 110 119 263 288 301 303 364 626 652 653 728
12237 6 236 252 301 478
12238 263 296 324 561
12239 84 468 469 531
12240 266 288 707
12241 169 266 638 706
12242 83 152 243 288 303 616 706
12243 95 288 301 303 336 690 706
12244 266 301 303 706
12245 204 206 367
12246 119 201 252 273 288 301 302 303 318 339 506 626 706 707 728
12247 49 83 84 152 160 173 201 251 262 298 299 301 350 354 506 546 629 631 633 725
12248 9 42 83 123 152 252 288 301 339 506 520 626 728
12249 39 83 84 89 107 152 160 201 251 252 263 298 301 309 347 350 572 626 631 725
12250 83 301 315 320 376 546
12251 80 83 152 202 204 252 256 301 330 422 520 541 544
12252 112 201 251 254 353 400 428 506 568 727 759
12253 1 80 83 107 109 152 187 188 201 202 251 252 298 299 369 381 417 506 643 650 689
12254 201 294 512 520 631
12255 83 119 152 252 266 288 301 616 632 707
12256 108 204 206
12257 41 83 152 301 754
12258 266 288 706
12259 15 80 194 204 206 298 301 367 422 544
12260 53 83 84 89 252 256 301 303 391 397 556 585 604 617
12261 31 33 80 84 92 102 110 173 221 298 310 428 506 512 520 572 602 607 608 633 670 697 698 702 704
12262 108 204 206 544
12263 119 169 182 263 296 301 303 345 506 626 728
12264 84 252 266 706
12265 83 84 289 305 506
12266 41 83 152 266 301 303
12267 108 204 206
12268 83 84 85 107 123 155 160 165 171 172 174 201 251 279 301 308 381 391 539 572 631 645 712
12269 83 266 288 305 318 706 707
12270 42 83 84 266 536 706 707
12271 83 84 107 110 111 288 298 572 631 667
12272 9 42 83 152 169 252 288 301 303 626 698 707 728
12273 9 83 152 266 288 296 301 303 345 697 706 707 728
12274 84 152 252 301 303
12275 108 199 204
12276 83 152 205 252 266 288 298 301 303 527 572 682 689 706 707
12277 42 84 152 169 252 298 301 303 336 527 690 706
12278 169 266 707
12279 83 107 110 152 169 288 301 303 707
12280 108 204 206 367
12281 83 266 339 385 506 663 706 707
12282 41 83 152 288 301 341 485
12283 23 47 83 84 85 107 158 206 227 252 279 288 298 301 303 459 631
12284 83 152 183 201 252 263 301 308 561
12285 266 288 303 632 706
12286 169 252 266 301 303 507 532 706 707
12287 42 152 169 252 266 288 301 303 305 507 520 706 707 708
12288 83 152 169 266 296 301 488 539 561 706 707
12289 83 182 301 303 318 319 707
12290 263 266 288 301 303 706
12291 83 110 152 288 296 298 301 303 633 690
12292 80 83 301 352
12293 7 83 84 266 301 303 318 419 507 532 638 706 707
12294 83 160 173 298 301 400 403 546 568 572 604 618 631 633 651 711 753
12295 266 303 706
12296 38 110 138 288 303 706
12297 62 80 83 84 85 152 173 196 234 252 263 303 422 512 560
12298 37 119 169 266 288 301 345 504 706 707 719
12299 289 305 706
12300 39 84 263 631
12301 95 266 288 303 706
12302 40 110 138 266 301 303
12303 83 119 169 263 273 288 289 301 303 339 506 626 663 706 707 728
12304 83 252 266 301 303
12305 95 266 288 301 706 707
12306 83 110 182 218 266 288 301 527 584 706
12307 266 288 303 706 707
12308 83 119 169 252 263 288 301 305 318 339 419 487 663 706 707
12309 288 706 707
12310 42 266 303 532 706 707
12311 47 83 252 288 301 339 615
12312 39 83 152 160 201 252 294 298 301 725
12313 48 110 111 294 296 512
12314 41 83 119 169 252 263 266 288 289 339 532 638 706 707
12315 152 288 301 303 706
12316 266 288 303
12317 84 99 254 298 301 355 444 546 584
12318 83 84 107 110 298 301 444 546 572 584
12319 42 83 84 119 123 152 169 252 263 273 288 298 301 303 339 408 626 707 725 728
12320 50 83 107 152 205 251 288 296 298 301 303 339 386 388 506 561 572 622 626 633 689 707 728
12321 83 266 303 706 707
12322 2 83 161 196 227 248 279 301 307 391 479
12323 84 152 266 288 301 303 706 707
12324 38 40 42 83 119 138 152 266 288 298 301 303 339 626 652 653 706 707
12325 9 42 82 84 123 201 212 301 303 520
12326 119 152 252 266 288 301 506 626 706 707
12327 84 288 301
12328 83 84 107 152 252 288 296 298 386 506 622
12329 83 90 152 160 252 298 301 428 475 506 520 572 626 632 633 642
12330 83 84 107 152 167 201 251 252 296 298 506 512
12331 83 169 243 266 288 301 706 707
12332 83 84 152 169 252 266 288 706
12333 14 77 83 152 201 251 252 266 289 298 301 303 503 572 620 633 689
12334 80 128 301
12335 152 266 288 301 303 706
12336 83 84 266 275 288 301 706 707
12337 83 203 266 301 332 706
12338 37 79 83 84 109 122 169 201 251 263 288 301 345 369 391 487 504 633 648 707 719 749
12339 37 83 109 119 122 263 301 345 369 487 504 648 706 707 719 749
12340 83 182 252 296 298 301 303 478 482 512 515 663 690 742
12341 33 48 83 152 252 288 298 301 475 498 512 520 604 759
12342 169 182 288 301 303 332 706
12343 152 232 252 266 288 298 301 303 385 506 603 626 706
12344 83 84 152 251 256 288 298 303 758
12345 23 80 84 107 152 174 252 279 297 298 300 301 400 459 506 520 521 572 592 631 713
12346 95 266 301 303 336 706
12347 152 288 301 516 690 759
12348 83 152 197 252 288 301 364 626 728
12349 83 152 252 301 303 526 706
12350 266 288 301 303 706
12351 83 84 152 169 252 266 288 301 303 339 707
12352 42 83 152 169 266 288 301 532
12353 42 266 288 303 318 419 507 532 706 707
12354 84 107 110 204 296
12355 182 296 540
12356 169 301 339 506 626 706 707 709
12357 83 152 266 288 706 707
12358 83 110 157 203 296 298 631 725 759
12359 83 152 252 301 303
12360 107 110 288 301 303 339 341 754
12361 40 42 83 110 152 169 252 266 301 706
12362 83 266 288 301 303 616 706
12363 83 84 201 251 252 279 298 301 309 354 643 725
12364 83 169 266 288 301 303 706 707
12365 15 80 83 123 194 204 206 288 301
12366 37 169 266 288 301 345 487 504 706 707 719
12367 84 266 303 706
12368 83 266 288 301 303 706
12369 95 266 288 301 336
12370 46 83 152 252 266 288 296 303
12371 84 201 248 362 633
12372 266 288 301 303
12373 83 288 303 706
12374 83 266 288 303 706
12375 169 303 706 707
12376 169 266 288 303 318 706 707
12377 83 160 201 298 300 301 347 521 572 601
12378 83 152 197 263 288 301 364 626 640 728
12379 83 110 152 197 252 288 301 626
12380 169 266 706
12381 41 84 107 289 298 303 305 431 512 633
12382 266 303 706
12383 42 47 84 110 128 190 201 219 251 288 298 300 301 303 479 599 633 689 712 725
12384 7 169 266 288 301 419 707
12385 50 83 266 303 539 561 616 706 707
12386 266 706 707
12387 83 95 169 263 266 288 301 336 638 706 707
12388 83 252 266 301 706
12389 83 84 152 266 303 706
12390 266 706 707
12391 83 111 116 152 263 288 301 506 539
12392 80 83 108 152 296 301 753
12393 84 201 530
12394 152 252 266 288 301 706
12395 83 123 152 169 252 301 303 506 626 706 728
12396 83 84 107 110 152 162 196 201 219 248 251 252 298 299 301 325 381 475 520 572 584 631 633 635 689 721
12397 39 51 78 83 84 85 107 152 178 201 227 251 252 263 288 297 298 303 385 455 512 520 560 584 592 594 604 633 690
12398 42 83 266 301 536 706 707
12399 266 303 707
12400 10 11 13 83 288 472
12401 169 252 266 288 301 318 339 706 707
12402 48 84 119 152 169 251 252 288 301 303 318 339 506 706 707 728
12403 83 252 288 289 301 303 305 318 339 419 616 632 706 707
12404 169 205 219 251 266 288 298 301 303 706 707
12405 84 252 288 301
12406 266 288 706
12407 23 76 80 83 84 110 152 160 171 172 174 201 251 252 298 301 381 382 407 413 414 459 478 512 520 539 572 582 598 612 631 633 635 645 743 753
12408 169 266 706
12409 80 108 194 204 206 367 422 544
12410 39 83 110 152 355 413 414 539 758
12411 108 204 367
12412 83 266 288 305
12413 152 252 301 341 754
12414 47 83 86 107 163 203 213 288 301 307 414 422 633 725 743
12415 83 266 301 303
12416 152 288 301 303
12417 42 83 119 252 263 266 288 301 303 626 652 728
12418 83 84 107 110 153 201 209 288 512
12419 84 209 254 301 512 599
12420 83 301 331 506 663 706
12421 84 107 201 251 256 293 294 298 301 432 520 546 572 604 620 624 626 633 690
12422 83 119 123 252 266 288 301 339 706
12423 83 288 303 690 706
12424 527 706 707
12425 288 301 303
12426 48 83 84 152 169 182 251 252 288 301 487 539
12427 119 169 263 266 301 339 419 652 706 707
12428 83 84 89 107 152 288 303 316 367 391 512 539 604
12429 42 266 288 289 301 303 706
12430 48 50 83 86 233 263 296 298 301 354 369 479 488 561 572 631 648 650 725
12431 5 83 84 301 324 530
12432 83 152 252 303 632 706
12433 83 108 204 206 301 330
12434 83 152 288 301 303 706
12435 37 83 119 169 252 288 301 303 345 487 504 706 719
12436 288 706 707
12437 37 83 119 169 243 266 288 301 303 504 707 719
12438 42 83 119 169 263 266 288 301 318 419 616 632 652 707
12439 42 83 119 266 288 303 318 507 532 706 719
12440 80 83 152 252 294 298 301 478 482 512 687 759
12441 83 84 152 252 266 288 303 367 706 707
12442 42 83 263 266 288 301 345 507 532 706
12443 266 288 707
12444 83 107 152 266 288 301 303 367 706 707
12445 41 252 301 303 341
12446 169 266 288 301 706
12447 84 266 298 301 381 402 506 520 706 753
12448 29 80 84 128 201 251 298 301 520 572 631 633
12449 83 84 89 160 203 288 289 298 301 305 354 478 479 506 725
12450 83 84 169 252 263 288 296 301 303 339 473 706 719
12451 83 143 288 303
12452 37 42 288 301 473 626
12453 83 266 288 706 707
12454 83 266 288 303 706 707
12455 7 42 83 84 288 301 303 318 419 507 532 638 719
12456 83 84 153 160 294 307 308 613 748 759
12457 83 266 303 706 707
12458 83 110 152 169 263 288 301 303
12459 37 83 119 122 169 263 266 301 487 706 707 719
12460 266 303 706
12461 2 23 37 83 84 119 122 152 160 169 252 263 288 298 301 303 345 487 493 506 572 582 626 663 728 749
12462 42 83 95 119 123 169 266 288 298 303 305 478 626 706 707 728
12463 37 83 119 122 266 288 301 487 493 504 707
12464 83 95 107 119 169 252 288 296 301 303 318 339 386 527 539 626 690 706 707 728
12465 50 83 152 169 252 263 266 303 488 706 707
12466 83 94 288 300 301 312 354 407 414 506 577 622 759
12467 37 83 266 301 706 719 749
12468 10 11 13 80 83 119 169 252 301 663 728
12469 95 266 288 289 297 301 303 305 336 706 707
12470 83 119 152 169 252 266 288 289 301 305 506 626 706
12471 84 266 301 303 663
12472 55 78 83 84 92 123 201 236 298 301 307 310 374 474 512 572 607 608 631
12473 12 48 58 83 84 87 89 107 123 188 251 252 298 301 303 338 356 374 381 428 431 475 503 512 547 626 631 636
12474 83 152 288 301 303 616
12475 83 110 288 302 303
12476 83 169 288 289 301 305 690
12477 83 84 141 152 160 171 172 173 202 279 298 301 307 309 520 572 615
12478 266 706 707
12479 48 83 84 107 160 252 279 301 309 367 520 521 626 631 725 731
12480 83 111 152 182 301 303
12481 83 95 152 266 288 706 707
12482 42 152 169 266 301 532 706 707
12483 83 169 182 263 288 298 332 506 626 663 682 706
12484 49 78 83 85 110 186 187 188 263 310 325 506 520 572 587 631 633 725 759
12485 366 648 650
12486 9 83 110 111 119 169 182 252 288 301 303 308 345 652 653
12487 83 152 252 266 301 303 340 385 626 706 728
12488 266 288 303
12489 119 252 288 289 296 301 303 305 690 706 707
12490 39 83 84 89 252 279 288 298 299 303 335 350 361 455 475 546 631 725 731 732
12491 83 84 288 298 301 303 398 512 521 572
12492 2 84 107 110 152 198 355 356 370 379 475 520 539 577 633
12493 266 288 706
12494 84 169 266 288 301 707
12495 266 303 706
12496 266 303 706 707
12497 83 108 204 206 330 514
12498 5 83 251 288 298 301 631
12499 65 83 84 298 301 303 470 753
12500 288 706 707
12501 80 108 204 301 330 544
12502 108 199 206
12503 107 110 182 288 301 707
12504 263 301 303 663
12505 83 119 266 288 289 303 507 532 640 706 707
12506 83 95 252 266 288 298 301 385 506 626 706 707
12507 83 152 169 288 289 301 303 305 318 616 632 640 707
12508 83 252 266 706
12509 83 169 206 301 367 526 638
12510 84 222 506 633
12511 83 152 266 288 303 706
12512 83 107 110 197 364 631
12513 37 83 119 122 169 252 263 288 301 345 367 487 504 707 719 749
12514 108 199 206
12515 1 48 153 294 355 624
12516 48 83 123 152 182 252 288 301 303 506 670
12517 28 39 42 83 107 123 169 182 263 273 288 293 294 298 301 303 312 339 345 473 506 626 628 638 707 728
12518 289 305 479
12519 169 182 301 303
12520 83 169 182 301 303 339 506 626 728
12521 252 266 288 706
12522 83 152 252 266 289 301 303 616 632 706
12523 169 288 706 709
12524 108 301 544 625
12525 42 83 266 303 516 536 706 709
12526 42 83 205 252 266 298 301 516 689 706 707 709 753
12527 50 83 152 252 266 296 301 561 706 707
12528 50 95 152 252 266 288 296 301 303 488 539 707
12529 83 266 301 706
12530 84 152 252 288 301 506 512 633
12531 83 169 266 288 289 301 305 318 339 419 707
12532 169 266 303 706
12533 42 83 84 107 152 201 251 252 263 288 296 298 303 386 388 408 478 572 622 633 689
12534 83 95 152 266 288 303 526 690 706 707
12535 50 95 266 288 301 706 707
12536 50 83 95 152 252 266 301 526 539 561 706 707
12537 83 169 243 252 288 296 301 488 561 584 706
12538 266 301 706
12539 83 266 301 706 707
12540 84 266 288 303 707
12541 42 109 366 369 507 650
12542 252 288 303
12543 83 205 219 251 266 298 301 303 638 706 707
12544 83 84 116 296 397 506
12545 95 266 288 303 336 690 706
12546 266 288 303 305 318 638 706
12547 42 83 119 122 252 263 266 288 301 303 345 504 527 707 749
12548 266 288 318 706 707
12549 42 83 123 201 251 252 288 298 354 512 651
12550 39 42 83 123 152 252 266 301 303 308 527 536 599 706 709
12551 266 288 706
12552 83 95 152 169 252 266 288 301 336 345 526 640 690 707
12553 152 169 266 303 706 707
12554 83 301 303 380 727
12555 169 263 266 289 301 305 318 339 352 419 706 707
12556 110 152 182 252 301
12557 7 169 266 301
12558 37 83 108 206 301 367 487 504 707 719
12559 83 152 266 303 706 707
12560 266 288 303 706
12561 83 95 266 303 706
12562 190 263 266 288 296 301 303 507 532 622 706 707
12563 200 204 367
12564 83 152 182 302 303 352
12565 152 266 288 301 303 706
12566 83 169 266 288 289 318 339 352 419 573 706 707
12567 41 83 152 169 204 206 301 303 367
12568 15 80 107 108 204 206 301 330 544
12569 152 266 301 303 616 632 706 707
12570 42 48 83 152 252 263 288 301 303
12571 41 83 152 288 303 485
12572 42 119 123 152 169 252 266 301 303 385 626 652 653 706 707
12573 108 204 625
12574 266 288 706 707
12575 83 152 252 266 506 527 706 707
12576 41 83 152 301 303 341
12577 83 84 196 201 202 247 248 252 256 298 470 572 633 657 689
12578 42 83 152 169 266 532 706 707
12579 23 83 84 152 165 201 202 251 252 298 301 374 506 512 520 676 690
12580 108 204 206 252 288 301 303 367
12581 83 119 152 252 266 288 303 506 536 626 706 707
12582 42 83 266 288 303 536 706 709
12583 83 152 252 301 303 706
12584 42 152 169 252 266 288 706 707
12585 84 108 152 204 301
12586 108 204 206 301 303
12587 83 95 301 706
12588 42 83 169 263 266 289 301 303 305 318 339 419 573 616 632 652 653 706
12589 83 263 288 303 527
12590 266 288 301 303
12591 83 266 288 706
12592 42 83 84 232 288 301 303 318 419 504 507 532 706 707 719
12593 83 288 301 339 407 413 663 743
12594 266 303 706
12595 119 169 252 266 288 301 318 339 706 707
12596 52 83 84 85 107 110 152 187 201 219 251 252 263 288 298 301 326 354 391 478 479 546 572 632 689 725 731
12597 288 301 303
12598 169 266 288
12599 83 266 301 318 527 626 706
12600 221 396 608 677 678
12601 83 169 252 266 288 303 339 626 706 707
12602 266 303 706 707
12603 169 266 288 301 303 318 339 385 506 626 690 707 728
12604 84 89 107 124 301 633
12605 83 95 266 288 301 506 706
12606 41 83 95 110 169 252 263 288 297 301 303 305 318 339 506 592 626 690 707 728
12607 37 40 48 83 110 122 123 138 152 169 252 263 275 288 298 301 303 345 487 504 707 719 749
12608 2 55 76 84 141 160 166 173 178 256 279 298 301 310 316 380 395 403 437 455 506 520 546 572 642 654 727
12609 301 353 367 530
12610 83 371 506 680
12611 48 80 83 84 110 111 201 251 256 279 301 308 325 459 506 512 520 546 631 753
12612 266 301 305 706
12613 83 108 200 204 206 288
12614 83 110 197 301 364 506
12615 83 84 160 201 298 381 503 572 596 620 626 631 632
12616 84 288 301 303 381 402
12617 83 152 266 301 303 706
12618 83 266 288 289 305 706
12619 83 152 266 288 301 303
12620 95 266 301 303 706
12621 83 152 252 266 288 301 706
12622 83 182 301 303 339 706
12623 83 266 288 303 706
12624 33 83 84 139 160 202 252 506 602 631 637 670 703 736 759
12625 83 84 298 303 422 631 633 725 753
12626 41 83 107 289 298 301 303 305 512 758
12627 9 77 83 84 85 89 252 288 301 308 345 354 473 478 479 512 520 546 559 572 599 604 609 631
12628 16 83 107 201 251 288 298 301 631 636 759
12629 95 266 706
12630 7 83 152 252 288 303 364
12631 110 251 354 631 632 633
12632 80 83 198 254 320 520 521
12633 2 48 55 60 83 84 152 252 271 281 301 308 325 428 490 516 604 620 733
12634 84 107 201 251 256 294 301 303 512 568 758
12635 83 296 301 512 758
12636 83 152 288 301 486 631 633
12637 84 301 353 489 591
12638 83 84 85 152 254 288 294 301 367 512 546 753
12639 152 252 266 288 301 706
12640 9 83 84 152 201 232 252 266 288 298 301 520 527 572 631 706 708
12641 39 83 84 288 422
12642 39 84 123 288 301 422 753
12643 78 83 85 279 298 301 354 506 520 631 645 657 727
12644 84 252 301
12645 83 84 266 301 706
12646 79 83 107 296 298 301 512 725
12647 42 83 266 288 303 706 707
12648 193 204 206 251 298 301 367 544 561 633
12649 15 80 83 108 193 194 330 543 544
12650 83 169 266 301 303 318 706 707
12651 36 83 99 107 152 288 301 417 592
12652 40 138 301 431
12653 172 303 512
12654 83 288 296 690
12655 83 84 107 114 152 242 297 298 584 602 670
12656 83 107 110 152 252 298 301 339 385 663
12657 83 98 110 204 206 254 354
12658 83 95 266 301
12659 83 84 110 152 201 217 256 288 298 301 325 409 410 633
12660 23 47 83 160 253 279 298 301 400 455 459 506 568 633 731
12661 252 301 303 706
12662 6 83 107 110 182 251 256 288 626 707 728
12663 83 289 303 305 540 753
12664 301 332 706
12665 42 83 169 288 303 507 532 706 708
12666 83 119 301 339 526 663 690 707 728
12667 48 83 84 196 251 252 256 301 325 506 512 520 631
12668 52 79 84 356 546
12669 83 288 303 706
12670 9 39 47 83 84 85 89 152 153 201 213 251 279 288 298 299 301 303 312 316 358 381 382 437 478 479 506 520 521 546 632 725 728 731
12671 9 41 83 119 123 169 252 288 296 301 303 339 707
12672 83 266 301 706
12673 83 107 182 252 288 296 298 301 478 512 690
12674 9 39 83 84 112 152 160 173 218 252 254 279 298 367 410 433 601 602 631 733 736
12675 266 288 301 303 506 626 706 708 728
12676 107 266 288 303 706
12677 266 288 706
12678 288 301 404 405
12679 23 65 83 84 86 92 140 160 178 201 252 265 298 301 309 379 380 442 450 521 526 539 546 568 572 590 598 727 748 759
12680 83 123 152 165 169 182 252 288 298 301 478 482 687
12681 332 515 682
12682 83 111 204 206 296 301
12683 83 84 169 252 266 288 303 385 506 626 707 728
12684 83 84 110 288 296 301
12685 83 110 157 252 289 298 301 303 403 414 417 506 725 743
12686 42 83 152 252 266 288 303 584 706
12687 79 83 84 107 288 298 301
12688 84 152 252 288 303 706
12689 84 107 153 160 254 279 311 475 618 624 631 684 712
12690 80 83 84 110 139 227 252 298 301 308 520 631
12691 83 119 143 169 266 288 296 301 318 388 706 707
12692 84 89 238 252 288 301 303 360 391 397 585 604 617 759
12693 3 4 53 89 107 166 238 252 288 301 303 360 391 397 407 413 414 542 556 604 617 743 759
12694 83 108 204 367
12695 47 83 84 85 107 152 160 173 201 279 301 358 457 506 512 520 626 731 733
12696 182 288 301
12697 83 84 486
12698 83 252 301 303
12699 80 83 152 252 288 298 301 303 506 520 572
12700 266 288 301 303
12701 83 288 303 706
12702 83 119 152 169 252 266 288 289 301 305 584
12703 108 118 204 206 558
12704 83 197 301 364 419
12705 65 83 152 252 266 296 303 307 332 385 622 663 706 707
12706 53 83 84 89 107 238 288 301 360 391 397 413 556 604 617
12707 22 80 83 84 98 107 152 288 301 584 613
12708 83 84 152 252 303 633
12709 83 84 152 202 289 297 298 304 305 310 312 592 632
12710 84 116 301 397 605 679
12711 83 182 226 301 473 481 609
12712 84 301 371 397 660 712
12713 84 107 116 301
12714 51 154 252 437 619
12715 48 83 123 139 152 182 289 301 303 305 540
12716 83 252 288 303 423
12717 83 120 169 252 288 298 301 303 339 512 572 652
12718 266 288 707
12719 84 131 288 301
12720 83 152 252 266 288 289 301 303
12721 15 80 193 194 254 301 309 330 543 568 759
12722 108 204 206
12723 152 252 288 301 637 698 699 704
12724 65 84 201 263
12725 83 152 169 252 288 289 301 303 305 339 536 652 707
12726 83 84 152 201 251 298 303 506 520 572 723
12727 48 83 107 110 424 633
12728 2 83 84 119 152 201 251 252 274 288 296 301 303 305 328 339 478 482 494 506 626 663 707 728
12729 41 83 110 152 263 288 289 296 301 303
12730 83 266 301 303 706
12731 42 65 83 248 256 263 273 288 301 345
12732 195 206 514 544
12733 83 84 169 288 289 301 303 305 339 419 616 632 663 707 708
12734 42 83 119 266 288 289 301 507 532
12735 83 84 204 288 367 506
12736 83 84 110 152 177 248 252 301 506 725
12737 288 303 706
12738 11 37 83 119 122 169 263 301 345 487 493 504 706 707 719 749
12739 83 152 182 252 288 289 301 305 345 482 540
12740 38 83 138 431
12741 266 288 707
12742 83 204 206 301
12743 47 83 84 123 173 251 252 254 288 298 301 303 475 736
12744 169 288 301
12745 107 116 152 252 301 397 680
12746 65 83 84 303 442 506 638 641
12747 152 252 288 301 303
12748 83 152 213 251 288 301 512 759
12749 83 99 153 187 289 301 303 305 385 396 417 474 506 608 633 759
12750 266 288 301 706
12751 266 288 706
12752 10 13 272
12753 10 11 13 83
12754 11 13 472
12755 10 11 13 107 123 288 296 303 385 472
12756 10 11 301 472
12757 13 83 84 288 472
12758 10 11 110 139 169 288 472
12759 10 11 13 123 301 385
12760 10 11 13 83 288 301 303
12761 11 13 84 301 303
12762 10 13 84 472
12763 10 11 288 301 472
12764 10 11 13 119 169 339 472 728
12765 10 13 139 169 288 301 339 472
12766 10 11 13 119 139 301 339 472 626 728
12767 10 13 83 288 472
12768 7 11 48 119 169 288 298 299 301 303 318 506 626 652 653 725 728
12769 2 7 10 11 13 83 107 110 119 263 299 301 303 328 345 463 472 476 652 653 725
12770 2 7 10 48 107 119 263 272 288 298 299 301 303 318 472 652 653 725
12771 11 13 318 472
12772 7 10 13 169 301 318
12773 2 7 10 48 83 107 119 263 288 298 299 303 318 463 472 478 482 506 626 652 653 725 728
12774 10 11 13 318
12775 2 7 13 48 83 110 169 263 288 298 303 318 506 626 652 653 725 728
12776 2 7 10 48 83 119 263 288 298 303 318 472 506 652 653 725 728
12777 11 13 48 83 107 119 263 288 299 301 303 318 463 472 478 482 506 626 652 653 687 725 728
12778 2 7 13 83 107 110 119 248 263 298 299 318 352 652 653
12779 7 11 13 83 119 289 298 299 301 318 472 506 626 728 753
12780 2 7 11 48 83 107 110 119 263 288 298 301 303 318 463 478 482 506 626 652 653 687 725 728
12781 7 10 13 48 83 110 119 288 289 298 299 301 318 463 506 626 652 653 725 728
12782 169 266 301 303 616
12783 9 13 83 169 252 288 296 301 303 308 419 472 506 520 539 626 631 712 728
12784 11 13 48 119 169 252 288 301 303 318 339 626 633 707 728
12785 10 13 42 83 84 288 296 301 303 339 419 472
12786 11 13 83 152 252 272 301 758
12787 10 11 13 272 303 472
12788 10 11 13 83 472
12789 10 11 288
12790 10 301 472
12791 11 13 303 472 488 561
12792 10 13 252 288 301 303 472
12793 10 11 13 41 301 303
12794 10 11 13 472
12795 10 11 13 288 296 301 303 506
12796 83 84 85 128 252 298 301 303 374 503 512 599
12797 10 84 288 472
12798 10 11 83 152 169 252 296 301 626 728
12799 10 11 13 83 119 169 296 301 303 472 728
12800 10 11 13 252 288
12801 11 301 303 472
12802 10 11 13 301 307
12803 10 11 41 83 152 288 296 301 303
12804 11 83 252 301 303
12805 11 13 80 123 152 252 263 288 298 301 303 663
12806 10 11 169 252 288 303 472 482
12807 38 40 42 83 110 119 138 252 288 301 303 318 339 478 482 506 626 706 707 728
12808 9 10 11 80 83 119 169 252 263 288 296 301 339 487 488 561 626 728
12809 10 11 13 83 252 274 288 303 339 506 626 707
12810 48 84 92 98 157 298 317 506
12811 10 11 37 119 169 288 301 303 472 504 719
12812 11 13 288 301
12813 13 288 472
12814 11 37 83 119 122 169 263 301 345 487 493 504 706 707 719 749
12815 10 11 288 303
12816 10 13 83 252 272 301 303 472 478 482 753
12817 10 11 80 152 288 301
12818 10 11 301 472
12819 49 171 172 298 409 520 521 572 633
12820 10 13 84 301 303
12821 11 13 288
12822 10 13 84 472
12823 10 83 288 289 303 472
12824 11 13 288 472
12825 83 303 706 707
12826 66 83 201 254 298 300 301 338 572 631 633 657
12827 252 266 303 706 707
12828 38 138 301 431
12829 62 80 83 84 108 206 254 256 279 301 367 391 423 520 530 558 631 753
12830 40 42 110 138 152 252 266 288 289 301 303
12831 83 152 182 252 288 298 301 303 616 632
12832 39 55 80 83 85 89 107 123 152 173 196 201 202 239 252 254 288 298 301 512 518 520 539 557 582 633 717 757
12833 15 108 544
12834 5 23 48 80 83 84 89 93 107 140 201 236 239 244 246 251 252 257 288 298 301 367 451 459 478 506 518 520 546 572 622 631 633 725 753 759
12835 15 83 108 330 544
12836 83 84 107 110 119 123 152 169 197 201 248 251 252 263 288 298 301 328 339 352 419 463 476 487 495 520 626 631 638 652 653 707 728
12837 83 84 107 119 123 152 169 248 251 252 263 288 301 303 328 339 352 419 487 495 506 626 638 652 653 706 707 728 753
12838 83 84 107 119 123 152 169 197 248 252 263 288 298 301 303 328 339 352 419 473 487 495 506 626 638 653 707 728
12839 15 80 83 108 152 252 301 422
12840 48 83 152 288 301 325 539 758
12841 266 288 303 706
12842 83 252 263 301 670
12843 84 252 301
12844 42 73 296 303 308
12845 83 107 152 156 201 251 252 279 288 298 301 356 623 631
12846 80 83 84 160 251 252 263 288 293 298 299 301 506 520 631 689 690
12847 83 152 305 560 698
12848 15 83 84 108 204 252 301 367
12849 41 84 289 298 301 303 305 512 633 758
12850 83 169 266 706 707
12851 42 83 84 266 275 288 301 303 309 404 405 707
12852 23 55 89 123 128 160 174 201 239 279 301 338 357 459 475 521 539 582 631
12853 23 39 83 160 173 301 317 350 461 539
12854 83 152 301 367 436 506 512
12855 39 48 80 83 152 160 201 219 251 252 263 279 293 294 298 301 358 441 539 572 633 689
12856 80 83 301 303
12857 15 80 83 152 194 201 204 301 367 422 520 521 544 725
12858 266 288 301
12859 41 288 301 331 603
12860 41 83 107 169 252 263 288 301 331 478 603 622
12861 9 83 110 119 201 251 252 256 263 288 298 303 339 551 663
12862 83 110 155 169 201 251 252 256 263 273 288 298 301 339 663
12863 83 252 266 288 301 706 707
12864 80 84 107 201 293 294 298 317 355 381 391 413 546 568 624 631
12865 83 108 206 330 544
12866 83 84 252 263 266 301 303 339 526 584 706 707
12867 41 252 263 266 301 303 659 706
12868 83 84 110 301 312 642
12869 83 95 152 169 288 289 301 303 305 318 339 385 506 626 706 707
12870 41 83 110 263 289 298 301 341 345 473 485 718 754
12871 83 84 89 107 139 152 252 276 288 298 384 391 407 413 478 506 512 520 523 560 602 604 725 736 743 759
12872 48 83 84 107 110 152 153 183 201 251 252 288 301 356 432 459 503 512 572 599 604 618 631 632 712 759
12873 83 152 266 288 289 301 303 305 339 626 706
12874 83 84 89 238 301 303 360 391 397 585 604 617 759
12875 83 95 252 266 301 303 305 690 706
12876 48 83 232 243 288 303 527 616 632 706
12877 266 288 706
12878 83 152 252 274 296 301 303 663
12879 42 288 289 301 303 305 536 706 709
12880 59 83 84 201 261 294 298 317 355 568 628
12881 7 266 288 301 318 419 507 532 706 707
12882 80 83 206 278 301 367
12883 108 204 206 544
12884 41 266 288 303
12885 2 83 85 86 171 256 301 574 624 635
12886 37 50 83 95 169 252 266 288 301 303 336 339 690 706 707
12887 83 152 252 266 288 488 561 706 707
12888 84 288 301 626 631 633
12889 51 154 301 437 619
12890 83 152 252 301 303
12891 83 266 301 706
12892 83 252 266 303 706
12893 83 288 754
12894 65 83 288 289 303 512
12895 84 94 160 252 256 298 301 303 391 506 633 645 759
12896 288 301 303 631
12897 83 266 303 706 707
12898 40 42 83 84 107 119 252 254 263 273 288 301 303 318 339 367 663 687 706 715
12899 9 43 83 123 152 169 221 252 263 288 296 298 301 303 408 478 482 506 540 607 608 615 626 663
12900 80 288 303 640
12901 83 123 152 301 423 673
12902 83 111 152 301 303 706
12903 42 83 123 152 263 288 301 303 527 536
12904 84 104 288 301 303
12905 50 65 83 90 107 111 252 288 296 298 301 303 380 407 413 481 512 543 604 619 631 690 727 743 753 759
12906 48 80 107 139 173 298 367 478 512 523 546 560 602 736 744
12907 84 107 152 176 252 296 301 397 506 512
12908 83 152 288 296 301 351 753
12909 83 107 110 152 263 288 297 298 301 512 560
12910 95 152 252 301 303 336 706
12911 83 266 289 301
12912 37 42 83 119 122 266 288 303 345 487 493 504 706 707 719 749
12913 48 83 152 252 298 301 325 512 539
12914 83 95 152 252 266 301 303 336 690 706
12915 83 84 95 152 252 266 288 301 706
12916 83 84 110 116 296 371 397
12917 107 288 301 371
12918 169 266 301
12919 9 42 83 107 110 152 252 263 288 301 506 526 640 728
12920 83 252 288
12921 108 152 204 206 252 301 367
12922 53 83 89 107 252 256 301 391 397 556 585 604 617 759
12923 83 84 86 107 152 160 251 252 288 298 301 506 512 520 572 631 756
12924 23 48 83 86 107 110 152 178 251 252 263 298 301 459 506 598 601 633 689 690
12925 83 84 86 107 110 128 160 201 221 251 252 279 288 298 301 303 356 367 385 520 607 631 725
12926 266 318 706
12927 83 169 252 266 288 303 506 652 706 728
12928 37 83 84 123 152 169 252 266 296 298 303 584 707
12929 252 266 288 301 303 707
12930 40 42 83 95 138 266 298 301 706
12931 83 95 266 288 301 303 640 690 709
12932 42 119 123 169 288 301 303 339 385 507 532 626 652 706 707 728
12933 2 5 83 84 98 110 152 288 294 296 298 301 506 512 725 759
12934 266 288 706
12935 83 266 288 504 638 706
12936 83 122 252 288 301 303 345 487 504 616 632 707 719 749
12937 83 152 266 301 303 706
12938 288 301 512
12939 182 288 303
12940 83 252 288 303 423
12941 83 84 185 252 298 303 520 572
12942 83 84 252 323 365 539 549
12943 239 288 301
12944 83 89 107 238 252 301 391 397 556 585 604 617 759
12945 83 84 152 251 252 298 301 303 318 385 506 527 626 706 707
12946 7 42 83 84 288 301 318 419 504 507 532 638 707
12947 84 152 251 252 263 288 298 301 303 304 312 506 520 657
12948 3 4 83 89 152 166 238 252 288 290 301 360 391 407 413 414 542 556 604 617 743 759
12949 40 83 152 252 266 288 301 616 632 706
12950 2 39 84 89 107 254 294 298 301 355 367 381 512 520 572 604 622 631 632 712
12951 108 204 206 367
12952 83 95 119 122 169 243 266 288 301 345 504 707 719
12953 78 80 140 277 450 457 458 461 506 508 620 759
12954 83 84 288
12955 83 152 252 288 301 512 539 619 690 753 759
12956 84 203 453 456
12957 83 84 152 252 288 301 706 707
12958 108 204 206 289 367
12959 108 206 367
12960 51 83 98 152 254 263 288 289 301 305 690 759
12961 83 84 86 89 110 152 221 251 256 259 263 279 288 298 301 396 474 506 560 608 612 725
12962 83 169 263 266 288 301 690 706 707
12963 169 266 706
12964 38 40 83 169 301 431 670
12965 3 4 53 83 84 89 107 152 166 238 290 301 360 391 397 407 413 542 556 604 617 743 759
12966 169 266 303 706
12967 48 83 84 325
12968 37 83 84 169 251 252 256 288 345 487 493 606 638 749
12969 83 84 119 122 169 288 301 345 487 493 504 573 638 719 749
12970 73 83 110 288 301 385 422
12971 83 152 182 301 302 303
12972 77 83 178 202 203 288 301 459 521 572
12973 83 84 252 266 298 301 303 318 339 385 504 506 707 719 728
12974 51 128 252 301 437 557 619 631 725
12975 83 152 252 266 301 303 339 526 616 632 707
12976 73 80 83 93 263 294 301 355 367 475 633
12977 83 84 119 169 263 266 301 318 339 506 706 707
12978 83 252 301 303
12979 9 62 83 202 203 252 301 751
12980 37 83 84 119 152 169 263 266 288 301 303 339 473 707
12981 84 119 152 252 263 266 288 301 303 473 706 707
12982 83 84 85 152 178 201 251 252 254 256 263 288 293 294 298 301 345 355 367 381 531 572 604 689
12983 37 42 83 119 252 263 288 301 303 345 487 504 706 719
12984 85 107 251 298 301 520
12985 42 83 95 119 123 266 288 298 301 303 305 385 482 506 626 707
12986 80 83 288 350 486 512
12987 83 152 169 263 266 288 301 318 339 707
12988 42 83 152 266 288 303 706 707
12989 83 84 152 252 266 301 303 706
12990 152 266 288 301 303 706
12991 43 83 84 152 172 251 252 298 301 354 506 520 521 539 572 580 633
12992 83 84 119 122 169 252 288 301 303 345 487 504 690 706 707 749
12993 42 83 152 252 301 303
12994 288 303 616 632
12995 119 152 169 252 266 274 288 301 303 305 339 506 626 707 708 728 753
12996 46 83 152 155 204 206 544
12997 266 288 706
12998 84 123 152 252 301 303 697 698
12999 83 95 119 169 252 266 288 301 318 339 385 506 626 690 707 728
13000 9 46 77 83 89 155 252 254 301 426 521 572 577 582 643 725 756
13001 152 252 266 288 303 706
13002 83 119 169 252 266 301 303 318 339 385 506 626 690 707
13003 83 95 119 169 266 288 301 318 339 506 527 626 706 707 728
13004 83 84 152 252 288 301 478
13005 83 84 205 252 266 288 298 301 303 633 689 706 707 753
13006 169 266 301 638
13007 83 266 301 303 706
13008 33 110 139 236 298 301 384 506 560 602 670 736 744
13009 14 48 80 83 84 107 110 160 188 201 202 219 246 251 252 262 288 301 355 385 417 520 622 631 633 636 689 725 759
13010 83 84 169 263 266 298 301 318 339 345 506 520 572 626 706 707 728
13011 80 83 107 114 152 198 201 219 251 252 254 293 294 298 299 301 366 367 369 381 489 520 572 584 592 604 631 633 648 689
13012 37 83 122 169 252 263 266 288 345 487 504 706
13013 83 266 288 303 616 706
13014 266 706 707
13015 266 288 706
13016 204 206 367
13017 79 84 288 301 512 618 622
13018 38 40 42 83 123 138 152 252 266 288 301 706 707 709
13019 252 266 288 706
13020 48 83 85 107 123 171 172 252 288 298 301 303 305 367 475 506
13021 77 84 89 301 308 354 478 479 512 520 521 546 559 572 599 604 626
13022 83 84 160 301 520 572 631 632 633 690
13023 37 83 303 341 504 719 754
13024 9 46 77 83 84 89 107 109 160 201 252 268 279 288 293 294 298 301 303 350 354 366 441 506 520 572 626 631 632 696
13025 41 83 301 303 485 754
13026 83 110 152 197 252 288 303 626 728
13027 83 152 252 288 301 506 626 690 728
13028 266 288 706
13029 1 84 89 107 110 111 152 252 263 279 288 293 294 298 300 301 303 391 467 471 506 512 572 604 626 753 759
13030 83 84 266 301 638 706
13031 14 48 57 83 84 107 110 123 152 209 300 301 305 306 609 618
13032 169 288 301 303 332 707
13033 83 288 301 303 616 632 707
13034 83 154 155 160 171 201 202 251 288 298 301 354 381 391 475 592 631
13035 83 84 107 154 160 171 172 202 252 298 301 354 381 391 475 631
13036 61 83 99 201 251 293 294 354 443 444 520 521 568 572 626 631 633
13037 288 301 486 633
13038 53 83 89 107 238 288 301 391 397 556 585 604 617 759
13039 266 706 707
13040 369 648 650
13041 83 108 303 544
13042 169 288 303
13043 83 252 266 288 301 706 707
13044 83 252 288 296 303 475
13045 83 169 266 303 706
13046 83 152 252 266 301 632 707
13047 83 152 294 298 301 478 482 520 572 631 633 753 759
13048 83 110 288 296 301 690
13049 1 78 263 354
13050 266 288 706
13051 83 266 301 303 706
13052 42 83 84 119 243 251 266 301 303 305 318 706 707 719
13053 266 288 706
13054 83 95 301 303 336 706
13055 83 252 263 288 289 303 355 690
13056 252 266 301 303 706 707
13057 48 83 98 152 252 298 301 332 424
13058 83 89 186 187 252 277 301 386 388 582 584 604 622 624 632 633 712 753
13059 83 93 152 201 234 252 298 299 301 506 512 546 568 582 642
13060 119 169 263 266 288 298 301 318 339 419 506 520 572 706 707 728
13061 80 83 152 288 296 301 506
13062 83 204 206 301 329 367 497 626
13063 15 80 83 108 206 296 301 526 640
13064 84 107 152 263 298 301 303 506 539 596
13065 83 95 119 169 252 266 318 339 385 526 626 706 728
13066 169 288 303 706 707
13067 14 47 80 83 89 107 190 236 288 298 301 381 385 505 506 520 631 712
13068 152 169 266 288 289 301 303 385 506 616 626 706 707 728
13069 15 108 195 204 206 367 543 544
13070 83 152 252 266 301 706 707
13071 83 152 169 252 266 288 289 690 706 707
13072 38 42 83 84 95 152 252 263 266 288 289 298 303 339 706 707
13073 38 40 41 83 107 119 138 143 169 252 288 301 303 386 388 487 584 622 706
13074 95 266 301 303 336 690 706
13075 83 119 169 232 252 266 301 303 339 352 652 706 707
13076 83 143 169 252 266 301 303 339 345 385 473 506 706 707 728
13077 1 83 84 203 204 367 475
13078 83 266 288 303 367 715
13079 83 266 303 706
13080 84 301 391 512
13081 83 84 110 128 152 154 252 263 279 288 298 301 367 391 421 493 506 512 520 541 572 633 674 725 749 750
13082 83 120 160 169 252 275 288 298 301 339 653 728
13083 7 83 169 266 288 301 506 707
13084 266 288 504
13085 39 83 110 111 119 123 152 169 252 263 273 288 293 294 301 303 308 339 345 373 473 506 626 628 707 728
13086 288 301 706
13087 83 84 198 735
13088 42 83 119 252 288 289 301 303 305 339 706 707
13089 169 266 289 301 303 305 339 706 707
13090 83 123 288 296 301 523
13091 84 301 486 633
13092 37 107 182 252 288 301 303 388 706
13093 83 107 182 252 288 296 301 388 622 706
13094 83 296 301 386 397 423
13095 108 199 204
13096 83 110 152 182 288 296 301 303
13097 83 152 252 266 288 706 707
13098 83 84 152 173 254 294 301 325 367 520 633 725
13099 84 228 301 481
13100 83 169 252 266 301 303 706 707
13101 182 263 288 352
13102 83 205 251 266 298 301 303 633 706 707
13103 38 42 83 84 203 266 527 706
13104 266 301 504 638 706 707
13105 83 266 288 336 706 707
13106 288 301 303
13107 2 7 83 84 119 144 298 299 301 303 318 463 478 482 487 512 690 725
13108 301 303 616 632
13109 58 83 84 87 107 134 256 288 301 338 428 431 506 520 547 631
13110 204 206 367
13111 83 152 301 303 682 706
13112 288 301 706
13113 83 84 288
13114 84 266 288 301 707
13115 83 84 152 266 301 707
13116 83 84 107 112 113 119 123 131 251 252 273 301 303 339 385 423 475 506 512 604 626 728
13117 239 301 518
13118 84 301 371 679 680
13119 83 84 152 219 252 261 288 298 301 512 633 689
13120 38 40 42 83 110 138 288 303 670
13121 266 288 301 303
13122 83 95 266 706
13123 48 95 110 266 288 301 303 305 336 506 592 690 698 706
13124 143 152 169 252 263 266 301 352 663 706 707
13125 83 119 169 263 266 301 318 419 706 707
13126 38 40 83 110 205 251 252 288 298 301 303 572 632 633 689 706 753
13127 83 119 169 252 266 288 301 318 339 616 632 707
13128 110 152 252 288 289 301 303 341 485 718
13129 83 119 152 252 266 275 288 301 339 626 706 707 728
13130 83 266 301 706 707
13131 83 266 303 706
13132 266 288 301 706
13133 4 48 301 308 506 512
13134 83 140 201 251 268 301 313 381 382 391 413 414 520 572 574 631 633 717 733 743 759
13135 42 83 507 532 604 632 727 753
13136 2 5 80 83 89 187 206 276 288 298 301 367 502 512 560 690
13137 37 83 119 122 152 169 252 263 288 301 303 478 482 487 504 539 632 707 719 723
13138 252 266 288 303 626 706
13139 11 13 169 288 296 301 472 626 663 707 728
13140 3 4 83 89 107 152 166 238 252 288 290 291 303 360 391 397 407 413 414 556 604 617 743 759
13141 152 263 288 301 527 706
13142 266 288 706
13143 83 95 252 266 301 336 640 690 706
13144 38 40 110 266 303 706
13145 40 42 83 152 252 263 266 288 303 706
13146 83 95 288 706
13147 42 84 205 219 266 287 288 298 301 303 633 663 706 707 753
13148 42 83 152 169 266 288 301 507 706 707
13149 83 84 110 123 128 151 152 154 252 254 288 298 301 367 391 421 478 493 506 512 520 541 572 602 633 674 725 736 749 750
13150 266 301 303 706
13151 41 263 303
13152 84 107 289 305 307 512
13153 60 83 84 89 110 152 288 294 298 301 356 441 443 506 520 572 626 631
13154 288 301 706
13155 95 266 288
13156 266 301 303 507
13157 109 152 296 369 539 648 650
13158 9 41 83 84 123 252 288 296 301 303 488 507 532 561 706 749
13159 42 83 123 169 252 263 266 288 301 303 536 539 631 663 706 715
13160 42 83 288 303 706 707
13161 83 266 288 301 303 706
13162 83 252 288 301 506 520 626 697 699 704
13163 39 83 84 89 107 109 110 160 298 301 506 520 572 578 607 608 631
13164 38 40 42 51 83 110 138 301 303
13165 169 266 289 301 318 419 706 707
13166 83 152 169 252 266 288 301 706
13167 169 256 288
13168 38 40 83 288 662
13169 83 266 706
13170 51 83 119 263 288 301 303 305 318 339 419 573 616 632 652 653 706 707
13171 288 301 331
13172 83 169 266 706 707
13173 83 143 169 266 274 288 303 339 506 626 697 698 706 728
13174 266 288 706
13175 7 41 266 288 289 301 706
13176 83 266 287 301 638 707
13177 7 83 152 263 266 288 301 318
13178 40 110 138 263 301 303 431
13179 83 169 266 301 303 616 706
13180 266 584 706
13181 3 4 53 83 89 107 152 166 238 301 303 360 391 397 407 413 414 542 556 604 617 743 759
13182 83 84 123 201 219 251 252 294 298 301 475 506 512 539 572 633 689
13183 83 84 123 152 252 301 303 506 616 632 706 707 728
13184 40 41 83 110 152 263 288 301 690
13185 108 152 194 206 252 301 367 625
13186 119 169 263 266 288 301 318 339 706 707
13187 40 41 83 119 152 169 263 288 296 301 303 339 473 487 506 584 626 663 706 728
13188 39 84 107 119 201 248 251 252 254 288 296 298 301 303 339 345 473 487 506 626 663 728
13189 84 288 301 303 706
13190 83 84 169 252 301 339 436 706
13191 143 152 169 252 263 266 288 296 303 561 706
13192 83 152 169 252 266 288 303 706
13193 7 42 83 169 266 288 301 318 419 507 532 638 707
13194 46 77 80 83 84 85 107 254 256 298 299 301 308 380 396 452 474 506 512 520 572 607 608 617 633 721 727 748 756 757
13195 38 42 110 138 288 431 573
13196 84 110 288 301 512 670
13197 169 266 288 301 318 339 706 707
13198 15 83 108 252 543 544
13199 37 83 84 123 169 252 263 266 301 303 339 487 707
13200 83 152 169 252 266 288 301 706
13201 49 80 84 85 126 142 152 160 173 183 201 251 252 298 299 300 301 471 506 520 521 572 626 641 686
13202 83 84 119 152 169 201 219 251 252 263 288 298 301 328 345 495 506 539 572 626 631 633 653 689 706 707 728 753
13203 48 80 83 84 123 128 152 201 208 251 252 275 294 298 301 303 345 512 520 521 572 582 626 633 663
13204 48 65 80 83 84 123 128 152 201 208 251 252 275 288 294 298 303 345 512 520 521 572 582 626 633 663
13205 83 152 252 266 301 532 706 707
13206 84 152 266 288 303 632 707
13207 39 83 84 107 110 160 236 263 288 298 300 308 546 604 659
13208 39 83 107 110 165 236 263 288 298 301 308 604 659
13209 152 252 288 301 303 331 506 626 728
13210 83 84 152 169 252 263 288 301 303 318 506 706 707 728
13211 83 84 119 169 252 263 266 301 303 339 706 707
13212 82 83 84 85 107 248 277 294 298 424 432
13213 266 301 706
13214 266 289 301 318 706 707
13215 48 83 85 86 89 92 94 139 152 171 172 201 219 251 298 301 391 512 546 572 633 689 733 736
13216 83 91 169 288 706
13217 266 301 504 638 706 707
13218 169 266 288 301 305 318 706 707
13219 83 152 266 288 301 303
13220 83 252 266 288
13221 38 40 42 83 169 266 288 303 706 707
13222 83 95 252 266 288 303 506 626 690 707 728
13223 42 83 169 266 288 318 706
13224 83 169 266 288 386 527 706 707
13225 91 169 318 706
13226 42 83 119 123 169 288 296 298 301 339 345 386 622 663 706
13227 41 83 107 119 123 152 169 252 266 298 301 303 339 345 386 487 622 663
13228 152 252 266 288 303 706
13229 9 39 83 201 206 252 301 475 487 539 631
13230 169 288 706
13231 42 83 266 301 303 706 707
13232 83 84 95 152 252 266 288 298 301 336 690 706 707
13233 42 83 152 252 266 288 532 706
13234 9 38 40 83 84 110 119 123 138 152 252 288 303 339 506 626 632 652 653 706 728 753
13235 95 266 288 303
13236 95 266 301 640 706 707
13237 169 266 707
13238 83 152 252 266 288 301 385 616 632 706 707
13239 266 303 662 706
13240 83 143 152 288 301 303 332
13241 83 263 266 288 289 301 303 305 626 706 707
13242 37 119 152 169 252 266 288 301 339 385 487 506 626 638 706 707 708 728
13243 266 288 303 638 706 707
13244 266 288 707
13245 83 152 266 288 303 690
13246 152 263 288 301 303 640
13247 169 266 706
13248 83 152 182 252 263 288 301
13249 83 266 301 303 638
13250 9 83 107 152 252 266 288 298 301 303 308 478 482 540 687 736 742
13251 266 301 303 706
13252 42 169 263 288 289 303 318 339 419 506 507 532 626 638 652 706 707 728
13253 83 152 266 288 301 707
13254 95 266 706 707
13255 83 301 303 640
13256 83 119 169 263 266 288 298 301 318 339 345 385 506 520 626 707
13257 83 84 152 266 301 706
13258 83 152 266 288 301 333 706 744
13259 288 301 341
13260 42 83 143 182 301 303 663 698
13261 266 288 638 707
13262 83 84 301 539
13263 39 49 83 84 107 110 252 301 444 539
13264 266 288 318 706
13265 42 83 266 288 303 507 532 706 707
13266 266 301 706
13267 266 303 706 707
13268 266 287 288 301 318 638 706
13269 83 301 616 706
13270 95 266 288 303
13271 83 107 252 266 275 296 301 303 318 345 386 388 476 487 622 706
13272 83 84 288 706
13273 84 110 152 188 252 263 512 584 690 759
13274 9 123 169 252 263 274 288 296 298 301 339 495 653 663 706 707
13275 83 152 288 296 301 303 385 408 478 482 622 652 672
13276 42 95 266 288 301 303 706 707
13277 83 252 298 353 631 633 642
13278 152 203 252 288 301 539
13279 50 84 152 252 296 298 301 311 589 631 633 637 678
13280 37 42 83 119 169 263 288 301 303 487 504 507 532 561 706 707 719 749
13281 83 204 206 296 514 544
13282 83 119 152 169 252 301 339 423 473 652 707
13283 42 152 252 266 275 301 303 385 506 616 626 706 707
13284 83 194 204 206 289 296 305 367 539 734
13285 42 83 152 252 266 288 690 706 707
13286 83 222 288
13287 83 303 706 707
13288 42 83 252 266 288 303 318 385 506 527 626 706 707 728
13289 83 169 266 288 301 339 690 706 707
13290 48 83 84 182 248 252 256 288 301 345 487 520 572 631
13291 40 42 83 110 123 138 201 203 252 263 288 296 301 303 305 478 482 503 540 632 753
13292 42 84 119 152 252 263 266 288 301 303 532 663
13293 42 83 84 252 266 288 303 506 536 626 706 707 728
13294 80 84 228 481
13295 83 152 266 616 632 706 707
13296 83 152 169 252 266 288 289 301 303 507 532 630 707 708
13297 49 83 201 216 251 260 288 301 385 512 516 557 574 638
13298 44 84 89 123 152 160 171 172 201 219 251 252 254 269 293 294 298 301 303 313 358 367 380 432 475 520 572 598 604 626 676 689 727 732
13299 83 152 252 266 384 482 697 698 706
13300 288 301 303
13301 39 80 84 109 152 201 221 256 298 301 354 366 396 474 539 607 608 648 759
13302 83 110 252 288
13303 37 83 119 122 169 263 266 345 487 504 706 719
13304 41 83 152 301 341 485
13305 42 83 107 169 266 288 301 303 388 507 532 616 622 632 706
13306 83 380 727
13307 289 301 305
13308 41 71 83 152 252 298 303 331 473 481 488 532
13309 48 254 298 301 367 374 758 759
13310 83 95 301 706
13311 83 169 288 336 690 706 707
13312 266 288 301 303
13313 83 169 252 263 288 298 301 303 332 339 603 707
13314 83 89 298 301 303 332 707
13315 119 152 252 266 288 301 303 385 626 706 708
13316 23 48 63 65 80 83 84 89 107 160 201 204 247 248 251 253 256 288 298 301 303 356 358 367 391 453 456 459 506 520 521 526 572 599 633
13317 108 252 303
13318 65 83 152 297 301 303
13319 83 152 169 252 263 266 275 288 352 706 707
13320 83 98 152 157 288 298 301 512
13321 7 37 83 119 120 169 252 266 288 301 303 339 626 707 728
13322 83 240 252 298 300 301 308 381 506 632 633
13323 83 89 107 288 301 360 391 397 556 585 604 617 759
13324 23 80 89 98 152 288 301 413 459 478 482 506 520 631 633 687 743
13325 83 119 152 182 252 288 303 506
13326 197 252 288 301 303 506
13327 83 84 116 203 371 624
13328 37 83 119 252 266 288 301 345 487 504 719
13329 95 169 266 301 303 690 706
13330 50 83 123 143 169 263 296 303 488 561 598 690
13331 296 301 312 367 512
13332 80 83 201 219 234 248 288 298 301 572 599 633 725
13333 15 80 83 108 152 194 204 252 301
13334 7 83 84 119 120 152 248 252 298 301 303 339 478 480 487 626 638 706 707 728
13335 83 252 266 303
13336 266 288 638 706 707
13337 169 266 288 706
13338 83 152 182 301 690
13339 152 252 263 288 301
13340 110 197 364
13341 83 169 252 288 301 318 706
13342 1 289 362
13343 120 169 288 298 301 339 352 506 512 626 728
13344 83 84 152 205 219 232 266 288 298 301 303 689 706 753
13345 83 91 169 263 266 288 301 706
13346 42 83 169 266 301 526 536 640 706
13347 42 83 266 288 301 303 706 707
13348 266 288 706
13349 41 152 288 301 303 754
13350 266 303 706
13351 296 301 618
13352 84 288 391
13353 83 108 206 367 544
13354 301 303 423
13355 40 42 83 152 169 252 288 301 303 336 536 690 706
13356 55 94 171 172 174 201 251 293 294 298 301 304 312 381 403 506 572 577 604 631 633
13357 83 95 152 252 266 288 301 539 561 706
13358 83 84 152 288 301 303 385 526 626 706 707
13359 50 83 95 119 122 266 296 301 303 487 504 561 706 707
13360 84 301 391 512
13361 83 95 152 252 301 706
13362 83 84 108 152 204 206 367
13363 12 58 83 84 87 89 107 134 152 231 251 252 279 288 301 310 329 338 356 428 431 475 506 512 520 547 631 645 725
13364 108 204 206 252 301
13365 194 204 206 422 544
13366 204 558 625
13367 83 266 301 303 706
13368 83 95 119 169 266 288 318 339 385 386 388 506 527 539 622 626 707 728
13369 83 288 289
13370 2 22 63 173 254 301 453 633 759
13371 65 123 182 301 303
13372 80 152 252 301 486
13373 266 288 706
13374 83 169 243 252 266 288 296 301 302 303 386 706 707
13375 14 83 108 152 206 219 251 252 256 288 293 294 298 301 367 422 566 572 619 689 725
13376 7 266 638 706
13377 169 266 318 638 707
13378 2 110 468 469 531
13379 47 83 84 89 152 155 201 251 252 254 288 298 303 415 512 519 546 582 622 633
13380 42 83 169 288 301 303 507 706
13381 2 83 107 109 110 196 236 296 298 301 303 369 385 499 500 648
13382 42 83 252 266 288 301 303 527 626 706
13383 287 288 301 318 638 706
13384 108 204 206
13385 83 95 152 266 289 301 303 305 706
13386 83 119 266 288 301 303 318 339 385 626 632 707
13387 48 80 84 107 160 288 298 301 506 572 626 632 633 638
13388 55 84 85 110 160 171 172 201 251 262 298 475 520 521 572 626 631
13389 83 296 298 301 303 339 506 626 663 706 728
13390 83 84 123 169 182 252 263 288 303 339 345 487 506 626 663 728
13391 40 138 288 670
13392 152 252 266 288 301 616 706
13393 42 83 119 123 169 288 289 298 301 303 305 385 478 706 707 728
13394 83 84 201 241 251 252 254 263 298 301 506 512 546 602 631 753
13395 83 95 119 169 252 266 288 301 318 339 385 527 626 690 707 728
13396 9 80 83 108 152 219 251 252 288 298 301 367 422 572 689
13397 252 266 301 706
13398 83 95 252 266 288 706
13399 40 41 83 119 138 152 252 288 303 339 419 626 707 728
13400 83 119 152 266 288 301 303 345 367 487 504 616 632 706 707 719 749
13401 42 83 152 252 266 288 303 532 706
13402 42 83 122 123 169 252 288 298 301 487 493 504 663 706 707 719
13403 266 289 301 318 706
13404 42 50 266 301 303 536 706 707
13405 37 83 84 119 122 169 288 301 487 504 707 719 749
13406 80 83 84 152 160 174 201 251 252 263 288 298 301 303 381 382 385 403 503 506 520 572 582 626 631 633 641 707 728 733
13407 42 152 252 288 301 303 532 707
13408 48 83 84 298 325 512 631
13409 83 169 288 301 318 616 632 706 707
13410 83 84 169 252 266 301 318 339 345 419 487 504 663 706 719
13411 83 89 190 252 278 301 303 478 520 528 557 631 633 651
13412 83 84 107 110 152 201 251 254 256 288 298 301 367 402 424 506 512 520 631 633 678
13413 39 42 83 532
13414 42 83 152 266 301 303 385 527 536 584 652 663 706
13415 301 303 706 707
13416 252 301 706 707
13417 7 40 42 83 95 110 138 266 301 303
13418 263 266 288 301 303 506 526 626 706 707
13419 9 83 119 266 288 298 301 339 626 659 706 707
13420 9 83 266 288 303 539 659 706
13421 266 288 706
13422 83 152 169 252 266 288 301 706
13423 83 263 288
13424 195 204 206
13425 119 169 266 288 301 303 305 318 339 385 527 626 706 707 728
13426 83 107 119 169 252 288 289 296 301 303 305 318 339 506 527 622 626 690 706 728
13427 23 83 84 107 119 152 201 248 252 288 298 325 345 352 434 459 473 487 499 512 521 572 604 606 609 638 689
13428 1 80 84 160 294 298 354 572 631 632 735
13429 23 49 83 84 128 152 171 172 174 201 252 279 288 301 303 506 725 731
13430 83 301 321 478 516 624
13431 95 266 303 706 707
13432 83 266 288 301 616 632 706
13433 3 4 53 84 89 107 152 166 238 288 291 303 360 391 397 407 413 414 556 604 617 743 759
13434 83 263 288 303 512
13435 4 83 252 288 289 301 305 403
13436 7 38 83 152 197 288 303 364
13437 83 152 201 251 252 288 301 633 725
13438 169 288 706
13439 42 169 182 263 301 303 698
13440 169 182 263 296 301 303 697
13441 84 197 303
13442 59 83 288 296 303 426 482 515 527 706
13443 59 114 296 301 515
13444 95 266 301 303
13445 182 288 698
13446 83 152 252 266 332 682 706
13447 36 39 62 80 83 84 107 114 139 146 152 160 173 248 252 254 279 293 294 309 354 367 520 572 582 602 626 670 676 697 698 703 731 753 759
13448 83 152 252 296 301 303 690 707
13449 108 199 206
13450 95 252 266 288 303 336 526 640 690 706 707
13451 83 95 107 169 266 288 296 301 303 336 388 622 663 690 707 708
13452 84 110 152 165 169 252 266 339 487 536 561 706 707
13453 83 84 119 152 155 169 173 201 251 252 256 288 301 307 345 396 474 487 493 520 526 607 608 615 631 633 707 719 725 749
13454 36 83 252 266 301 303 602 663 670 698 703 705 706
13455 80 85 123 140 201 234 251 298 452 512 530 674 725 759
13456 42 83 152 266 289 301 303 706 707
13457 9 41 48 83 123 138 152 182 252 289 303
13458 26 83 84 110 112 308 624
13459 83 152 266 288 301 303 707
13460 83 84 107 152 169 252 254 266 303 318 339 506 626 663 706 707 715
13461 83 84 119 152 169 252 288 301 303 318 339 385 506 626
13462 83 84 119 152 169 252 288 303 318 339 626 707 728
13463 83 119 169 252 263 288 301 339 506 626 707
13464 266 303 706 707
13465 83 183 403 642
13466 107 108 252 303
13467 83 288 303
13468 22 48 83 152 288 301 690
13469 5 23 83 84 86 119 152 201 248 251 252 277 298 301 303 313 345 382 473 487 512 613 641
13470 83 123 152 243 252 263 288 289 303 305 584 706
13471 83 152 252 263 266 288 289 296 301 305 706
13472 83 252 266 288 706 707 753
13473 84 252 266 288 301 303 473 707
13474 42 83 266 301 305 532 706
13475 95 301 303
13476 83 95 266 301 303
13477 119 152 169 263 266 288 296 301 303 339 506 706
13478 83 152 169 288 302 303 339
13479 80 83 84 89 123 190 201 251 252 288 298 301 354 441 487 506 575 584 631 632 633
13480 79 84 107 308
13481 37 83 119 122 169 266 301 345 487 707 719
13482 83 169 266 288 336 690 706 707
13483 42 83 119 152 169 263 288 301 303 507 532 706
13484 53 83 84 89 238 252 301 303 360 391 397 556 604 617 743
13485 83 169 266 301 386 706 707
13486 266 288 638 706 707
13487 83 95 252 266 289 301 303 305 690
13488 83 266 706 707
13489 83 95 152 252 266 301 303 506 626 706 707 728
13490 36 107 152 252 310 323 333 334 335 506 512 549 562 670
13491 203 288 296 301 512 541 560
13492 266 288 706
13493 18 48 51 83 84 298 316 512 518 727
13494 37 43 83 107 122 252 288 301 303 345 386 388 487 520 526 584 622 707 719 749
13495 83 84 119 123 152 252 266 273 288 301 303 339 526 626 631 632 640 663 728
13496 84 110 111 288 301 371 397 679 680
13497 42 83 169 252 288 301 507 707
13498 42 83 252 266 301 345 473 516 536 707 709
13499 83 84 119 169 252 288 301 318 339 385 626 706 719
13500 83 84 266 303 682 706
13501 37 119 169 266 301 504 706 707
13502 83 266 301 303 706
13503 83 84 169 248 252 263 274 288 296 301 303 339 345 473 487 506 626 707 728 753
13504 95 252 288 706
13505 23 55 83 84 110 165 201 251 252 263 298 308 354 356 381 506 539 670 725
13506 4 48 289 338 512 758
13507 83 152 182 252 288 303 305
13508 83 84 110 301 332 512
13509 9 41 83 84 119 123 248 252 273 274 288 301 303 339 487 626 631 663 689 707 725 728
13510 48 61 83 107 298 301 325
13511 83 169 266 288 318 707
13512 48 84 123 139 182 252 288 301 407 670 725 743
13513 2 83 110 296 301 690
13514 84 107 112 288 301
13515 83 252 266 301 706 707
13516 83 84 152 252 263 288 301
13517 1 38 39 83 84 138 152 169 201 248 251 252 254 263 288 297 301 466 487 592
13518 37 38 40 83 152 169 201 251 252 263 288 298 301 303 466 487
13519 1 37 99 107 169 252 288 301 311 529 530
13520 1 2 37 83 99 152 169 252 288 311 529
13521 83 152 252 296 301 371 679 680
13522 169 266 288 303
13523 83 116 152 252 301 371 679
13524 83 204 206 288 301 303 330
13525 83 84 95 123 266 273 288 301 303 336 339 706 707
13526 40 41 123 138 152 169 252 263 266 288 301 303 506 626 706
13527 42 83 107 169 252 266 288 303 386 507 532 616 632 690 706
13528 65 83 84 85 152 160 174 201 251 252 288 300 303 400 449 455 506 520 521 539 568 574 612 632 731
13529 83 89 93 107 128 152 166 251 252 288 293 294 301 354 374 519 546 572 577 622 633 689 690 706
13530 288 301 303
13531 9 83 152 201 251 252 263 266 288 298 303 706
13532 83 84 178 201 252 256 263 288 298 301 303 355 551 572 631 633 645 732
13533 37 83 122 169 252 263 288 301 345 707 719 749
13534 108 204 367 544
13535 83 303 706 709
13536 83 84 110 301 460 633 725
13537 83 252 263 266 288 289 303 305 526 616 632 706
13538 83 152 252 263 266 288 289 298 301 305 706
13539 9 80 83 107 252 288 296 301 303 385 527 566 690 706 725
13540 80 83 152 204 206 301 367 543
13541 83 84 288 303
13542 5 39 62 78 83 84 128 161 196 201 251 252 293 294 299 301 350 506 520 572 631 633
13543 95 152 252 266 288 303 690 706
13544 108 152 204 206 301 367 544
13545 83 107 116 152 288 296 371 506 680
13546 83 169 243 252 266 288 706 707
13547 7 266 303 318 706 707
13548 90 267 294 297 366 367 369 512 648 650
13549 41 83 107 110 119 169 263 274 296 301 386 485 507 622 663
13550 42 83 152 266 301 507 532 706
13551 5 14 80 83 107 156 201 251 298 301 572 631
13552 80 83 84 288 582
13553 84 251 301 303 466 758
13554 12 58 83 87 107 134 152 160 201 251 252 257 279 293 294 298 301 303 338 356 367 428 431 506 520 547 572 598 626 629 631
13555 266 288 709
13556 84 201 301 362 512
13557 83 84 85 110 139
13558 42 95 119 169 266 298 301 303 305 385 482 506 626 706 707 728
13559 9 83 109 123 152 252 288 289 298 301 303 305 369 478 482 512 515 584 650 663 687 690 706
13560 50 83 201 254 300 301 475 589 619 725 759
13561 169 266 638 706
13562 42 83 84 152 169 252 263 266 301 303 526 536 707 728
13563 83 84 152 252 266 288 298 301 367 706 707 715
13564 42 83 169 252 266 303 706 707
13565 95 301 303 706
13566 63 83 87 107 252 253 301 368 381 453 512 599 631 643 645
13567 288 671 672
13568 83 288 367 512
13569 7 42 83 169 288 301 303 318 419 507 532 707 719
13570 83 106 182 288 296 301
13571 106 182 252 301
13572 83 84 107 201 297 386 388 516 626 633 690
13573 83 107 110 251 288 301 467 520 521
13574 83 84 152 252 301 303 318 336 339 385 419 506 626 690 706 707 728
13575 83 84 107 184 298 316 395 441 626 629
13576 83 84 108 204 206 301 544 558
13577 83 84 152 169 182 289 301 303 305 345
13578 37 83 169 263 266 288 301 303 473 478 663 706
13579 0 84 123 160 298 301 354 417 512 520 546 631
13580 83 205 251 266 298 301 638 706 707 753
13581 293 301 367
13582 83 152 252 263 266 288 296 301 706
13583 83 152 252 266 288 301 305 616 632 706
13584 38 110 138 288 431 573 670
13585 83 169 266 288 301 706 707
13586 169 266 318 709
13587 83 110 301 303 722
13588 42 83 84 152 252 266 275 301 303 339 527 707
13589 5 37 76 83 84 119 152 169 201 251 263 288 298 301 345 391 478 487 504 512 520 521 572 601 706 707 723 749
13590 37 119 122 169 266 288 301 487 504 707 749
13591 37 83 169 263 266 288 345 487 504 706 707 719
13592 135 252 288 289 298 301 305 512 526 638
13593 2 50 84 89 98 107 109 196 221 236 299 301 308 470 512 607 633
13594 1 83 303 347 413 539 743
13595 266 288 303 706
13596 288 301 303
13597 7 266 664
13598 84 301 424 475 539 607
13599 83 169 266 301 303 616 632 706 707
13600 288 301 319
13601 15 108 194 544
13602 266 706 707
13603 84 123 160 201 244 251 263 298 441 506 512 572 626 631
13604 84 266 301 706 707
13605 107 108 252 303
13606 83 84 116 203 680
13607 266 301 303 706
13608 50 84 107 116 296 298 301 371 397 679 680
13609 84 107 201 301 445
13610 288 488 561 706
13611 83 119 252 266 288 301 303 340 385 663 706 728
13612 41 83 266 288 301 385 506 626 663 706 728
13613 84 152 201 248 251 288 301 539 631 633
13614 84 240 289 301
13615 39 83 89 107 110 128 160 201 263 293 294 298 301 354 633 712 725
13616 169 266 288 638
13617 14 47 83 84 110 128 166 190 201 219 288 298 301 478 479 572 633 689 712
13618 15 83 84 108 152 204 251 301 367 544
13619 84 169 266 706 707
13620 83 252 263 301 303 638
13621 39 83 254 279 293 294 298 301 309 400 520 521 557 568 572 645 651 753
13622 42 83 152 252 266 301 532 707
13623 182 288 301 319
13624 83 152 266 288 303 706
13625 83 85 89 151 160 173 219 251 254 298 689 732
13626 83 152 252 301 303
13627 83 266 288 303 706
13628 63 84 441 456 459 506 520 633 646
13629 37 38 40 42 83 84 110 123 152 252 266 273 288 301 339 584 706 707
13630 152 266 301 303 706 707
13631 41 252 301 303 485
13632 83 95 169 266 301 303 336 352 638 706 707
13633 38 83 84 107 110 155 227 288 296 297 301 308 385 572 592 604 631 687
13634 95 266 706
13635 83 169 266 301 419 706 707
13636 42 83 252 266 288 301 303 318 339 507 532 707
13637 83 266 275 288 303 616 632 706 707 708
13638 83 152 169 266 301 303 706
13639 42 83 119 169 205 263 266 301 303 318 339 419 573 616 632 652 653 707
13640 95 152 169 266 288 301 336 706 707
13641 152 169 252 266 301 303 706 707
13642 3 4 53 84 89 107 152 166 238 252 288 290 303 391 397 407 413 414 542 556 604 617 759
13643 23 78 84 89 152 173 201 219 251 252 298 301 506 643 689 725
13644 83 84 110 119 123 152 169 252 256 263 273 288 298 301 345 408 626 707 725 728
13645 83 84 123 169 252 263 266 288 303 339 487 506 626 632 706 707
13646 83 123 124 194 206 288 296 301 367 514
13647 48 83 84 107 123 152 169 248 256 288 296 301 303 386 388 419 506 622 653 663 728
13648 182 252 303 671 672
13649 42 83 205 251 266 298 301 633 706 707
13650 83 143 152 169 252 263 266 352 663 706 707
13651 169 301 303 506 540 626 652 663 728
13652 83 263 266 301 506 706
13653 83 119 152 169 201 252 263 288 301 303 339 487 506 526 626 632 663 706 707 728
13654 37 41 83 84 119 152 169 251 252 263 288 301 303 339 476 487 506 507 532 539 626 706 707
13655 49 81 83 84 89 152 160 173 201 301 358 367 539 559
13656 81 107 109 256 301 354 366 425 506 599 648 650
13657 83 84 236 263 288 296 385 697
13658 83 266 288 303 706
13659 42 83 84 152 169 252 288 296 301 303 487 626 663 706 707 728
13660 83 152 169 252 266 288 301 706
13661 108 199 206
13662 41 152 252 301 341
13663 43 46 49 77 83 110 152 201 236 252 263 279 288 297 298 301 431 478 482 512 520 521 582 584 592 631 690 713 748 753
13664 84 288 301
13665 41 152 169 288 301 303 706
13666 41 83 288 303 341 485 754
13667 42 83 169 266 288 301 345 507 532 707 709
13668 266 303 706 709
13669 301 486 605 631
13670 83 84 252 339 423 626 663 707 728
13671 84 252 266 288 303
13672 23 84 86 107 174 227 242 251 279 288 298 301 303 459 520 584 612 631
13673 263 266 303 488 527 536 561 584 706
13674 83 84 288
13675 266 288 303 336 706 707
13676 301 670 744
13677 83 84 288 303 706
13678 83 169 266 301 303
13679 83 152 252 288 301 506 626 706
13680 301 303 616 632 706
13681 83 84 266 288
13682 83 205 251 266 301 633 706 753
13683 48 83 84 119 152 169 182 201 248 251 288 301 303 487 572 633 652 663 706 707
13684 152 252 266 288 706 707
13685 83 266 303 706
13686 5 84 160 171 201 251 279 294 298 301 520 572 626 631
13687 55 83 84 160 173 201 251 252 263 298 354 506 574 657 690 711 720
13688 51 53 83 84 89 107 238 252 288 301 360 391 397 542 556 573 604 617 743
13689 95 288 303 706
13690 83 119 169 263 288 301 318 339 626 707 728
13691 5 83 84 220 632
13692 95 169 266 288 297 303 592 706
13693 5 49 60 83 93 94 152 171 172 173 186 201 251 252 263 298 301 350 356 392 443 506 520 572 587 643
13694 83 84 107 152 190 252 254 288 298 301 374 486 519 528 577 631 725
13695 83 266 288 303
13696 42 83 95 152 266 288 536 690 706
13697 42 83 169 266 301 303 507 532 706 707
13698 107 227 254 294 301 307 385
13699 252 266 288 301 526 690 706
13700 83 152 252 266 288 301 303 367 706
13701 84 266 303 706
13702 152 266 288 303 690 706 707
13703 83 84 89 107 238 301 303 360 391 397 585 604 617 759
13704 83 152 266 288 301 303 388 706
13705 9 41 43 83 107 119 169 252 266 288 303 388 622 652 706
13706 42 83 95 119 123 169 266 298 301 305 385 478 506 626 707 728
13707 83 152 266 288 301 706
13708 169 288 706
13709 252 266 303 707
13710 95 266 301 706 707
13711 83 152 252 263 266 288 301 305 626 706 707 728
13712 169 266 289 301 305 318 339 419 706 707
13713 83 123 143 169 263 288 301 308 626 652 653 663 728
13714 48 83 182 301 303 506
13715 152 169 252 263 266 288 301 303 385 506 706 707 728
13716 110 169 197 263 301 303 364 506 728
13717 266 288 707
13718 84 288 303 706 707
13719 266 288 301
13720 84 301 338 506 725 753
13721 51 53 83 84 89 107 238 288 301 391 542 556 573 604 617 743 759
13722 83 95 152 252 266 288 301 303 706 707
13723 83 84 110 119 152 169 252 288 303 663
13724 37 42 122 152 266 288 301 303 487 706 719
13725 83 108 204 206 252 544
13726 9 83 165 266 288 296 298 301 303 308 478 482 506 626 663 706
13727 83 152 288 301 303 706
13728 83 89 128 297 301 355 506 512 546 592 753
13729 14 80 83 173 201 251 288 298 325 520 620 631 725 759
13730 83 182 266 301 303 706
13731 152 266 288 301 303 706
13732 37 83 119 169 266 301 345 487 504 706 707 719
13733 108 204 206 624
13734 110 182 301 670 697 699 704
13735 83 259 288 301 303 441 506
13736 42 80 83 84 123 152 169 252 273 288 298 301 303 478 482 626 663 687 706 707 728
13737 42 83 84 152 169 252 303 706
13738 63 83 84 89 109 110 160 166 201 251 253 288 356 369 453 456 475 520 589 631 648 650 684
13739 80 84 89 109 110 160 166 201 251 288 298 356 366 437 475 589 631 648
13740 266 301 706
13741 83 107 116 123 263 296 397 679
13742 83 266 288 303 706
13743 83 169 266 288 506 706
13744 42 83 152 266 288 301 303 706 707
13745 42 83 169 266 301 532 706 707
13746 37 83 84 110 152 169 252 263 301 339 345 473 487 506 670 671 728
13747 83 107 119 169 266 288 296 318 339 386 506 527 539 622 626 707 728
13748 2 84 128 288 303 506 645 723 748
13749 9 38 107 160 174 252 298 300 354 546 631 651
13750 10 11 288
13751 51 53 83 89 252 288 301 360 391 397 556 573 604 617 759
13752 169 266 706
13753 83 123 152 301 303 744
13754 83 251 298 301 381 626 631 632
13755 15 108 118 204 301 367
13756 42 83 169 266 301 303
13757 83 417 620
13758 83 84 110 252 254 512
13759 266 288 706
13760 108 206 367 544
13761 83 169 263 288 301 303 318 339 419 507 532 652 707 708
13762 83 84 301 303 706
13763 42 152 169 266 288 301 532 707
13764 83 84 107 123 202 227 254 297 298 301 308 310 367 370 374 385 432 475 633 643 645 648 650 725 757 758
13765 42 51 83 169 263 288 289 301 303 305 318 419 573 616 632 652 653 707
13766 84 298 301 336 448 506 512 526
13767 169 266 301 318 706 707
13768 263 266 289 301 305 318 339 352 419 573 706 707
13769 95 152 169 252 266 288 301 303 339 385 506 539 632 706 707 708 728
13770 41 288 303 532 663
13771 2 47 227 254 294 298 301 385 490 546 599 624
13772 83 182 263 301 303 332 506 516 706 707 728
13773 83 84 85 107 155 201 251 263 279 298 301 303 355 356 631
13774 83 152 169 252 263 266 301 706
13775 84 152 252 301 303
13776 119 152 252 266 288 303 506 626 663 706 728
13777 83 169 263 288 301 303 504 506 507 532 536 626
13778 83 152 252 266 288 339 706 707
13779 83 152 169 252 288 289 303 305 663
13780 83 266 301 303 706
13781 119 169 263 288 301 303 339 341 419 506 626 707 728
13782 83 95 152 252 266 303 706
13783 266 288 301 318 638 707
13784 83 123 143 152 169 201 251 252 288 296 301 539 604 611 663 670 673 697 698
13785 252 266 303 706
13786 83 266 289 301 318 706 707
13787 65 83 288 303
13788 83 110 266 289 301 305 336 690 706
13789 15 80 83 84 108 219 251 252 256 298 301 367 544 572
13790 40 83 266 288 301 339 385 506 626 706 707 728
13791 84 266 288 301 303
13792 169 706 707
13793 83 95 266 288 303
13794 108 204 206 367
13795 83 95 266 288 303 706
13796 169 301 303 706
13797 37 83 122 169 252 263 266 288 301 345 487 504 707 719 749
13798 37 83 119 169 266 318 504 706 707
13799 42 83 119 123 169 263 266 288 301 506 536 706
13800 51 169 199 206 289 301 303 305 367 544 573 706
13801 42 83 289 301 305 485 663
13802 266 706 707
13803 42 83 152 266 301 536 706 707
13804 42 83 143 152 263 266 288 301 303 352 507 663 706 707 725
13805 83 84 107 110 251 296 298 633
13806 83 108 288 289 305 330 544
13807 9 83 107 197 263 301 303 364
13808 83 152 266 301 303 332 663 690 706
13809 169 266 301 303
13810 2 7 38 48 83 107 110 119 138 144 254 298 299 301 303 318 463 478 482 506 626 652 653 687 706 707 725 728
13811 2 7 83 107 119 144 152 169 248 254 288 298 299 301 303 328 345 434 463 476 506 520 626 652 653 706 707 725 728 753
13812 83 95 119 169 266 288 296 301 318 339 385 386 506 527 539 690 707 728
13813 42 83 84 123 165 252 263 288 478 482 697
13814 83 169 288 301 419 706 707
13815 83 107 266 275 288 296 298 301 318 345 386 388 487 622 706 707
13816 83 107 252 275 296 298 301 303 318 345 386 388 463 476 487 584 622 706 707 725
13817 288 303 706
13818 41 84 252 262 289 301 303
13819 83 152 252 266 288 296 303 488 561 584 663
13820 266 288 706
13821 83 107 201 252 288 298 301 381 626 631
13822 83 107 288 371 397 660 680
13823 266 288 301
13824 303 706 707
13825 83 107 110 251 279 294 297 298 520 546 592 631
13826 37 83 95 119 169 252 263 266 275 303 345 487 504 706 707 719
13827 83 252 266 301 706
13828 107 119 201 251 252 296 298 299 301 307 323 328 374 406 495 512 521 539 631 670 753 758
13829 119 169 263 288 301 303 318 419 706
13830 84 266 301 706 707
13831 83 266 288 303 706 707
13832 83 266 288 301 388 663 706
13833 83 84 266 288 301 385 616 626 707 728
13834 42 83 152 201 251 252 274 288 301 303 339 506 507 532 539 626 706 707 708
13835 110 203 289 305 397 539 690
13836 266 288 301
13837 83 95 152 252 266 288 296 301 488 539 706
13838 266 288 706
13839 194 544 558
13840 42 266 303 318 706 707
13841 83 84 95 152 203 252 266 275 288 303 318 336 339 539 690 706 707
13842 83 266 303 706
13843 83 263 266 301 303 305 318 616 632 640 706
13844 119 169 263 266 288 318 339 419 573 652 706 707
13845 169 266 339 385 506 706 707 709
13846 119 169 263 266 318 339 419 652 706 707
13847 42 83 263 288 301 303 305 318 339 419 573 616 632 652 653 706 707
13848 53 84 89 107 252 301 360 391 397 585 604 617 759
13849 15 80 83 84 152 204 288 301 330 367
13850 95 706 707
13851 83 152 252 266 306 527 706
13852 83 95 119 122 169 266 288 296 301 303 488 504 561 719
13853 83 152 160 252 298 301 506 520 572 631 633 690 725 753
13854 80 228 301 481
13855 84 119 169 182 256 263 288 298 301 303 309 404 520 706 707
13856 83 152 266 288 301 336 690 706
13857 42 152 252 301 303 366 369 507 532 648
13858 169 288 364
13859 83 152 266 301 706 707
13860 95 152 252 266 288 336 706 707
13861 83 108 152 194 206 289 301 305
13862 37 83 119 122 169 266 288 303 345 487 504 532 706 719 749
13863 266 288 707
13864 266 288 289 305 318 616 632 640 706 707
13865 83 266 288 706
13866 83 169 266 301 305 318 707
13867 23 49 80 83 84 85 107 109 110 112 252 254 256 288 293 294 297 298 301 303 310 356 362 366 369 385 459 520 581 582 604 648 650 733
13868 80 83 109 139 288 307 607
13869 39 42 83 84 123 158 169 252 288 301 303 339 345 473 527 536 626 640 690 706 707 724 728
13870 204 206 367
13871 169 266 303 318 420
13872 41 83 84 107 289 298 301 305 431 512
13873 49 83 84 85 86 110 152 160 173 252 256 288 301 303 310 347 380 427 452 455 506 534 572 631 633
13874 83 205 251 266 288 303 633 706 753
13875 83 108 152 204 206 367 543
13876 83 84 119 169 263 266 288 298 301 318 339 419 506 520 521 707 728
13877 42 83 266 288 301 706 707
13878 36 80 169
13879 83 266 301 706
13880 108 118 206 544
13881 299 354 378 381 407 413 529
13882 39 84 236 252 301 683
13883 83 123 139 152 182 266 288 298 301 303 333 408
13884 84 266 301 706
13885 83 169 252 266 288 301 616
13886 84 190 201 303 506
13887 83 84 89 107 288 301 360 391 397 556 573 585 604 617 759
13888 83 123 169 182 263 274 288 301 339 626 652 653 663 728
13889 83 169 266 289 301 305 339 706 707
13890 169 266 288 318 706 707
13891 41 83 152 169 206 274 288 301 303 367
13892 39 83 84 153 201 211 254 391 539 572 607 631
13893 169 266 301 339 385 706 707 709
13894 83 107 152 204 206 288 301 303 367 539
13895 83 266 287 318 638 706
13896 84 204 206 288
13897 83 152 266 288 301 303 706 707
13898 42 83 84 169 266 273 301 303 318 419 504 507 532 706 707 719
13899 83 152 288 301 303 540
13900 41 152 252 263 289 301 303 341 718 754
13901 23 63 83 84 184 201 303 325 453 459 506 546
13902 152 252 266 288 301 303 706 707
13903 83 169 266 706 707
13904 83 95 169 266 301 303 706
13905 83 252 266 301
13906 37 83 119 169 301 707 719
13907 95 119 266 288 303 339 706
13908 84 201 288 301 424
13909 252 288 303
13910 83 89 107 298 301 308 354 479 512 520 521 546 572 599 604
13911 288 301 709
13912 266 288 301 303 707 709
13913 42 95 119 169 266 288 303 318 339 507 532 707 708
13914 266 288 301 706
13915 95 266 288 706 707
13916 42 83 252 266 288 301 303 345 516 536 707 709
13917 83 266 301 706 707
13918 83 84 303 706
13919 83 144 252 263 266 288 301 339 345 473 626 652 653 706 707 724 728
13920 9 83 84 110 152 201 251 298 301 303 478 482 526 633 663 725
13921 41 83 266 288 303 706 709
13922 46 83 85 155 160 201 252 288 298 301 391 503 551 572 581 598 631
13923 83 301 303 706
13924 83 152 252 294 301 303 378 381
13925 152 263 266 274 288 301 303 339 488 706
13926 83 152 169 266 288 289 301 305 626 690 706
13927 83 84 152 222 288 303
13928 288 301 307 633
13929 266 288 707
13930 266 288 301
13931 83 123 152 266 288 301 631 671 706
13932 84 152 252 301 303
13933 83 252 288 302 526
13934 83 266 303 706
13935 83 252 263 301 670
13936 38 40 42 83 152 169 266 288 301 303 507 532 706 707
13937 83 119 169 252 266 288 301 318 339 419 616 707
13938 6 48 83 152 252 288 298 301 520 539 572 633
13939 40 83 84 110 169 266 288 303 339 616 690 706 707
13940 288 301 303 339 616 632 706 709
13941 84 152 204 252 301
13942 41 83 110 115 288
13943 108 204 206 301 544
13944 42 83 169 263 266 301 305 318 339 419 506 507 532 626 652 706 707 728
13945 83 152 266 301 318 706
13946 83 119 263 273 288 298 301 303 318 419 573 652 653 706 707
13947 95 152 252 266 288 303 690 706
13948 83 152 252 288 301 616 706 707
13949 83 252 301 303
13950 266 288 301 690 706 707
13951 42 83 152 252 266 288 339 626 706 707
13952 55 61 83 84 89 107 152 160 201 251 301 512 520 539 541 572 577 631
13953 301 413 512 743
13954 37 119 122 169 263 266 301 487 504 706 707 719
13955 83 131 252 301 303
13956 83 84 119 169 263 266 298 301 318 339 345 419 506 572 626 706 707
13957 83 169 252 266 288 289 301 305 318 616 632 706
13958 83 119 169 266 301 318 507 532 706 707
13959 288 490 673
13960 48 139 154 182 325 541 615
13961 5 9 39 107 298 301 455 475 559 686
13962 12 29 289 301 305 338 431
13963 80 83 248 263 288 301 478 479 613 631 637 753 759
13964 15 80 107 194 204 254 301 308 367 385 422 544 622
13965 83 84 266 301 303 706
13966 139 182 289 305 404
13967 47 83 84 107 152 155 173 201 251 252 276 279 298 301 410 588 633
13968 83 110 152 301 506
13969 63 80 83 84 123 160 166 201 252 279 298 299 301 303 338 452 453 456 506 631 723
13970 80 84 110 141 177 296 297 299 301 378 391 428 506 512 578 725
13971 83 266 289 303 640 706
13972 4 9 83 110 111 152 288 301
13973 108 206 252 301 367
13974 83 266 288 706
13975 50 52 60 83 107 294 298 301 356 371 443 506 520 631 680
13976 169 266 301 303 632 706
13977 9 42 110 111 119 152 169 182 263 288 301 303 339 345 494 506 626 652 653 728
13978 83 84 107 123 155 165 169 252 263 301 303 308 339 652 653
13979 83 84 112 119 169 288 298 301 384 670 672 690 698 702 736
13980 9 42 83 119 152 266 288 301 303 473 487 706
13981 9 42 83 84 252 288 296 298 301 303 473 487 706
13982 83 256 288 301 303 404 520 526 564
13983 83 252 301 303
13984 266 288 301 303
13985 152 252 263 266 288 301 339 706 707
13986 83 152 266 288 301 706
13987 83 266 288 303 706
13988 83 266 504 638 706 707
13989 42 119 288 301 303 318 507 532 638 706 719
13990 83 266 301 303 706
13991 108 301 303
13992 83 119 169 266 301 305 318 339 419 573 652 653 706 707
13993 110 111 631 632 633
13994 108 204 544
13995 107 201 251 294 301 303 367 512 568 633 758
13996 51 83 110 288 301 355 587
13997 110 111 631 632 633
13998 83 84 303 631
13999 204 206 367
14000 23 39 55 83 84 99 173 201 236 251 252 254 268 279 298 450 452 459 512 520 631
14001 107 116 296 301
14002 199 204 206
14003 152 288 303 485 754
14004 80 153 204 294 296 312 758
14005 288 301 707
14006 266 288 706
14007 182 252 407 697 698 743
14008 252 266 288 301 303 706
14009 83 84 156 160 201 263 288 294 298 539 631
14010 79 83 84 110 152 288
14011 83 107 116 288 301 397 680
14012 41 83 84 107 111 116 252 296 297 301 303 371 374 397 690
14013 84 85 89 107 109 152 160 171 172 251 252 254 263 288 298 301 336 366 369 381 382 475 512 557 574 633 650 725
14014 83 84 110 201 254
14015 83 84 301 303 706
14016 41 83 84 110 111 252 288 296 297 301 371 374 503 506 604 690
14017 301 417 620
14018 123 252 288 301 422
14019 39 83 123 252 301 422 713 753
14020 110 111 116 288 301 397
14021 65 83 84 152 252 301 633
14022 84 107 266 301 631 633 706
14023 107 110 123 152 288 289 298 301 303 305 611 673
14024 108 194 204 206 367
14025 42 152 252 266 289 303 706
14026 84 89 107 172 254 298 301 308 354 380 572 626 631 633
14027 83 109 110 196 296 301 346 369 648 650
14028 90 203 301
14029 108 204 206 252
14030 62 69 83 84 86 160 171 172 178 201 219 252 256 298 301 306 424 520 521 572 582 633 689 690 725
14031 83 108 301 625
14032 83 486 506 631
14033 83 123 124 252 301 489 512
14034 15 80 84 108 204 206 301 544
14035 38 40 83 107 138 152 263 288 296 298 301 386 622 626 663 690 728
14036 108 204 206 367 544
14037 83 85 107 110 201 251 256 294 298 300 301 354 385 520 521 572 599 604
14038 83 84 110 301 303 506
14039 23 83 84 85 110 201 252 255 288 298 376 424 459 478 479 506 512 521 631 713
14040 83 252 266 303
14041 266 301 303 638 706
14042 266 288 706
14043 266 301 303 706
14044 83 152 169 288 289 294 296 301 305 367 506
14045 83 84 95 123 152 252 266 289 303 305 690 706
14046 83 99 252 288 297 301 417
14047 152 182 222 252 289 301
14048 80 83 107 109 152 294 298 362 365 369 391 512 539 618 624 650
14049 83 84 108 201 206 251 301 367 520 539 543 558 759
14050 83 152 182 222 303
14051 40 110 138 301 431
14052 83 84 108 192 206 252 296 301 367 368 544
14053 9 83 84 88 110 201 202 252 301 475 572 643
14054 14 83 84 152 201 248 251 252 263 288 301 487 520 539 546 572 604 619 631 632 633
14055 48 83 84 241 251 301 355 633
14056 44 83 152 252 263 288 289 301 305 611 690
14057 288 301 530
14058 83 84 107 152 263 298 301 520 572 631
14059 42 83 119 152 252 266 288 298 301 303 305 318 506 599 616 626 632 707 725
14060 152 252 266 288 301 632 706
14061 252 266 288 301 303
14062 78 298 301 317 521 572 712
14063 83 84 107 163 173 301 303 353 450 506 711
14064 47 84 93 252 289 298 305 376 539 622
14065 83 84 152 266 303 706
14066 83 303 431 478 599
14067 39 83 89 107 152 169 252 254 298 301 303 345 381 473 502 512 516 725 753
14068 48 49 62 83 84 111 128 152 201 217 236 299 301 336 474 512 539 546 568 582 607 608 633 641 647 755 759
14069 42 83 107 252 288 289 303 305 507 526
14070 37 83 84 119 122 152 169 252 288 298 303 345 487 652 653 690 707 719 749
14071 182 288 540
14072 110 392 468 469 531
14073 83 123 301 303 633 706
14074 83 84 107 152 182 252 266 301 303 478 482 616
14075 301 303 305
14076 83 252 266 301 706
14077 83 288 303
14078 42 84 169 266 288 303 507 532
14079 42 83 110 123 252 288 289 301 303 305 339 507 532 592 690 706
14080 288 301 303
14081 46 77 301 478 540
14082 182 288 303
14083 83 84 85 160 171 172 182 201 211 248 252 256 298 301 415 431 448 452 455 459 521 539 568 572 626 689 756
14084 266 301 706
14085 6 83 143 152 252 289 297 305 690
14086 83 84 152 303 706
14087 6 303 706
14088 83 288 301 303 706 707
14089 83 152 252 263 266 288 301 527 706 709
14090 2 151 288
14091 5 84 107 110 288 300 301 373 385 468 469 531 596 604 624
14092 83 266 301 303 426 515 706
14093 83 288 303
14094 6 83 301 303 706
14095 266 288 303
14096 41 42 83 288 301 507 532 539 758
14097 266 288 706
14098 83 84 169 266 288 303 706
14099 37 83 119 122 169 263 288 303 345 504 616 632 706 707 719
14100 252 288 301 303 707
14101 95 266 288 303 706
14102 83 252 288 303
14103 83 201 254 288 298 301 339 475 568
14104 83 254 298 301 367 512 561 584
14105 84 301 486 631 633
14106 2 83 107 301 673 690 758
14107 108 206 367
14108 47 80 289 301 305 486 506 631
14109 83 95 288 301 336 690 707
14110 83 171 172 173 201 248 252 288 294 301 526 557 568 572 582 631
14111 51 53 83 89 107 238 252 301 391 397 573 585 604 617 759
14112 232 303 305 706
14113 15 80 108 193 194 301 330 543 544
14114 42 73 83 84 296
14115 108 204 206 367 544
14116 84 252 303 371 506
14117 83 152 160 252 279 298 301 526 539 725
14118 55 83 84 107 119 152 201 248 251 252 288 301 303 403 428 441 473 487 506 516 539 631 633
14119 83 152 252 288 301 303 664
14120 243 266 706 707
14121 83 84 252 301 303
14122 53 89 107 238 252 288 301 360 391 397 413 542 604 617 759
14123 15 80 108 301 330
14124 83 120 169 288 301 305 706 707 708
14125 83 110 169 288 301 303 318 341 419 506 626 707 728
14126 84 152 288 298 301 381 407 437 578 743
14127 36 78 83 152 252 263 276 376 466 468 469 529 531 584 589 604
14128 84 152 252 266 288 296 298 301 303 332 527 572 586 633 652 653 706
14129 288 303 706
14130 38 40 42 266 301 303 706
14131 95 152 252 266 301 303 318 339 706 707
14132 83 119 288 301 303 423 626 632
14133 37 83 119 122 169 263 301 345 367 487 493 504 707 719 749
14134 37 83 119 122 263 288 301 345 367 487 493 504 663 707 719 749
14135 37 83 119 122 169 204 263 288 301 345 487 504 663 707 719 749
14136 42 83 95 252 266 288 301 706 707
14137 83 110 197 288 506
14138 80 108 204 206 367
14139 15 80 108 204 206 367 544
14140 80 252 294 298 301 506 631 633
14141 83 84 107 152 252 263 298 301 468 512 531 604 753
14142 4 83 89 107 254 288 293 294 298 300 301 355 577 605 759
14143 15 108 186 204 206 514 544
14144 83 289 301 305 506 690
14145 83 84 266 305 706
14146 266 303 306
14147 48 83 110 182 263 288 301 339 345 706 707 728
14148 47 83 201 251 254 294 298 301 560 572 582 631
14149 9 48 51 83 84 123 169 252 288 298 301 303 325 339 345 626 633 706 707 723 725 728
14150 84 171 391 725
14151 83 107 110 182 296 301 633
14152 83 110 152 252 289 301 303 754
14153 81 84 107 151 160 201 247 248 251 254 356 367 381 410 520 521 572 626
14154 266 706 707
14155 41 169 706
14156 37 83 122 263 288 301 303 345 487 493 504 749
14157 266 288 301 507
14158 83 84 90 107 506 577 622 632
14159 266 288 706
14160 83 84 252 288 303
14161 89 140 157 201 254 301 310 338 381 428 469 512 531 582 604 642 753 759
14162 83 119 169 252 263 288 289 301 303 305 339 419 487 663 707
14163 83 84 152 252 263 288 506 626
14164 83 123 169 252 263 266 288 301 303 339 506 616 706 707 728
14165 80 83 84 107 173 254 266 527 631 706
14166 41 83 84 107 289 298 301 305 512 758
14167 95 266 303 706
14168 42 83 84 120 169 288 301 303 318 339 487 526 640 706 707
14169 1 201 251 254 298 301 303 385 512
14170 83 152 252 288 301 303 507 532
14171 65 83 84 152 252 288 298 303 408 520 572 626 631 633 687 690 723
14172 37 83 119 169 266 288 301 504 616 632 707
14173 37 84 266 288 289 301 305 487 504 707 719
14174 83 84 85 107 109 178 251 301 450 506 568 607 608 677 678 684
14175 48 83 107 132 252 298 301 355 512 735
14176 83 84 266 288 301 303 616 706
14177 84 160 239 242 279 298 301 381 572 749 751 756
14178 83 84 266 301 303 706
14179 84 266 288 301 318 638
14180 83 84 152 277 288 415 441 506 613 620 633 641 642 645
14181 83 84 107 187 263 296 301 303
14182 80 83 84 152 252 288
14183 50 83 152 169 252 288 296 298 301 303 336 339 561 690
14184 83 84 119 256 288 301 303 318 728
14185 42 65 83 84 160 248 252 263 301 345
14186 42 83 266 288 303 305 507 532 706
14187 42 83 119 169 266 301 303 385 507 532 626 706 728
14188 39 78 83 102 123 201 251 252 263 279 293 294 301 374 475 506
14189 266 288 633 706
14190 83 486 574
14191 48 83 107 123 252 288 289 298 301 303 305 611 633 673
14192 38 110 138 301 662
14193 83 119 266 301 303 339 626 706 707 728
14194 83 152 289 301 303 305
14195 84 152 266 288 301 303 706 707
14196 204 206 367
14197 83 252 266 288 301 507 532 706 707
14198 83 84 120 251 252 288 298 301 339 345 381 424 455 473 506 520 521 573 605 626 631 719 728
14199 83 84 89 92 107 110 160 201 252 288 296 301 506 512 519 520 572 577 582 631 641 753 759
14200 79 83 84 250 252 288 298 512
14201 110 111 385 490 620
14202 83 251 298 508 633 753
14203 42 182 263 288 301 616 632
14204 1 83 301 362 503 506
14205 48 83 84 110 123 152 251 252 273 288 301 303 339 506 626 689 706 707 728
14206 41 152 252 288 754
14207 65 83 84 288 301 442 638 641
14208 5 594 595
14209 33 62 112 221 334 477 512 523 562 602 604 670 672 736 759
14210 83 84 152 301 352 512 598
14211 91 95 110 266 288 289 303 305 690 706
14212 83 252 288 301 339 466 706
14213 41 83 288 289 301 303 341 485 754
14214 73 83 84 252 301 539
14215 108 200 204
14216 266 288 303 706
14217 47 196 201 288 336 633
14218 244 407 414
14219 10 11 472
14220 10 272 472
14221 10 13 472
14222 10 11 13 516
14223 10 11 289 303 472
14224 11 13 72
14225 10 13 252 296 472 712
14226 10 11 13 318
14227 11 13 301
14228 10 289 472
14229 10 11 13 263 516
14230 13 80 83 301 303 472
14231 10 11 13 80 83 301
14232 10 11 13 318
14233 7 10 11 13 83 119 263 289 318 352 728
14234 7 13 263 318 472
14235 10 13 289
14236 10 11 318 472
14237 2 7 13 80 83 107 110 119 169 248 263 298 299 301 303 318 328 352 463 476 478 506 626 652 653 725 728
14238 10 13 318 472
14239 7 11 13 289 318
14240 7 10 11 13 83 119 289 318 352 728
14241 7 11 13 472
14242 7 10 11 263 318
14243 7 10 11 38 40 83 110 138 169 263 289 318 728
14244 7 11 289 318 472
14245 7 10 13 40 138 263 289 318 472
14246 7 10 11 119 169 289 301 318 352 472 728
14247 7 10 11 38 40 80 110 119 138 169 263 289 318 352 728
14248 7 10 13 119 288 289 298 299 301 318 463 472 506 626 728 753
14249 7 10 13 263 318
14250 7 10 13 119 169 263 289 318 352 472 728
14251 10 11 13 318
14252 7 10 13 38 110 138 289 472
14253 7 13 263 318 472
14254 7 11 13 38 40 110 289 318 472
14255 7 10 13 83 119 252 288 298 299 318 463 472 506 626 728 753
14256 10 11 318 472
14257 7 11 13 40 138 169 318 472
14258 7 10 11 289 303
14259 7 11 13 263 289 318
14260 7 10 11 289 318
14261 7 13 289 318 472
14262 10 13 318 472
14263 13 288 301 303
14264 7 11 13 119 263 289 301 318 352 472 728
14265 7 10 11 13 83 119 263 301
14266 11 13 472
14267 10 11 252 288 301 472
14268 10 11 13 37 80 83 119 263 288 301 728
14269 10 11 37 80 83 263 301 345 472 487 728
14270 11 13 169 289
14271 10 11 13
14272 10 11 13 272 303 472
14273 10 11 289 301
14274 10 11 698
14275 10 13 303 397 472 561
14276 10 13 169 289
14277 10 13 697
14278 10 11 472
14279 10 13 420
14280 10 13 272
14281 11 13 472
14282 11 289 472
14283 10 11 13
14284 10 11 698
14285 7 11 13 420 472
14286 11 13 289 301
14287 13 169 289
14288 13 169 289
14289 10 11 697
14290 10 11 13
14291 10 11 13
14292 48 83 84 121 397 598
14293 10 11 13 573
14294 11 13 301 472 573
14295 10 11 13
14296 10 11 301 573
14297 10 13 72 301
14298 11 13 289 301 305 472 663
14299 10 11 13 252 289 303 305
14300 10 11 13 301 663
14301 10 13 289
14302 10 11 83 252 301 303 573 663
14303 11 13 169
14304 10 169 288
14305 10 11 169 289
14306 11 169 301 638
14307 10 11 472
14308 10 11 48 83 89 92 98 157 160 317 472 506
14309 5 48 84 92 98 298 317 506
14310 10 11 13 303 472
14311 10 11 13 263
14312 10 11 13 263 472
14313 10 169 289
14314 10 11 13 252 301 472 603
14315 10 13 169 252 301 332 472 603
14316 10 13 289 301
14317 11 13 698
14318 11 13 169 289
14319 10 11 697
14320 10 11 289 301
14321 40 41 83 152 263 288 301 303 341 485
14322 11 13 272
14323 10 11 263 301 663
14324 7 10 11 573
14325 10 11 288
14326 10 13 169 263 289 301 303 472 488 506 561 626 728
14327 10 13 41 83 263 272 296 301 303 472 478
14328 11 13 488
14329 10 13 289 301 561
14330 10 13 288 301
14331 10 11 13 289 473
14332 10 13 288
14333 10 11 13 143 252 289 301 305 663
14334 13 252 289 303 472
14335 83 110 289 296 301 305
14336 37 41 83 263 288 289 301
14337 84 252 288 301
14338 110 288 301 303 706
14339 7 83 107 119 169 182 296 301 303 388 487 616
14340 50 80 296 301 561
14341 115 263 288 301 352 473
14342 89 152 157 288 301 598
14343 108 204 206 367
14344 41 77 128 263 301
14345 3 53 83 89 107 152 166 252 290 291 303 360 391 397 407 413 414 542 556 573 604 617 743 759
14346 48 50 83 252 288 296 301 546
14347 72 83 107 236 288 301 478 479
14348 3 4 53 89 107 152 166 238 288 290 291 301 303 360 391 397 407 413 414 556 604 617 743
14349 3 4 53 83 89 152 166 238 252 290 291 301 303 391 407 413 414 542 556 604 617 743 759
14350 41 46 128 263 301
14351 84 152 203 539
14352 83 152 169 266 301 616 632 706
14353 40 42 138 266 288 706
14354 80 110 289 301 305 512 559
14355 4 98 157 254 296 478
14356 41 110 263 288 289 301 341 485 754
14357 3 4 89 107 166 238 252 288 290 291 301 303 360 397 407 413 414 542 556 604 617 743 759
14358 108 543 758
14359 2 83 254 263 298 301 351 356 391 512 577 591 599 633 725 759
14360 83 110 116 288 301 371
14361 2 83 190 288 289 301 305 690
14362 110 111 116
14363 78 109 369 448 455 546 648 650
14364 107 110 116 371
14365 83 89 93 300 301
14366 5 83 246 288 301 303 506 546 633
14367 83 468 469 478 531 645
14368 48 83 201 236 288 289 298 336 354 381 506 512
14369 83 84 110 116 289 301 371 397
14370 83 110 157 288 289 301
14371 252 288 301 598
14372 88 107 111 116 301 371 397
14373 83 110 288 296 301 506 615
14374 241 288 301
14375 83 152 288 301 506 539 759
14376 48 84 288 301
14377 83 252 288 423
14378 204 206 288
14379 83 84 152 252 289 301 305 512 539
14380 84 107 152 252 263 288 301 539
14381 83 152 252 301 303 706
14382 48 83 110 157 263 289 296 301 305
14383 240 301 305
14384 263 266 288 303 706
14385 288 301 633
14386 47 48 84 301
14387 47 48 83 301 753
14388 80 83 107 153 251 298 301 403 725
14389 73 190 252 288 301
14390 83 84 107 152 252 288 539
14391 7 83 119 152 252 288 289 301 305 339 345 473 616 632
14392 83 301 303 539 758
14393 288 301 303
14394 288 301 303 539
14395 263 288 303 539
14396 41 263 301 303
14397 263 288 301 539
14398 89 288 301
14399 83 115 263 288 352 473
14400 107 110 116 371
14401 83 115 169 301 352 473
14402 288 301 303
14403 108 204 206 367
14404 79 83 128 220 301 506
14405 3 4 53 83 89 107 152 166 252 290 291 303 360 391 397 407 413 414 542 556 617 743 759
14406 3 4 53 83 89 107 152 166 238 291 301 303 391 397 407 413 414 542 556 604 617 743
14407 288 301 303
14408 41 77 128 263 301
14409 115 143 288 296 301 488 561 616 632 706
14410 4 98 110 294 296 298 367
14411 2 110 111 202 301 623
14412 83 110 111 301 371 397
14413 215 301 512 563
14414 41 252 301 303 485
14415 288 301 303
14416 83 252 288 289 301 305
14417 41 252 301 303 341
14418 83 115 263 288 352 728
14419 263 301 758
14420 58 84 87 107 110 152 160 166 201 252 263 298 301 303 338 356 381 428 431 506 539 547 598 633 690 725
14421 3 4 53 83 107 166 238 252 288 290 291 301 360 391 397 413 414 542 556 604 617 743 759
14422 83 110 152 288 301 690
14423 38 42 110 138 266 288 301
14424 5 84 107 301 374
14425 48 83 152 289 301 305 560
14426 288 289 301 512 539
14427 83 263 301 303
14428 84 107 110 111 116 301 371 397 506
14429 38 40 110 301 303 431 573
14430 48 80 83 89 98 107 110 166 201 236 252 301 303 338 475 506 546 631 633 725
14431 107 110 111 153 263 297 371 397 660
14432 3 4 53 83 89 107 152 166 238 288 290 291 301 360 391 397 407 414 542 556 604 617 743
14433 83 107 110 252 289 294 296 297 301 391 413 502 512 560 690 743
14434 83 89 125 128 345 354 473 481 546 557 597 599 753
14435 108 301 330 722
14436 108 330 722
14437 108 330 722
14438 152 252 266 288 301 303 706
14439 108 296 301 330 544 722
14440 108 330 722
14441 83 95 252 266 288 289 301 690 706
14442 288 301 303
14443 84 110 116 296 371
14444 108 204 206 367
14445 83 107 111 116 288 301 371 506 680
14446 83 266 301 706
14447 83 107 263 288 301 381 475 539
14448 83 108 252 289 296 303 305
14449 38 40 83 107 138 252 263 288 298 301 331 386 388 482 507 532 603 622
14450 110 111 371 506
14451 83 95 252 266 288 301 706
14452 83 95 110 266 289 301 706
14453 83 288 289 301 303 305 423 481 690
14454 41 288 301 305 423 481
14455 83 131 152 252 288 289 301 303 305 423 485
14456 83 169 252 266 288 289 296 301 305 408 473 706 707 728
14457 289 305 473
14458 84 252 288 301
14459 83 152 252 289 298 301 303 305 423
14460 2 263 355
14461 41 80 83 169 266 706
14462 41 83 152 263 288 289 301 485
14463 95 288 303 706
14464 80 107 252 301 578
14465 40 41 83 263 288 289 298 301 345 485 487 718 754
14466 83 169 266 303 706
14467 83 266 288 301 303 706
14468 301 303 338 506
14469 3 4 83 89 152 166 238 291 301 303 360 391 397 407 413 414 542 556 604 617 743 759
14470 80 157 254 263 288 298 301 346 560
14471 107 110 116 371 506
14472 83 169 266 296 301 386 527 706
14473 204 206 301 367
14474 80 84 289 301 512
14475 42 83 266 301 303 305 706
14476 266 303 706
14477 3 4 53 89 107 152 166 238 252 288 290 391 397 407 413 414 542 556 604 617 743 759
14478 252 266 288 301 318 616 632 706
14479 41 83 110 288 289 303 341 485 754
14480 139 366 369
14481 41 83 152 252 288 289 303 341
14482 108 200 204
14483 187 289 301 303 305
14484 83 266 301 706 707
14485 83 89 125 128 345 354 473 481 546 557 597 599 753
14486 200 206 367
14487 108 204 206 367
14488 169 266 288 301 386 622 706
14489 83 84 110 152 298 539 633 684
14490 83 152 252 263 266 288 301 385 706
14491 41 83 252 263 289 301 341 754
14492 108 252 307
14493 41 152 263 288 289 301 485 754
14494 83 263 266 289 296 301 527 622 706 709
14495 182 288 301
14496 83 111 116 252 263 288 296 301 371 397 506
14497 38 40 263 431
14498 41 83 110 263 289 301 341 485 754
14499 84 89 128 301 345 354 445 473 481 546 557 597 599
14500 252 301 461
14501 4 110 111
14502 169 266 706
14503 9 110 123 169 274 288 289 296 301 303 305 488 561
14504 83 110 288 289 296 297 301 305 690
14505 83 252 263 266 289 301 303 616 632
14506 83 110 116 288 301 397
14507 152 263 289 301 512
14508 83 134 303 506 638
14509 76 83 152 252 288 529
14510 107 301 303 324 758
14511 83 252 266 303 706
14512 152 252 303 341 754
14513 48 83 110 288 289 297 298 301 303 305 592 690 706
14514 3 4 53 83 89 152 166 238 290 291 301 303 360 391 397 407 413 542 556 604 617 743 759
14515 83 125 128 288 345 354 473 481 546 557 597 599 753
14516 288 305 432
14517 83 152 169 266 288 289 706
14518 83 152 288 296 301 561
14519 83 110 111 116 301 371
14520 3 4 53 89 107 166 238 252 290 291 301 303 360 391 397 407 413 414 542 556 604 617 759
14521 83 98 107 152 191 288 297 298 301 305 316 395 417 512 592 631 690 727
14522 3 4 53 89 107 152 166 238 252 288 291 360 391 397 407 413 414 542 556 604 617 743 759
14523 182 288 301
14524 84 107 152 196 252 288 301 303 624
14525 83 110 152 187 288 301 539
14526 95 252 266 706
14527 83 115 252 288 289 301 305 345 413 473 487 743
14528 169 252 288 301
14529 83 152 288 289 301 423 506
14530 152 252 266 301 303 706
14531 83 95 110 266 288 305 336 690 706
14532 65 83 110 111 289 303 305 753
14533 200 206 367
14534 58 78 83 84 87 107 134 301 338 547 631 638
14535 288 384 697
14536 48 58 62 84 87 107 134 143 152 201 288 298 301 303 338 352 356 428 431 473 598 631 633 663
14537 289 391 690
14538 119 289 638
14539 266 303 706
14540 41 110 252 263 289 301 341 485 754
14541 41 83 252 303 485
14542 3 4 53 89 107 152 166 238 288 290 303 360 391 397 407 413 414 542 556 604 617 743 759
14543 41 266 301 303 495 532 706
14544 83 252 266 301 303
14545 37 43 83 107 123 169 252 274 288 301 303 345 408 478 482 584 736
14546 42 83 143 152 252 263 288 298 301 339 408 478 482 487 626 652 663
14547 9 43 83 123 169 252 263 266 288 303 408 478 482 540 626 652 663 706
14548 37 38 83 152 169 252 263 266 301 303 408 473 652 663 706
14549 266 301 303
14550 65 83 288 303
14551 152 169 266 288 303 706 707
14552 40 110 263 303 431
14553 41 110 263 288 289 303 341 485 754
14554 10 697 698
14555 14 83 190 251 288 298 301 506 725
14556 83 89 107 190 252 298 301 355 478 539 690
14557 83 252 301 303
14558 263 296 303 512 753
14559 80 252 288 301 486
14560 83 252 266 301 706
14561 41 83 152 288 289 301 303 341 485 754
14562 48 80 83 152 252 288 301 455 512 539
14563 50 83 107 288 296 298 301 413 414 481 512 543 604 619 631 690 743 753 759
14564 50 107 252 288 289 296 298 301 413 414 481 512 543 604 619 631 690 743 753 759
14565 107 152 252 288 289 301 305 690
14566 107 288 470
14567 152 227 288 301 403 539
14568 108 543 544
14569 83 84 110 288 296 633
14570 84 203 380 486 727
14571 203 288 619
14572 89 128 288 301 354 445 473 481 546 557 597 599 753
14573 83 110 252 288 297 298 301 376 512 592 690 725
14574 84 89 177 201 251 288 298 301 478 482 495 506 626 633 652 728
14575 20 543 712
14576 83 107 110 263 297 560 592 619 690
14577 107 110 111 288 297 560 690 753
14578 107 111 263 288 297 301 560 592 690
14579 90 107 110 111 263 297 560 592 619 690 753
14580 263 391 592 690
14581 80 83 107 157 288 298 346 560 753
14582 107 169 266 296 388 527 706
14583 288 301 506
14584 3 4 53 83 89 107 166 238 252 290 291 301 303 360 391 397 407 413 414 556 604 617 743
14585 83 98 188 203 252 301 539 633
14586 98 187 188 203 301 539
14587 83 152 288 298 301 482 512 598
14588 108 252 544
14589 3 4 53 89 152 166 238 252 288 290 291 301 391 397 407 413 414 542 556 604 617 743 759
14590 41 83 288 303 485
14591 37 83 119 182 252 288 296 301 345 481 487
14592 83 152 252 301 303
14593 38 40 41 83 107 110 138 143 169 252 288 296 301 303 386 388 584 622 663
14594 38 40 41 83 107 119 138 169 252 266 288 301 303 386 388 487 584 622 663
14595 20 541 712
14596 83 123 152 252 263 288 296 298 301 303 386 388 622 675
14597 83 95 110 152 252 266 288 296 297 303 336 488 561 690 706
14598 203 301 380 486 727
14599 288 486 619
14600 48 50 83 107 288 296 301 546
14601 83 107 177 202 294 298 301 381 512 541 618 631 642
14602 83 107 110 197 288 301 364 404 521
14603 4 53 83 89 107 152 166 238 252 288 290 291 360 391 397 413 414 522 542 556 573 604 617 759
14604 83 152 197 252 288 303 506
14605 83 197 263 301 364 506 640
14606 197 288 301 303
14607 83 263 288 303 364 640
14608 50 83 107 289 296 298 301 413 414 481 512 543 604 619 631 690 743 753 759
14609 50 83 107 152 288 289 296 298 413 414 481 512 543 604 619 631 690 743 753 759
14610 3 4 83 89 107 166 238 288 290 291 303 360 391 397 407 413 414 542 556 604 617 743 759
14611 266 301 303 573
14612 107 110 116 371
14613 48 50 83 107 252 296 301 546
14614 48 50 83 107 252 296 301 345
14615 110 152 252 288 301 539 573 690
14616 288 303 319
14617 78 83 89 128 152 158 252 288 294 298 356 367 381 385 512 539 546 577 631 632 712 759
14618 83 107 110 111 116 296 371
14619 3 4 89 107 166 238 288 291 301 303 360 391 397 407 413 414 542 556 604 617 743 759
14620 3 4 53 83 89 107 152 166 252 290 291 301 360 391 397 407 413 414 542 556 604 617 759
14621 41 152 252 288 341
14622 288 289 301 305
14623 107 111 116 506
14624 3 4 53 89 107 152 166 238 288 290 291 301 303 360 391 413 414 542 556 604 617 743 759
14625 3 4 53 83 89 107 152 166 238 252 288 290 291 303 360 397 407 414 542 556 604 617 743
14626 169 301 305
14627 7 83 182 263
14628 83 95 119 169 252 266 288 289 301 303 305
14629 110 182 288 301 384 698 702
14630 3 4 53 83 89 107 152 166 238 252 290 301 391 397 407 413 414 542 556 604 617 743
14631 80 108 252 543
14632 3 4 89 152 166 238 288 290 301 303 360 391 397 407 413 414 542 556 604 617 743 759
14633 3 4 53 83 89 107 166 238 252 290 291 301 303 360 391 397 407 413 542 556 617 743 759
14634 3 4 53 83 89 107 166 238 288 290 291 301 303 391 407 413 414 522 542 573 604 617 743 759
14635 3 4 53 89 107 152 166 238 252 288 291 301 360 391 397 407 413 414 542 556 604 617 759
14636 83 107 143 169 182 263 288 296 301 386 487 616 663
14637 2 48 107 289 296 753
14638 119 143 169 182 288 296 301 303 388 487 616 632 663
14639 38 40 42 110 138 301 303
14640 169 182 288
14641 83 110 111 116 301 397 506
14642 4 294 301 312 591
14643 41 252 288 301 341 485 754
14644 257 288 301
14645 3 4 53 83 89 107 166 252 291 303 360 391 397 407 413 414 542 556 604 617 743 759
14646 152 252 288 512
14647 50 107 252 289 296 298 301 413 414 481 512 543 604 619 631 690 743 753 759
14648 50 83 107 152 252 296 298 301 407 413 481 512 543 604 619 631 690 743 753 759
14649 83 152 288 289 296 301 305 414 743
14650 288 289 296 301 303 305 413 414
14651 83 288 289 296 305 407 743
14652 252 263 288 298 301 303 308 345 487 725
14653 7 83 119 152 169 252 263 266 288 296 301 386
14654 234 266 706
14655 83 89 125 128 345 354 473 481 546 557 597 599 753
14656 76 83 301 304 312 478
14657 38 138 263 431
14658 182 288 301
14659 197 288 301 364
14660 38 110 138 288 431
14661 83 107 110 152 288 503 549 560
14662 252 288 301 591 722
14663 83 169 266 288 388 706
14664 111 116 371 712
14665 83 301 303 341 754
14666 83 263 301 303 364 506
14667 182 288 407 414
14668 266 288 303 632 706
14669 83 108 194 252 288 301 330
14670 41 83 252 303 754
14671 48 109 369 648 650
14672 83 89 128 345 354 445 473 481 546 557 597 599 753
14673 266 288 303 616 706
14674 98 296 301 591
14675 2 83 252
14676 83 288 301 354 407 743
14677 83 143 252 274 288 296 298 301 303 506 626 663 728
14678 4 83 107 156 288 584 605
14679 41 83 152 301 341 485 754
14680 108 204 206 301
14681 3 4 53 83 107 152 166 238 288 291 303 360 391 397 407 413 414 522 542 604 617 743 759
14682 84 110 111 296 301 675
14683 83 152 169 252 266 301 532 706
14684 169 266 301 303 507 532 706 709
14685 83 288 303 706
14686 83 95 266 288 289 303 305 592 690 706
14687 40 110 301 431 670
14688 3 4 53 83 89 152 166 238 252 290 301 303 360 391 397 407 413 414 542 556 604 617 743
14689 111 371 506
14690 4 43 52 83 89 157 158 203 252 263 296 301 305 338 356 381 431 475 560 566 596 605 690 753
14691 3 4 53 89 152 166 238 252 288 291 301 303 360 391 397 407 413 414 522 556 604 617 743
14692 83 182 288 303 506 697
14693 83 301 303 423 663 698
14694 83 107 165 296 301 690
14695 3 4 53 83 89 166 238 252 288 290 303 391 397 407 413 414 542 556 573 604 617 743 759
14696 84 110 111 371 397 690
14697 41 83 110 152 288 289 301 341 485 718
14698 3 4 53 89 107 152 166 238 252 288 291 301 391 397 407 413 414 542 556 604 617 759
14699 3 4 83 89 107 166 238 288 290 291 301 360 391 397 407 413 414 522 556 604 617 743 759
14700 252 288 301
14701 48 83 95 266 289 297 298 301 303 305 336 592 690 706
14702 1 4 83 89 110 157 241 252 263 288 298 301 312 506 512 577 690 753 759
14703 41 83 152 289 301 303 341 485
14704 110 111 254 279 288 296 298 301 355 395 441 506 560 596 643
14705 41 252 266 288 301 303 536 706
14706 169 288 706
14707 263 296 489 539 753
14708 84 90 301 622
14709 40 138 263 431
14710 83 110 252 289 301 303 341 485 754
14711 83 152 266 301 303 706
14712 83 107 111 116 153 301 371 397
14713 48 50 83 84 107 252 296 546
14714 3 4 53 83 89 107 166 252 290 291 301 391 397 407 413 414 522 542 556 604 617 743 759
14715 152 169 288 301 303 573
14716 83 107 263 288 293 297 301 366 367 385 609 648 650 753
14717 83 152 266 296 301 303 388 616 632 706
14718 43 83 169 263 266 288 298 301 303 482 618 626 663
14719 152 252 288 301
14720 288 301 303
14721 266 303 706
14722 41 263 288 289 301 303 485
14723 36 697 698 702 703
14724 83 95 266 288 301 305 690 706
14725 91 95 110 266 288 289 297 301 303 305
14726 288 301 303
14727 3 4 83 89 107 152 166 238 290 291 301 360 391 397 413 414 522 542 556 604 617 743 759
14728 89 125 128 301 345 354 473 481 546 557 597 599 753
14729 266 288 301 303 707
14730 9 43 83 123 169 252 288 298 301 303 408 478 482 487 495 506 652 697 698 706
14731 152 288 512 539 618
14732 41 252 263 288 298 301 303 632 758
14733 83 95 266 303
14734 83 152 252 266 303 632 706
14735 42 83 95 152 266 288 301 303 690 706
14736 288 289 305
14737 83 107 110 288 301 479 512
14738 289 301 305 638
14739 83 288 512 712
14740 169 263 301 303 495
14741 263 288 301 303 683
14742 263 303 683
14743 2 83 160 240 288 301 478 626 632 642
14744 266 288 706
14745 48 83 110 152 153 252 288 296 297 301 473 487 512 546 584 663 753
14746 83 301 364 506
14747 83 266 303 318 507 532 706 709
14748 76 84 107 201 241 288 298 301 354 397 478 512 620
14749 169 266 301 706
14750 83 107 263 286 288 296 301 478 481 584 609 655 753
14751 3 4 53 89 107 152 166 238 290 291 301 303 360 391 397 407 414 522 542 604 617 743 759
14752 41 83 288 303 485
14753 80 83 152 288 289 305 385 690
14754 83 95 152 266 288 336 706
14755 197 252 288
14756 3 4 83 89 107 152 166 238 252 290 291 301 360 397 407 414 522 542 556 573 604 617 743 759
14757 3 4 53 89 107 152 166 238 252 288 290 291 303 360 391 397 407 413 542 556 604 617 759
14758 83 294 301 303 624 632
14759 20 541 543
14760 83 115 119 345 423 473 506 626 633 728
14761 3 4 53 83 89 107 166 238 252 288 291 303 360 391 407 413 414 522 542 556 604 617 759
14762 41 83 252 301 341
14763 3 4 53 89 107 166 238 252 288 303 360 391 397 407 413 414 522 542 556 604 617 743 759
14764 83 169 266 288 303 706
14765 83 95 266 289 297 301 303 305 336 690 706
14766 83 252 288 301 326 355 512 598
14767 83 152 288 294 301 367 512
14768 263 288 289 301 305
14769 169 288 303
14770 80 83 169 266 506 706
14771 83 266 288 303
14772 120 152 301 690
14773 83 95 266 289 303 305 336 690 706
14774 83 222 252 288 301 371 512
14775 84 89 125 128 288 345 354 445 473 481 546 597 599
14776 83 252 263 301 303 485 690
14777 83 89 128 345 354 445 473 481 546 557 597 599 753
14778 41 83 288 301 303 341
14779 47 83 276 289 355
14780 288 301 706
14781 84 128 252 301 354
14782 40 41 83 110 263 288 301 485 754
14783 152 301 303 485 754
14784 197 252 301 364
14785 83 84 110 111 116 397
14786 108 200 204 206
14787 9 42 138 143 252 288 289 296 301 303 305 385 408 663
14788 83 252 289 301 305 512 520 631 633
14789 3 4 89 107 152 166 238 252 288 290 303 360 391 407 413 414 542 556 604 617 743 759
14790 41 252 288 301 341 485 754
14791 288 296 301 407 414 690
14792 83 109 221 252 296 299 608
14793 42 243 266 488 536 706 709
14794 83 90 203 296 336
14795 7 16 83 288 301 303 467 584 690
14796 83 266 288 303 706 707
14797 83 301 303 706 707
14798 80 110 111 227 478 605
14799 4 111 753
14800 38 110 138 301 303 706
14801 83 252 301 706
14802 48 80 83 89 107 230 254 288 289 301 355 391 512 519 520 577 622 631 642 712
14803 83 252 288 301 354 512 753
14804 2 83 152 244 252 288 301 506 631 633
14805 169 288 301
14806 83 169 266 288 301 616
14807 38 40 42 138 288 303
14808 84 110 116 252 371
14809 138 263 288 431 670
14810 2 48 83 301 539 635
14811 83 288 301 303 336 706
14812 38 263 301 431 670
14813 42 288 303 706
14814 83 288 403
14815 23 78 83 84 160 279 298 381 450 506 539 557 599 725
14816 252 266 288 301 706
14817 76 83 263 288 289 301
14818 301 353 363 366 369 650
14819 289 301 305
14820 252 266 288 301 318 706
14821 41 288 301 303 341
14822 2 51 83 107 111 202 263 298 301 481 512 560 598 759
14823 83 84 107 110 252 263 296 297 298 506 520 631 632 690
14824 288 289 468 469 531
14825 221 607 608
14826 288 301 690
14827 187 188 202 252 263 312 366 369 577 648 650
14828 7 48 83 120 123 169 197 252 263 288 301 303 626 640 728
14829 289 305 512
14830 33 222 363
14831 83 152 252 263 288 301
14832 3 4 53 83 89 107 152 166 238 252 288 290 301 360 397 407 413 414 556 573 604 617 743
14833 83 152 203 252 296 539
14834 169 288 303
14835 95 266 301 303 707
14836 266 288 706
14837 83 288 301 338 506 512
14838 83 243 263 266 301 706
14839 108 152 252 289 301 305 526 544
14840 83 266 288 706
14841 83 182 288
14842 41 83 252 263 289 301 341 485 754
14843 288 301 303
14844 41 83 252 288 289 303 485
14845 107 110 116 371
14846 41 83 152 252 263 288 289 341 473 485 754
14847 3 4 53 89 107 152 166 288 290 291 301 303 360 391 397 407 413 522 542 556 573 617 743 759
14848 288 706 707
14849 2 78 80 83 110 289 301 305 506 598 632
14850 108 543 544
14851 83 169 266 706
14852 83 95 110 152 266 289 297 301 303 305 690 706
14853 263 296 303 512 753
14854 41 152 252 301 485
14855 266 288 706
14856 80 108 194 289 544
14857 83 84 107 110 140 301 316 385 403 428 613 632 753
14858 107 152 182 252 288 289 296 301 305
14859 83 84 143 152 169 252 289 296 301 303 305 663
14860 83 107 214 252 288 289 296 303 663
14861 44 289 305
14862 83 169 263 266 301 303
14863 108 204 288 289 305 367 544
14864 108 200 204 367
14865 108 200 301 367
14866 44 115 119 345 423 473 506 626 633 728
14867 40 83 152 252 263 266 288 301 536 706
14868 266 303 706
14869 89 107 109 114 222 242 252 276 355 362 366 369 584 607 650 690
14870 84 125 128 288 345 354 473 481 546 557 597 599 753
14871 90 132 296 298 301 308 355 560 690
14872 83 95 152 252 288 301 690
14873 108 206 289 301 305 367
14874 108 200 206
14875 95 152 266 288 303 706
14876 83 152 252 288 475 503 539 633
14877 3 4 53 83 107 152 166 238 252 290 291 303 360 391 397 407 413 414 522 542 573 604 617 759
14878 83 182 303 616 632
14879 288 289 301
14880 95 266 706
14881 2 83 288 289 296 301 305 512
14882 110 116 301 371 397 506 680
14883 83 84 152 301
14884 47 288 301 307
14885 1 48 107 424 523
14886 42 266 301 303 706
14887 83 288 338 506
14888 83 263 288 289 301 305
14889 7 48 83 110 152 196 690
14890 131 288 301
14891 83 288 303
14892 200 206 367 420
14893 83 506 529 539 725
14894 95 266 288 297 301 305 336 527 690 706
14895 169 182 288 301
14896 266 289 303 305
14897 83 254 301 303 441 626 631
14898 16 289 301 305
14899 83 107 110 263 288 296 301
14900 3 4 53 83 89 107 166 288 290 301 303 360 397 407 413 414 542 556 604 617 743 759
14901 83 203 227 236 289
14902 83 112 301 311 397 512
14903 3 4 53 83 89 152 166 238 288 290 291 301 303 391 397 407 413 414 522 556 617 743 759
14904 3 4 83 107 166 238 252 290 291 301 303 391 397 407 413 414 522 542 556 604 617 743 759
14905 266 288 301
14906 38 40 110 138 288
14907 83 107 111 116 288 301 506
14908 83 98 110 111 288 296 301 690
14909 252 266 301 706
14910 169 266 288 301 706
14911 41 83 110 252 289 301 341 485 754
14912 84 94 288 506
14913 4 288 407 414 512 539 743
14914 83 110 116 288 301 371
14915 83 107 119 169 296 301 303 386 420 487 506 573 622 728
14916 266 288 706
14917 108 296 301
14918 266 288 706
14919 83 289 301 305 725
14920 83 89 125 128 288 354 445 473 481 546 597 599 753
14921 84 153 252 288 298 301 356 478 482 506 539 725
14922 7 266 301
14923 41 288 301 303 754
14924 266 288 706
14925 83 266 706 709
14926 301 417 506 614
14927 83 288 296 690
14928 83 252 266 706
14929 266 288 301 706
14930 83 169 266 706
14931 3 4 89 107 152 166 238 252 288 290 291 301 360 391 397 407 413 414 522 542 604 617 743
14932 3 4 53 89 152 166 238 252 288 290 301 303 360 391 397 407 413 414 522 542 556 573 604 743
14933 83 266 301 706
14934 3 4 53 83 89 152 166 252 288 290 291 360 391 397 407 413 414 542 556 604 617 743 759
14935 41 83 110 252 263 289 341 485 754
14936 83 152 252 301 303 584 706 728
14937 266 288 289 303 355 706
14938 83 252 288 341 754
14939 83 152 266 303 706
14940 169 266 288 303 706
14941 288 289 301
14942 83 110 163 213 252 288 301 598
14943 89 128 301 345 354 445 473 481 546 557 597 599 753
14944 41 83 152 252 341 485
14945 157 296 578
14946 83 107 110 227 288 529 650
14947 40 41 83 110 252 263 288 289 341 345 473 485 718
14948 3 4 53 83 89 107 166 238 288 290 301 360 391 397 413 414 522 542 556 604 617 743 759
14949 41 263 288 289 301 303 341 485 754
14950 48 83 173 240 506 617
14951 108 204 206 367
14952 108 204 206 544
14953 41 83 152 288 296 298 301 303 512 516
14954 41 83 110 263 301 303
14955 110 263 512
14956 2 4 110 288 294 296 301 354
14957 38 138 197
14958 83 119 123 169 263 274 288 301 303 345 473 506 626 706
14959 7 83 266 288 289 297 303 305 536 592 690 706
14960 41 83 152 263 288 289 341 754
14961 83 201 241 251 252 263 288 298 301 304 520 577 632 633
14962 89 125 128 301 345 354 473 481 546 557 597 599 753
14963 83 177 294 512 712
14964 83 288 289 301 305 496
14965 109 111 227 297 303 366 385 479 648 650
14966 95 110 288 289 303 305 336 690 706
14967 252 288 301 706
14968 289 301 305
14969 153 385 502 615 619 712
14970 107 110 288 301 371 397 680
14971 4 89 98 107 166 201 288 296 301 354 355 367 385 506 512 519 577 622 629 735
14972 41 83 110 252 288 289 303 485 718 754
14973 41 83 288 301 341 485 754
14974 41 83 301 303 341 754
14975 41 83 110 252 289 301 341 485 754
14976 41 152 252 288 289 301 341 754
14977 171 172 241 301
14978 80 241 252 301 539
14979 169 266 288 301
14980 41 83 301 303 485
14981 288 301 706
14982 169 266 288 301 386 706
14983 80 111 288
14984 3 4 53 83 89 107 166 238 252 291 301 360 391 397 407 414 522 542 556 604 617 743 759
14985 83 110 111 287 385
14986 3 4 53 83 89 107 152 166 238 288 291 303 360 391 397 407 413 414 542 556 573 604 617 743
14987 83 110 111 116 252 297 397 506 680
14988 3 4 83 89 107 166 252 288 290 291 360 391 397 407 413 414 522 542 556 573 604 617 743 759
14989 41 83 252 303 485
14990 152 252 288 303 690 706
14991 51 84 107 152 252 297 381 403 468 469 560 592 604 753
14992 266 288 709
14993 83 110 182 266 288 301 303 584 706
14994 83 169 266 288
14995 83 252 301 726
14996 108 200 204
14997 36 266 289 301 523 541 706
14998 182 288 289 301 303 690
14999 413 414 617
15000 42 266 289 303 305 507 523 532 698
15001 42 266 301 303 305 536 709
15002 84 301 305 352 423
15003 288 289 352
15004 152 252 288 301 303
15005 288 301 512 712
15006 83 110 111 353 371 397 506 679
15007 83 169 266 288 301 303 706
15008 84 288 298 301 385 520 631
15009 83 243 266 288 297 301 305 592 690 706
15010 95 252 266 301 303 336
15011 2 261 263 301 355 592 605 712 725 759
15012 4 261 301 355 592 605 712 725 759
15013 2 83 107 263 355 381 512 605 712 759
15014 2 39 83 89 99 107 254 288 294 301 355 367 381 512 520 572 604 622 631 632 712 759
15015 83 252 266 288 303 706 709
15016 41 152 252 288 754
15017 3 4 53 89 107 152 166 238 290 291 301 303 360 391 397 407 413 522 556 604 617 743 759
15018 288 296 512
15019 41 83 110 152 263 288 289 485
15020 89 125 128 301 345 354 445 473 481 546 597 599 753
15021 50 83 152 194 296 301 330 561
15022 41 83 152 266 288 301 706
15023 83 152 252 288 289 301 303 305 729
15024 83 110 111 288 301 397 660 680
15025 38 42 106 110 252 263 301 303
15026 83 252 288
15027 6 20 41 83 107 152 243 252 288 296 301 386 388 507 532 622
15028 83 152 252 341 754
15029 266 301 706
15030 41 288 301 303 532
15031 48 303 468 469 531
15032 40 41 83 110 119 138 143 169 252 266 288 301 386 388 487 584 622 663 706
15033 169 182 288
15034 41 83 288 303 485
15035 266 301 664
15036 83 84 89 128 345 354 445 473 481 546 557 597 599
15037 202 266 301 303 706
15038 112 182 288
15039 83 110 152 252 288 289 303 485
15040 89 125 128 288 345 354 445 473 481 546 557 599 753
15041 41 110 252 263 288 289 341 485 754
15042 288 301 319
15043 81 83 84 160 201 251 256 279 288 296 298 402 506 520 604 620 631 633 725 733
15044 83 84 110 116 289 301 305 397
15045 83 152 252 254 288 301 431 506
15046 111 134 227 338 385 690
15047 95 110 266 289 301 690 706
15048 83 107 288 296 297 298 301 512 592 690
15049 83 296 297 301 362 407 413
15050 41 152 263 288 301 303 341 754
15051 55 83 107 153 252 298 356 381 520 546 572 604 631
15052 83 95 110 152 169 252 288 289 297 301 303 305 318 386 388 592 616 622 632 690 707
15053 182 288 301 303 319
15054 3 4 53 83 89 107 152 166 238 290 291 303 391 397 407 413 414 522 542 556 604 617 759
15055 83 95 288 706
15056 169 266 288 301 388 706
15057 3 4 89 107 152 166 238 252 288 291 303 360 391 397 407 413 414 522 542 556 604 617 743
15058 107 110 111 371
15059 288 305 709
15060 83 108 204 206 367
15061 41 83 110 263 288 289 341 485 754
15062 1 2 157 289 296 301 305 407 414
15063 4 83 107 288 289 296 301 305 414 512 541 690 743
15064 84 288 301
15065 83 84 125 128 345 354 473 481 546 557 597 599 753
15066 47 48 98 109 221 298 301 307 428 506 608 633
15067 83 266 303 706
15068 41 83 152 301 341
15069 266 288 706
15070 41 46 128 263 301
15071 7 83 119 144 252 263 298 299 318 506 626
15072 7 83 144 263 288 298 299 301 318 406 506 728 753
15073 7 83 119 144 263 288 301 318 626
15074 41 152 288 303 341
15075 83 252 266 301 706
15076 301 424 506 638
15077 83 107 252 276 296 298 366 369 512 650
15078 48 50 83 84 107 252 296 345
15079 83 107 111 153 366 369 512 560 620 648 650
15080 83 266 288 706
15081 266 301 303 706
15082 152 252 303 485 754
15083 83 197 288 364 506 626
15084 83 110 111 116 288 301 397
15085 110 116 371 506 619
15086 84 107 116 288 289 301 371 680
15087 38 42 110 138 266 303
15088 152 252 266 289 301 706 707
15089 38 138 263 431
15090 239 301 423 697
15091 80 108 289 305 544
15092 48 190 301 712
15093 83 84 107 110 111 173 190 257 263 298 301 391 487 633 689 690 753
15094 169 266 288
15095 83 152 252 303 663
15096 203 301 380 486 727
15097 243 263 266 301 303 706
15098 41 83 152 301 303 485
15099 41 83 252 288 289 485 754
15100 38 40 110 288 303 431
15101 288 301 319
15102 95 252 266 301
15103 110 252 263 288 289 301 341 485 754
15104 40 42 83 110 138 182 303 507 532
15105 83 95 288 303
15106 110 116 353 397 506
15107 83 110 252 263 296 297 560 592 690
15108 90 288 301
15109 111 116 371 506
15110 40 42 110 288 301 431 670
15111 83 131 288 423 638
15112 83 152 266 288 301 536 706
15113 289 301 305 407 413 512 539
15114 42 83 266 301 536 706
15115 73 83 301 303
15116 40 41 83 110 152 263 289 301 341 754
15117 95 266 301 706
15118 169 263 266 288
15119 3 4 53 89 107 152 166 238 288 290 303 360 391 397 407 413 414 522 542 604 617 743 759
15120 83 169 266 288 301 536 626 706 709
15121 83 152 252 301 706
15122 83 169 266 301
15123 288 532 706
15124 83 119 152 288 301 303 339 616 632
15125 83 119 152 252 288 303 616 632
15126 169 266 288 301 386 706
15127 197 252 288 301
15128 288 289 301
15129 41 83 252 296 301 303 423
15130 44 152 252 288 301
15131 42 83 152 252 288 303 706
15132 83 169 252 266 288 289 303 305 336 592 690 706
15133 41 83 252 303 754
15134 83 110 202 263 288 301 592
15135 79 83 84 251 288 294 298 301
15136 42 83 152 169 252 266 288 301 303 506 527 584
15137 83 288 303 706
15138 83 107 252 301 633 690
15139 169 266 303 706
15140 169 266 288 706
15141 41 252 301 303 485
15142 41 83 152 288 289 301 303 754
15143 80 108 289 301 544
15144 163 294 297 397 560 592 623
15145 83 110 289 296 512 592
15146 83 288 638 664
15147 41 83 289 305 431 532 712
15148 83 301 338 506
15149 266 288 301 706
15150 41 83 152 263 288 289 301 341 485 754
15151 110 152 252 289 301 303 341 485 718 754
15152 44 152 288 301 423 690
15153 83 107 286 288 296 301 478 481 584 599 606 655 753
15154 41 83 252 289 301 303 341 485
15155 1 83 288 597
15156 83 95 252 266 288 289 301 303 336 592 690
15157 95 252 266 288 301 303 336 706
15158 83 95 152 266 301 303 305 336 690
15159 3 4 53 83 89 166 238 252 288 290 291 301 303 360 391 397 407 413 414 556 604 617 759
15160 263 303 512 690 753
15161 3 4 53 83 89 107 166 238 252 288 291 301 391 407 413 414 522 542 556 604 617 743 759
15162 91 266 706
15163 47 83 110 539 605
15164 83 288 367
15165 252 296 407 413
15166 83 254 263 286 296 301 478 481 506 584 599 609 655
15167 3 4 83 89 107 152 166 238 288 290 301 360 397 407 413 414 522 542 556 604 617 743 759
15168 83 107 111 116 252 263 301 397 506
15169 83 84 103 107 301
15170 42 83 143 263 301 303 339
15171 83 123 263 296 488 532
15172 83 252 266 706
15173 288 289 301 605
15174 110 116 252 371 506
15175 296 303 512 690 753
15176 38 42 110 138 288 303 431
15177 41 252 288 301 341
15178 288 301 303
15179 38 138 263 431
15180 83 95 152 266 288 297 301 305 592 690 706
15181 109 202 366 369 541 648
15182 3 4 53 83 89 107 152 166 290 291 301 303 360 391 397 407 413 414 522 556 617 743 759
15183 40 83 110 263 288 289 298 301 341 473 487 718 754
15184 107 108 252 303
15185 48 83 110 201 221 252 257 288 298 336 403 428 512 539 598 607 608 633 691
15186 110 371 397 660 712
15187 152 289 305 381 414 539 743
15188 83 152 187 188 288 301
15189 3 4 53 107 152 166 238 252 290 291 301 303 391 397 413 414 522 542 556 604 617 743 759
15190 20 48 79 80 83 93 107 112 128 263 293 301 354 355 414 478 479 512 546 609 743 759
15191 266 288 706
15192 40 42 83 169 266 288 303 536
15193 83 252 301 726
15194 83 152 252 289 301 305
15195 83 152 288 341 754
15196 3 4 83 89 107 152 166 238 252 290 291 303 360 391 397 407 414 542 556 604 617 743 759
15197 107 289 523 602
15198 293 294 512
15199 3 4 53 89 107 166 238 252 288 290 291 301 303 360 391 397 407 413 522 542 604 617 743
15200 42 83 152 252 288 301 355
15201 107 110 111 301 371 397 680
15202 108 200 367
15203 91 288 289 706
15204 44 288 305
15205 200 204 206
15206 107 110 111 226 263 301 573
15207 83 84 109 110 221 303 557 607
15208 48 83 95 110 266 288 289 297 298 301 305 336 592 690
15209 83 182 289 301
15210 83 98 289 297 301 305 690 753
15211 41 83 288 289 301 305
15212 83 84 289 301 305 374
15213 4 26 43 52 83 89 110 158 203 263 288 296 301 305 338 356 381 431 475 560 566 596 605 690
15214 152 169 252 263 266 288 296 303 584 663 706
15215 83 288 298 301 512 520 631
15216 288 301 303 532
15217 83 84 263 301 546 591 632
15218 83 95 288 303
15219 263 301 303 609
15220 89 125 128 288 301 354 445 473 481 546 597 599 753
15221 152 266 288 301 303 706
15222 3 4 53 83 89 107 152 166 238 252 291 301 391 397 407 413 414 542 556 617 743 759
15223 83 84 107 301
15224 89 125 289 301 345 354 473 479 481 546 557 597 599 753
15225 41 83 152 301 485
15226 83 110 111 116 289 301 305 371
15227 83 107 252 254 288 296 301 725
15228 41 152 252 303 485
15229 182 288 301
15230 266 288 706
15231 169 266 288 706
15232 83 110 111 252 288 512
15233 83 266 288 303 706
15234 41 152 252 303 341
15235 40 41 83 110 138 169 263 288 301 485 506 728
15236 162 288 301 642 663
15237 79 80 83 107 289 298 301 305
15238 276 301 303 512
15239 252 266 288 706
15240 38 138 263 431
15241 252 288 303
15242 288 301 335
15243 83 263 303 364 506
15244 89 128 288 345 354 445 473 481 546 557 597 599 753
15245 252 301 303 341 754
15246 83 169 252 266 288 690 706
15247 83 152 266 301 303 706
15248 41 152 252 301 303 706
15249 80 89 263 298 428 506 539 633
15250 83 266 301 706
15251 83 169 663
15252 169 263 706
15253 3 4 53 83 89 152 166 238 252 288 290 291 360 391 397 407 413 414 522 542 556 604 759
15254 83 110 182 301 384 697 702
15255 169 252 266 288 303 706
15256 42 83 152 243 252 263 266 288 301 388 536 584 706 707
15257 119 169 252 266 288 301 303 386 706
15258 266 288 301 507
15259 84 288 301 318 352
15260 266 303 536
15261 83 95 107 110 169 288 289 296 301 303 305 386 388 539 592 690 706
15262 83 107 110 169 252 288 296 297 301 303 388 592 622 690 706
15263 83 288 364 506
15264 83 288 303
15265 266 697 706
15266 83 84 252 263 288
15267 38 40 263 301 431
15268 38 40 138 263
15269 65 83 257 288 298 301 303 320 512
15270 37 38 40 41 138 165 169 263 296 487 663
15271 83 252 288
15272 3 4 53 83 89 107 166 238 288 290 301 303 360 391 397 407 413 414 542 556 604 617 743
15273 3 4 107 152 166 238 288 291 301 303 360 391 397 407 413 414 542 556 604 617 743 759
15274 3 4 53 83 89 152 166 238 252 301 360 391 397 407 413 414 542 556 573 604 617 743 759
15275 83 84 152 201 252 298 539 633 684
15276 266 301 303
15277 3 4 53 89 107 166 238 288 291 301 303 360 391 397 407 413 414 522 556 604 617 743 759
15278 1 107 110 251 288 289 298 301 305 468 531 604 620 624
15279 83 263 286 288 296 301 478 481 584 599 606 655 753
15280 266 288 301 303
15281 266 288 706
15282 107 111 139 222 297 298 512 523 690 758
15283 48 83 288 289 294 298 301 303 305 512
15284 288 301 364
15285 266 288 706
15286 197 263 288 506
15287 37 83 98 190 252 294 296 298 301 303 355 367 478 479 566 690 753
15288 83 252 289 305 391 758
15289 3 4 53 89 107 152 166 238 252 290 291 303 391 397 407 413 414 522 556 604 617 743 759
15290 83 110 111 116 288 301
15291 83 120 288 352 423 473 626 638 728
15292 83 301 303 706
15293 83 152 213 303 355 367 479 598 758
15294 109 110 153 227 366 369 650
15295 169 252 266 301 706
15296 83 110 111 371 397 660
15297 83 110 252 289 301 305
15298 95 110 289 297 301 303 305 336 690 706
15299 95 266 706
15300 48 84 152 201 251 252 288 298 301 305 345 487 512 572 633 689 690
15301 83 84 288
15302 169 252 266 706
15303 108 200 206
15304 200 204 367
15305 41 83 252 263 288 301 341 485 718
15306 41 83 288 485 754
15307 83 223 239 263 274 296 298 408 423 663
15308 169 301 303
15309 3 4 53 83 89 166 238 252 288 291 301 303 360 391 397 407 413 414 522 556 604 617 743 759
15310 3 4 89 107 166 238 252 288 290 291 301 391 397 407 413 414 522 542 556 604 617 743 759
15311 3 4 83 89 107 152 166 288 290 291 301 360 391 397 407 413 414 542 556 604 617 743 759
15312 83 107 110 116 288 397 680
15313 83 182 301 303 319 506
15314 41 83 288 289 301 303 341 485 718
15315 83 252 288 303
15316 41 301 303
15317 40 263 301 431 670
15318 38 40 83 110 138 169 263 266 288 303 475 539 663 728
15319 131 301 423 532
15320 3 4 53 83 89 107 152 166 290 291 303 360 391 397 413 414 522 542 556 604 617 743 759
15321 84 288 301
15322 288 301 303 364
15323 288 632 706
15324 48 83 152 252 288 301 336 512 690
15325 139 288 301 523 697
15326 41 83 110 152 252 263 341 485 718 754
15327 4 53 83 89 107 166 238 288 290 301 360 391 397 407 413 414 522 542 556 573 604 617 743 759
15328 48 83 152 288 301 633
15329 252 266 288 706
15330 3 4 53 89 107 152 166 238 252 290 291 301 303 360 391 397 407 414 522 542 604 617 759
15331 169 288 289
15332 9 41 48 83 107 169 263 275 296 298 303 385 408 478 482 488 659
15333 41 182 263 301
15334 41 83 152 252 288 301 709
15335 50 83 110 252 288 289 301 488 561 660
15336 83 107 110 111 116 198 294 355 370 371 506
15337 95 266 288 301 303 305 690 706
15338 83 115 119 506 626 631 633 728
15339 3 4 53 89 107 152 166 238 252 288 290 291 303 360 391 407 413 522 542 556 604 743 759
15340 83 93 152 288 301 355 512 598 631 633
15341 83 266 289 301 303 305 507 532 706
15342 169 288 289 301 305 473
15343 83 152 252 288 303 690
15344 288 289 305
15345 37 38 40 110 138 289 301 305
15346 266 301 706
15347 41 83 288 341 754
15348 62 134 288 301 303 506 512 633 635
15349 83 152 266 288 301 303
15350 83 182 252 301 671
15351 83 107 119 123 143 169 263 288 296 298 301 303 345 386 388 473 487 516 622 663 728 753
15352 169 288 303 706
15353 41 288 303 515 603
15354 169 182 288
15355 288 301 303
15356 182 301 413 743
15357 288 697 698
15358 288 301 319
15359 83 152 252 266 303 706
15360 83 95 152 266 288 336 706
15361 110 152 288 301 303
15362 38 40 41 83 119 138 169 266 288 296 301 318 386 473 487
15363 41 152 252 485 754
15364 169 288 331
15365 95 266 288
15366 7 48 83 252 288 289 301 305 385 466 506 512 663
15367 41 252 303 341 485
15368 83 266 301 303
15369 169 266 288 301 318 706
15370 83 152 169 266 288 301 318 706
15371 83 91 263 266 301 303 527 638
15372 80 110 263 288 301 423 473 516
15373 266 288 706
15374 83 152 252 263 288 303 331 488 561
15375 38 138 263 670
15376 83 107 188 201 252 263 288 301 303 473 487 506 512 725
15377 83 152 187 252 263 303
15378 41 152 252 303 754
15379 41 169 263 288 318 706
15380 110 138 301 431 670
15381 83 152 252 266 288 616 632 706
15382 252 266 303 706
15383 95 266 288 289 297 301 303 305 592 603 682 706
15384 95 303 706
15385 83 252 266 301 303 706 707
15386 41 252 331 488 561
15387 83 182 263 289 301 303 305 339 506 728
15388 266 288 301 303
15389 108 200 206
15390 263 266 288 301 303 507 532 626 706 707
15391 1 4 83 107 110 201 289 298 305 468 469 604 620 624
15392 42 266 288 289 301 303 709
15393 41 83 266 301 507 532 706 709
15394 80 83 152 160 263 288 298 301 478 631 670 725
15395 288 289 301 303 540
15396 41 252 301 303
15397 79 83 84 89 128 172 187 188 201 236 301 512 520 546 631 690 693 712 759
15398 83 89 107 128 172 187 188 201 236 301 310 512 520 546 626 631 690 693 712 759
15399 83 108 301 303
15400 41 152 252 303 485
15401 40 138 263 431 573
15402 107 123 132 152 263 296 301 326
15403 2 51 83 107 111 263 296 298 301 481 512 541 560 598
15404 83 92 183 252 288 298 301 461 506
15405 4 83 89 201 203 263 293 298 301 433 512
15406 152 206 289 301 305 367
15407 112 222 289
15408 252 266 288 303 706
15409 95 152 252 266 288 289 301 303 305 336 690
15410 40 83 252 266 301 303
15411 83 288 303
15412 110 138 263 288 303 431 670
15413 38 40 110 138 252 263 266 288 303 706
15414 169 266 288 706
15415 624 677 678
15416 83 110 116 252 397 506
15417 89 125 128 301 345 354 445 473 481 546 557 599 753
15418 38 110 288 431 670
15419 40 138 263 431 573
15420 41 83 252 263 289 301 341 485
15421 83 110 111 116 252 288 301 397 679 680
15422 152 266 288 301 303 616 632 706
15423 266 288 301
15424 2 110 111 252 413 743
15425 41 252 301 341 485
15426 108 204 206
15427 197 252 301 303
15428 41 83 288 507 532
15429 95 266 303 706
15430 83 161 162 218 263 288 297 301 632 690
15431 266 288 706
15432 83 84 263 609
15433 83 197 301 364
15434 266 288 706
15435 83 289 297 301 366 369 592 650 690
15436 252 289 297 301 305 366 592 648 650 690
15437 83 169 252 266 288 289 301 305 592 690 706
15438 288 301 512 712
15439 108 204 206 367
15440 41 83 152 301 754
15441 83 95 110 266 288 289 297 305 336 690
15442 83 98 110 152 165 252 296 297 378 397
15443 3 4 53 83 89 107 152 166 238 252 288 290 291 303 360 397 407 413 414 542 556 604 617
15444 107 254 263 286 296 301 478 481 506 584 609 655 753
15445 95 266 303 706
15446 107 289 304 312 529 577 597 623
15447 3 4 53 83 89 107 166 238 252 288 301 303 360 391 397 407 413 414 522 542 556 617 743
15448 4 78 85 107 110 111 128 297 298 301 310 546 690 759
15449 109 112 113 209 221 222 354 355 366 369 384 607 648 650
15450 83 84 109 110 221 296 512 607
15451 121 288 301 303 473
15452 83 107 152 201 298 300 301 506 539 725
15453 197 288 364
15454 266 301 706
15455 252 288 301 706
15456 83 95 266 288
15457 3 4 53 83 89 107 152 166 252 290 303 360 391 397 407 413 414 542 556 604 617 743
15458 3 4 53 83 152 166 238 252 288 301 360 391 397 407 413 414 522 542 556 604 617 743 759
15459 38 40 42 266 301 527 706
15460 40 41 138
15461 3 4 53 83 89 107 166 238 288 290 291 301 303 391 397 407 413 414 522 556 604 617 743
15462 83 110 311 506 678
15463 83 263 289 296 301 506 512
15464 3 4 53 83 89 152 166 238 252 290 291 301 391 397 407 413 414 522 556 604 617 743 759
15465 48 84 110 296 512
15466 83 289 301 305 539
15467 182 252 289 301
15468 83 110 111 296 301 371 397
15469 83 107 110 111 116 371 506 680
15470 83 288 528
15471 84 288 301
15472 109 221 296 301 607
15473 444 469 531
15474 83 107 152 191 252 288 289 297 301 305 316 380 395 417 512 592 631 690
15475 169 266 301 706
15476 83 84 89 107 201 298 356 381 475 506 539 546 572 631 633 690
15477 289 296 305
15478 84 89 125 128 345 354 473 481 546 557 597 599 753
15479 2 83 107 288 296 353
15480 83 89 125 128 288 345 354 445 473 481 546 597 599
15481 83 252 266 303
15482 83 152 169 243 266 706
15483 41 83 152 288 301 341 485 754
15484 41 83 110 288 289 301 485 718 754
15485 152 252 303 341 754
15486 108 194 204 206 263 301 330 367 544
15487 38 40 263 431
15488 1 107 139 222 298 602 744
15489 3 4 89 107 166 288 290 291 301 303 360 391 397 407 413 414 522 542 556 604 617 743 759
15490 38 110 138 301 431
15491 39 110 196 288 301
15492 111 116 296 301 371 660
15493 95 266 288 706
15494 266 288 706
15495 83 110 152 153 252 288 301 506 515 682
15496 41 83 169 301 303 616
15497 41 431 507
15498 83 152 182 288 301 598
15499 43 83 92 110 152 160 177 188 201 252 279 288 294 298 301 403 441 506 520 546 572 629 631 633 725
15500 38 40 138 263 288
15501 252 303 616 632 706
15502 38 40 50 83 110 288 296 301 303 561 616 632
15503 41 252 303 341 485
15504 108 200 204 367
15505 301 303 338 506
15506 244 288 301 478 591
15507 80 254 294 367 631 633 753
15508 83 288 301 303 442 461
15509 266 288 303 706
15510 110 213 252 288 294 296 301 385 512
15511 3 4 53 83 89 107 166 238 252 290 291 301 391 397 407 413 414 522 556 573 604 617 743 759
15512 36 80 139 296 298 413 489 743 758
15513 1 83 110 134 252 276 288 296 297 301 338 506 631 633 690
15514 83 107 152 288 297 298 301 512 592 753 759
15515 83 110 152 252 289 297 303 305 385 512 592 605
15516 83 152 252 288 539 633
15517 4 89 107 152 166 238 288 290 291 301 303 360 391 397 407 413 414 522 542 556 604 617 743 759
15518 41 152 252 341 754
15519 169 266 288
15520 169 266 301 303 706
15521 48 83 95 169 266 298 301 303 305 336 506 592 690 697 706
15522 48 83 95 110 288 289 297 298 301 303 305 506 592
15523 83 95 252 266 288 289 305 690 706
15524 152 243 252 266 288 289 301 303 305 532 706
15525 110 182 288 301 384 698 702
15526 2 66 83 252 301 303 539 690
15527 2 84 89 355 506
15528 83 110 296 301 489 506 629
15529 89 128 288 345 354 445 473 481 546 557 597 599 753
15530 38 263 431 670
15531 83 152 252 288 289 301 303 671
15532 3 4 83 89 152 166 252 288 290 291 360 391 397 407 413 414 522 542 556 604 617 743 759
15533 83 223 239 423
15534 83 266 288 303 690
15535 12 83 84 87 115 134 288 301 356 428 431 506 547
15536 266 288 706
15537 83 252 289 297 301 303 305 336 690 706
15538 40 83 95 110 169 263 266 288 626 706 709
15539 48 83 84 108 204 206 367
15540 288 301 338 506
15541 41 83 301 341 485
15542 169 301 706
15543 83 266 301 388 706 707
15544 41 83 152 263 288 289 301 754
15545 83 152 160 201 251 298 301 381 572 626 631
15546 48 110 111 152 252 288 296 298 512 633
15547 108 200 206 367
15548 3 4 53 83 89 107 166 238 290 291 301 303 360 391 397 413 414 522 542 604 617 743 759
15549 40 110 252 288 301
15550 83 125 128 301 345 354 445 473 481 546 557 599 753
15551 3 4 53 89 107 152 166 238 252 290 291 301 360 391 397 407 414 522 542 556 604 743 759
15552 90 289 301
15553 4 115 203 301
15554 3 4 53 89 107 152 166 238 288 290 291 303 360 391 397 407 413 542 556 604 617 743 759
15555 266 288 707
15556 3 4 53 83 89 107 152 166 238 252 291 303 360 391 397 407 413 414 522 542 556 604 617
15557 83 110 111 152 266 289 296 301 674 706
15558 200 204 367
15559 83 252 288 301 633 690
15560 107 110 116 371
15561 111 116 506
15562 169 706 707
15563 200 204 301 367
15564 83 84 107 288 303
15565 84 89 125 128 301 354 473 481 546 557 597 599 753
15566 83 89 125 128 345 354 445 473 481 546 597 599 753
15567 83 110 203 252 289 301 303 305
15568 83 296 301 414 690 743
15569 109 366 648 650
15570 108 294 355 624
15571 48 108 153
15572 3 53 89 152 166 238 252 288 290 301 303 360 391 397 407 413 414 522 556 604 617 743 759
15573 169 266 289 303 706
15574 252 266 288 301 706
15575 83 95 110 288 289 301 305 336 690
15576 107 110 111 116
15577 3 4 53 83 89 107 166 238 252 288 303 360 391 397 407 413 414 522 542 556 604 617 759
15578 83 95 152 289 297 301 303 305 336 592 690
15579 152 288 289 296 301 305 488
15580 83 107 108 288 296 301 543 677 678
15581 83 90 252 288 289 301 303 305
15582 83 84 288 289 303
15583 83 152 263 301 506
15584 143 263 301 706
15585 1 107 294 301 386 624
15586 11 13 252 288
15587 3 4 53 89 152 166 238 252 288 291 301 303 360 391 397 413 414 542 556 604 617 743
15588 289 301 305 512
15589 266 288 616
15590 83 301 303 319
15591 83 107 111 116 288 371 506
15592 83 110 111 116 288 371 680
15593 169 263 266 288 706
15594 48 83 152 252 288 690
15595 107 109 289 296 301 366 369 648
15596 41 288 301 303 485 754
15597 169 266 288 301 303
15598 83 252 266 288 303 305 690 706
15599 131 288 289
15600 3 4 53 83 89 107 166 238 252 288 290 291 301 391 407 413 414 522 556 604 617 743 759
15601 83 110 116 288 301 371 397 680
15602 40 83 110 138 252 266 288 301 536 706 707
15603 42 83 182 252 263 288 301 690
15604 42 83 152 263 288 297 301 303 318 592 707
15605 152 169 266 289 301 303 706 709
15606 107 152 252 288 298 301 506 519 631 678 759
15607 110 222 288 301 355 371 512 660
15608 83 110 289 301 371 397 506
15609 38 40 41 42 110 266 301 303 706
15610 41 83 169 252 266 288 301 527 536 706
15611 40 263 301 431 670
15612 169 266 288 506 706
15613 110 153 236 254 288 298 301 310 381
15614 83 152 252 266 301 706
15615 38 110 138 288 670
15616 83 107 110 111 152 296 397 506 539 680
15617 110 111 227 263 299 353 414 605 743
15618 83 119 169 266 301 303 616 622 632 706
15619 120 143 217 352 663
15620 288 301 303
15621 83 109 110 111 221 288 296 355 608
15622 110 288 289 297 301 303 305 336 690 706
15623 83 94 288 298 301 506 512
15624 200 204 206 367
15625 83 84 128 203 289 296 298 305 354 355 506 584 599 609 622 725 753
15626 42 266 288 301 706
15627 41 83 303 485 754
15628 138 475 482
15629 110 116 371 397 506
15630 2 51 83 107 111 202 252 263 296 298 481 512 541 598
15631 3 4 83 89 107 166 238 252 288 290 291 301 397 407 413 414 522 542 556 604 617 743 759
15632 3 4 83 89 107 152 166 290 291 301 303 360 391 397 407 413 414 522 542 556 617 743 759
15633 38 110 138 263 431
15634 109 110 288 303 307 608
15635 83 107 110 111 152 252 263 288 301 371 539
15636 50 83 152 252 288 289 296 301 407 414 481 512 543 604 619 631 690 743 753 759
15637 312 367 577 690
15638 1 121 301
15639 48 83 107 152 204 206 252 367
15640 80 83 194 288 289 296 305 544
15641 305 332 682
15642 107 110 111 116 301 371 397 680
15643 3 4 53 83 107 152 166 290 291 301 303 360 391 397 407 413 414 522 542 604 617 743 759
15644 41 152 263 289 301 303 341 754
15645 84 288 296 301 561
15646 83 288 296 301 488 561
15647 266 288 706
15648 83 95 252 266 706
15649 83 157 252 301 712
15650 169 182 301 303 319
15651 83 84 301 506
15652 108 200 204
15653 266 288 301 706
15654 1 2 110 252 355
15655 41 252 288 341 754
15656 41 83 95 110 266 289 301 305 690
15657 41 152 252 341 485
15658 41 83 152 266 288 706
15659 48 49 52 60 84 274 288 298 301 303 354 506 520 631 728
15660 263 296 303 512 753
15661 83 252 254 288 289 298 303 305 352 633
15662 288 301 319
15663 83 110 182 301 699 704
15664 41 152 301 303 485
15665 42 95 152 169 266 288 706 707
15666 42 83 152 252 263 288 297 303 318 592 690
15667 42 83 152 182 263 288 303 318
15668 83 169 301 423 504 719
15669 252 288 301
15670 152 288 455 551 654
15671 3 4 53 89 107 152 166 238 252 288 290 291 303 360 391 397 413 414 522 542 556 604 743
15672 41 83 252 263 288 289 298 301 341 485 487 718 754
15673 41 252 301 303 754
15674 203 288 316 378 395
15675 107 108 252 303
15676 288 296 488 619
15677 83 110 266 301 305 690 706
15678 288 301 330
15679 83 152 197 252 506
15680 40 41 152 252 263 288 289 341 485 754
15681 266 301 706 709
15682 41 152 252 266 303 706
15683 4 83 121 252 301
15684 83 107 252 289 296 297 298 301 305 506 633 690
15685 95 266 288 301
15686 3 4 53 83 89 107 166 238 252 288 290 303 360 391 397 407 414 542 556 604 617 743
15687 3 4 53 83 89 152 166 238 252 288 290 291 360 391 397 407 414 542 556 604 617 743 759
15688 83 84 107 288 289 301 305 428 506 512 582 584 753
15689 289 305 424
15690 83 288 303 706
15691 108 204 367
15692 48 83 275 288 303 305
15693 38 40 263 288 431
15694 83 288 289 301 305 690
15695 83 169 252 301
15696 266 303 706
15697 3 4 53 89 107 166 238 252 288 291 301 360 391 397 407 413 522 542 556 604 617 743 759
15698 41 152 252 301 754
15699 252 288 301
15700 83 84 252
15701 169 266 288 706
15702 41 252 288 289 301 303 754
15703 89 125 128 301 345 354 445 473 481 546 557 597 753
15704 48 83 218 236 289 298 301 305 502
15705 83 84 218 289 301
15706 83 218 288 289 301 305
15707 84 116 296 397 506
15708 110 252 289 301 305 371 397 506
15709 266 288 301 303 706
15710 83 266 301 303 506 706
15711 252 288 301
15712 3 4 53 83 89 107 166 238 252 288 290 301 360 391 397 407 413 414 522 542 556 604 617
15713 42 83 107 152 252 288 301 303 385 386 388 487 488 506 561 584 622 626 652 706 707 728
15714 83 288 289 303 690
15715 40 110 138 288 303 706
15716 182 288 296 301 388 622
15717 169 266 288 706
15718 152 266 288 301 303 706
15719 108 206 367
15720 41 263 301 303
15721 169 301 303
15722 3 4 53 83 89 152 166 238 290 301 303 360 391 397 407 413 414 522 556 604 617 743 759
15723 83 152 288 303 336 690 706
15724 84 89 128 345 354 445 473 481 546 557 597 599 753
15725 89 125 128 288 345 354 445 473 481 546 557 599 753
15726 83 169 266 288 301 318 706
15727 252 266 301 303
15728 263 616 632
15729 169 266 706
15730 169 266 706
15731 40 42 110 138 301 303 431
15732 40 110 138 301 670
15733 4 53 83 89 107 166 238 291 301 303 360 391 397 407 413 414 522 542 556 604 617 743 759
15734 83 266 288 706
15735 110 116 263 371
15736 288 301 303 341 485
15737 169 266 301 706
15738 3 4 53 89 107 152 166 238 252 288 290 291 391 397 407 413 414 522 556 604 617 743 759
15739 288 437 591
15740 83 266 288 303 706
15741 83 84 152 182 252 263 288 289 301 305 507 532
15742 110 111 289 296 297 301 305 506 592 690
15743 4 89 107 152 166 238 288 290 291 303 360 391 397 407 413 414 522 542 556 604 617 743 759
15744 41 83 152 263 289 301 303 485
15745 83 110 288 297 298 301 381 605 631 633 690
15746 42 83 266 288 301 303 706
15747 288 301 303 663
15748 83 95 288 706
15749 41 83 152 266 288 301 303 536 706
15750 83 252 266 706
15751 301 303 616 706 709
15752 83 152 252 266 303 706
15753 201 252 288 301
15754 83 84 107 109 153 252 296 512 578 607 608 633
15755 95 266 288 301 303
15756 3 53 83 89 107 166 288 290 291 301 303 391 397 407 413 414 522 542 556 604 617 743 759
15757 3 4 53 83 89 166 238 252 288 290 301 391 397 407 413 414 542 556 604 617 743 759
15758 3 4 83 89 107 152 166 238 252 290 291 301 360 391 397 407 413 414 522 542 604 617 759
15759 204 206 367
15760 41 83 288
15761 152 252 266 301 303 706
15762 288 495 706
15763 84 89 125 128 288 345 354 473 481 546 557 597 599
15764 3 4 53 89 107 152 166 288 290 291 301 303 360 391 407 413 414 522 542 556 604 743 759
15765 288 301 303
15766 152 169 252 263 288 301 303
15767 84 110 116 252 371
15768 108 200 206
15769 288 301 706
15770 80 83 203 288 303 368
15771 83 252 263 288
15772 288 301 303
15773 98 252 296 512 753
15774 83 143 202 301
15775 83 109 263 270 310 466 506 539 690 725
15776 3 4 53 83 89 107 152 166 238 252 290 291 303 360 397 413 414 542 556 604 617 743 759
15777 288 407 414
15778 41 83 110 252 263 289 341 718 754
15779 203 301 468 469 506 633
15780 40 138 263 431
15781 138 288 301 663
15782 83 110 152 288 289 303 341 485 718 754
15783 41 252 301 341 754
15784 83 110 116 371 380 727
15785 41 83 110 152 263 288 289 301 341 473 485 516
15786 83 152 243 252 266 507 532 706
15787 41 152 252 288 289 301 485 754
15788 83 169 266 303 305 507 532 706
15789 83 107 110 111 116 288 289
15790 42 83 288 289 297 301 305 507 532 592 690
15791 169 266 288
15792 83 182 288 296 301 303
15793 110 116 156 371 506
15794 3 4 53 89 107 152 166 238 252 288 290 301 303 360 391 397 407 414 522 542 556 617 743
15795 266 288 706
15796 182 288 303
15797 152 252 266 288 303 706 707
15798 3 4 53 83 89 107 152 166 252 290 291 391 397 407 413 414 522 542 556 573 604 617 743 759
15799 41 263 288 289 301 303 341 485 754
15800 41 83 84 107 110 288 296 301 355 506 519 577 725
15801 98 254 301 592 690
15802 83 169 182 252 263 288 289 303 698
15803 38 138 263 431
15804 288 301 303 598
15805 83 107 119 226 296 301 303 386 388 473 481 622
15806 83 169 252 266
15807 169 288 706
15808 38 138 263 431
15809 254 263 301 633
15810 3 4 89 107 166 238 252 290 291 301 303 360 391 397 413 414 522 542 556 573 604 617 743 759
15811 366 648 650
15812 41 83 252 274 288 298 301 303 473
15813 41 83 152 252 274 288 296 301 303 473 487
15814 83 152 182 252 288 298 301 698 704
15815 83 252 288 352
15816 169 266 301 706
15817 83 95 110 266 288 289 305 690 706
15818 41 83 252 341 485
15819 197 252 288
15820 252 288 301
15821 3 4 53 83 107 152 166 238 252 291 303 360 391 397 407 413 522 542 556 604 617 743 759
15822 3 4 83 89 107 166 238 288 291 301 360 391 397 407 413 414 542 556 604 617 743 759
15823 3 4 53 89 107 152 166 252 288 290 291 301 360 391 397 407 413 414 522 542 604 617 743 759
15824 200 206 367
15825 169 182 288 301
15826 83 188 263 478 479 507 532 632
15827 252 288 289 301 303 690
15828 3 4 53 83 89 166 238 252 288 290 291 301 303 360 391 397 407 413 414 522 556 604 617
15829 83 110 152 252 276 289 301 305 506 759
15830 157 202 203 252 289 301 381 385 605 690 712
15831 1 47 48 296 298 336 506 560 753
15832 55 76 201 506 588
15833 169 263 266 288 301 303 388 706
15834 83 152 252 263 297 301 539 592 690 725
15835 83 252 266 706
15836 38 40 42 110 288 301 431
15837 110 143 252 301 303 473 516 663 712
15838 169 252 266 288 303 706
15839 83 169 266 706
15840 41 83 263 288 289 303 341 485
15841 83 125 128 301 345 354 445 473 481 546 597 599 753
15842 83 110 111 288 297 301 385 592 690
15843 288 364 506
15844 288 301 512 712
15845 252 266 288 706
15846 83 110 111 116 288 371
15847 41 83 95 110 152 169 243 252 288 297 301 303 388 507 527 532 592 622 706
15848 200 204 252 303 367
15849 252 266 301 706
15850 83 110 111 288 296 301 690
15851 83 107 119 252 266 288 303 388 706 707
15852 83 107 119 169 252 263 288 296 301 303 488 561 622 707
15853 83 119 143 169 252 266 288 296 301 303 318 622 706
15854 119 143 152 169 252 266 288 296 301 303 318 386 561 622 663 707
15855 252 266 288 706
15856 83 266 288 301 303 690
15857 83 288 289 303
15858 42 83 110 254 263 288 297 298 301 367 385 592 633 690
15859 83 152 252 266 303 706 753
15860 83 252 266 301 706 753
15861 83 288 303
15862 41 83 107 252 288 289 298 301 305 598 690
15863 241 288 301
15864 39 83 107 111 202 263 298 301 303 355 407 413 512 541 620
15865 110 111 301 371 397 596
15866 120 252 301 690
15867 252 266 288 301 706
15868 252 288 303
15869 41 83 288 485 754
15870 196 243 507
15871 83 152 169 252 266 288 301 507 706 707
15872 83 254 289 305 385 512
15873 83 252 301 706
15874 197 288 301
15875 50 83 112 131 152 203 239 252 296 301 303 385 488 561 611 673
15876 83 169 266 301 303 706
15877 252 303 364 506
15878 83 152 197 301 303 506
15879 152 252 263 288 301 364 506
15880 252 288 364
15881 78 83 90 301 407 619 743
15882 169 288 301
15883 3 4 53 83 89 107 152 166 238 290 291 303 360 391 397 407 414 522 542 573 604 617 743 759
15884 83 160 190
15885 47 83 107 152 263 288 381 539
15886 79 80 83 107 289 298 301 305
15887 47 48 83 84 152 203 539
15888 107 108 252 303
15889 71 83 288 712
15890 4 53 83 89 166 238 252 288 290 301 360 391 397 407 413 414 522 542 556 604 617 743 759
15891 3 4 53 83 89 107 166 238 288 291 301 391 397 407 413 414 522 542 556 604 617 743 759
15892 3 4 83 89 107 152 166 238 290 291 301 360 391 397 407 413 414 522 556 604 617 743 759
15893 4 53 89 107 152 166 290 291 301 303 360 391 397 407 413 414 522 542 556 604 617 743 759
15894 3 4 53 89 107 152 166 238 252 290 291 303 391 397 407 413 414 522 542 604 617 743 759
15895 3 4 89 107 166 238 252 288 290 291 303 360 391 397 407 413 414 522 542 556 604 743 759
15896 3 4 53 89 107 152 166 252 288 290 291 360 391 397 407 413 414 542 556 604 617 743 759
15897 3 53 83 89 107 152 166 238 288 290 301 303 360 391 397 413 414 542 556 573 604 617 743
15898 3 4 53 83 89 107 152 166 238 252 290 291 303 360 391 397 407 413 522 542 556 573 604 743
15899 83 252 303 706
15900 169 182 301 303 319
15901 152 252 289 301 303
15902 266 288 301 706
15903 252 263 296 297 301 395 518 592 690
15904 83 95 266 288
15905 38 263 431 573 670
15906 83 110 152 263 288 289 301 754
15907 3 4 53 83 89 152 166 238 252 291 301 303 360 391 397 407 414 522 542 556 604 617 759
15908 83 95 266 706
15909 41 83 288 289 301 341 754
15910 38 40 110 301 431
15911 169 266 288 303 318 532 706 707
15912 169 266 288
15913 110 111 371 506
15914 48 98 108 294 301 385 599
15915 169 266 301
15916 263 303 512 690 753
15917 2 107 380 506 633 727
15918 296 303 512 690 753
15919 84 252 288
15920 84 110 288 301 727
15921 266 288 706
15922 22 252 296
15923 40 41 110 252 263 301 303 341 473 485 487 718
15924 83 143 152 169 252 266 288 301 303 561 584 663
15925 296 333 334 378 385 397 697 698
15926 3 4 53 89 152 166 238 252 288 290 291 301 303 360 391 397 407 413 414 542 556 573 604 759
15927 2 4 83 110 252 288 294 296 381
15928 2 4 83 110 294 296 301 381
15929 3 4 53 89 107 166 238 252 288 290 291 301 303 360 391 407 413 522 556 604 617 743 759
15930 2 289 301 305
15931 83 169 288 706
15932 83 95 152 252 266 288 289 297 303 305 336 706
15933 41 83 152 266 288 301 345 536 706
15934 128 355 599 622
15935 23 80 83 84 88 89 110 244 252 254 288 428 506 512 551
15936 41 83 152 341 754
15937 108 204 206 301 367
15938 108 204 206 301 330
15939 110 111 288 301 371 397 680
15940 83 107 110 138 252 301 303 690
15941 40 42 83 110 169 252 301
15942 89 354 512 626 632
15943 83 152 288 296 301 303 707
15944 182 252 301 690
15945 2 83 84 107 110 143 252 254 288 297 298 301 572 592 604 690 723 725
15946 4 53 83 89 107 152 166 238 252 288 290 291 303 360 397 407 413 414 522 542 556 604 617
15947 266 288 561 706 712
15948 83 95 169 266 288 289 690 706
15949 252 266 301 303
15950 38 40 107 119 138 169 252 266 288 296 303 386 388 584 622 706
15951 108 204 206 367
15952 169 266 303 706
15953 110 308 391 642
15954 42 83 266 288 289 303 305
15955 41 83 84 107 110 288 296 301 355 506 519 577 725
15956 266 288 706
15957 4 83 89 107 252 289 296 298 301 305 512 560 690 725
15958 44 83 152 288 289 301 303 305 423
15959 83 108 204 206 367
15960 95 266 288 706
15961 41 266 288 303 507 706
15962 83 252 301 303
15963 41 83 252 263 289 296 301 303 663
15964 197 288 301 303
15965 83 152 252 288 336 690 706
15966 83 266 288 706
15967 3 4 53 83 89 107 152 166 291 301 360 391 397 407 413 414 542 556 604 617 743 759
15968 110 288 301
15969 252 301 303 690
15970 252 288 303 485 754
15971 83 89 203 252 263 288 297 298 301 345 473 478 481 516 539 592 599
15972 41 83 89 203 263 288 297 298 301 345 473 479 516 539 592 599 725
15973 3 4 53 83 89 107 166 238 252 288 290 301 391 397 407 413 414 522 542 556 617 743 759
15974 3 4 83 107 152 166 238 288 291 301 360 391 397 407 413 414 522 542 556 604 617 743 759
15975 3 4 53 83 89 107 152 166 290 291 301 303 360 391 397 407 413 414 522 556 604 617 743
15976 4 53 89 152 166 238 252 290 291 301 303 360 391 397 407 413 414 522 542 604 617 743 759
15977 3 4 53 89 107 166 238 252 288 290 291 303 391 397 407 413 414 522 542 556 604 743 759
15978 83 252 263 266 288 301 303 527 536 626 706 728
15979 108 204 206 330
15980 83 107 110 289 305 407 414
15981 80 407 512 743
15982 80 312 367 414 506 512 577 743
15983 80 407 413 512
15984 83 152 243 266 288 301 303 706
15985 41 83 109 252 301 366 648 650
15986 38 138 263 670
15987 263 539 592
15988 2 296 297 301 378 512 560 592 690
15989 98 385 407 620 743
15990 252 296 673
15991 3 4 83 89 152 166 238 252 288 290 291 360 391 397 407 413 414 542 556 604 617 743 759
15992 110 111 116 289 301 397
15993 83 110 111 288 289 301 397 506 680
15994 83 263 288 364 506
15995 83 110 143 152 252 297 592 663 690
15996 83 107 116 288 298 301 371 397 506 680
15997 83 107 110 111 116 288 298 301 371 506 680
15998 4 187 188 263 301 478 479 506 512
15999 20 543 712
16000 83 252 257 301 632
16001 83 169 266 288 301 303 706
16002 4 83 89 102 107 153 157 252 385 466 506 512 598 604 690 759
16003 263 407 413 512
16004 1 80 301 362 413 512 743
16005 111 116 397 506
16006 41 152 288 341 485
16007 48 80 289 296 297 301 311 512 592 690
16008 48 50 83 279 288 289 298 301 305 356 478 520 572 631 725
16009 50 152 252 289 296 301 303 305 488 539 561
16010 83 95 252 266 288 289 297 303 305 336 592
16011 83 152 266 288 301 303 305 706
16012 83 152 266 288 706
16013 108 200 204
16014 50 108 118 204 206 296 305 488 544 561
16015 266 303 706
16016 152 153 197 252 288 297 301 303 364 592
16017 41 50 83 266 288 296 301 303 478 488 532 561
16018 182 288 301
16019 83 152 252 270 288 301 303 366 369 648
16020 83 109 123 252 270 288 301 366 648 650
16021 263 301 303 609
16022 3 4 53 83 89 107 166 288 290 301 303 360 391 397 407 413 414 522 542 556 604 617 743
16023 9 42 83 138 143 152 169 289 296 301 305 385 408 663
16024 83 252 288 706
16025 83 152 169 252 266 288 706
16026 42 83 152 169 266 301 303 706
16027 41 301 303 609
16028 41 152 301 303 485
16029 108 204 367
16030 83 107 254 286 288 296 478 481 506 584 599 606 655
16031 83 169 266 301
16032 169 288 706
16033 83 252 288 478
16034 110 116 371 506
16035 83 110 301 303
16036 7 110 288 301 303
16037 110 289 296 301 305 512
16038 38 40 41 83 110 722
16039 301 698 699 704
16040 252 266 288 289 301 303 305 706
16041 42 83 266 301 303 481 536 706 709 728
16042 288 516 706 709
16043 42 288 303 473 516 536 706 709
16044 83 107 288 301 303 392 529
16045 41 83 152 288 301 754
16046 109 221 608
16047 152 252 303 341 754
16048 289 296 301 305 506
16049 109 112 366 407 648
16050 83 202 252 298 301 308 312 371 577 591 656
16051 83 119 169 252 288 289 297 301 303 305 336 592 690 706 707
16052 7 83 91 110 119 169 243 252 266 288 289 297 301 303 305 592 638 690 706
16053 169 266 288
16054 83 91 169 266 296 301 386 706
16055 83 110 266 289 301 305 336 690 706
16056 48 83 288 298 301 512 560 598 690
16057 83 152 169 266 288 301 536
16058 152 266 301 303 706
16059 3 53 89 107 152 166 238 252 288 303 360 391 397 407 413 414 522 542 556 573 604 617 743 759
16060 3 4 53 83 89 152 166 238 252 291 301 360 391 397 413 414 522 542 556 604 617 743 759
16061 83 296 301 303
16062 83 107 111 116 252 296 679
16063 2 4 110 294 296 311 326 355 512 753
16064 169 266 301 706
16065 289 301 305 308 468 469 531
16066 62 80 83 288 298 301 633 725
16067 169 288 301
16068 152 252 288 303 706
16069 152 288 301 303 632 706
16070 83 89 288 298 301 303 354 437 468 478 503 512 531 546 599 604 725
16071 252 266 288 706
16072 83 152 252 263 289 296 297 305 690
16073 3 4 53 89 107 152 166 238 290 301 303 360 391 397 413 414 542 556 604 617 743 759
16074 1 83 84 252 288 297 301 354 437 448 496 506 512 632 725
16075 83 152 182 301
16076 41 83 152 266 301 706 709
16077 3 4 53 89 107 166 238 288 290 291 301 303 360 391 397 407 414 522 556 604 617 743 759
16078 252 266 288 706
16079 40 41 83 110 263 288 289 298 301 341 485 718 754
16080 107 110 111 371
16081 83 134 288 301 506 512
16082 4 53 83 89 107 152 166 238 252 290 291 360 391 397 407 413 522 542 556 604 617 743 759
16083 41 252 303 341 754
16084 252 288 301 485 754
16085 83 84 288 303
16086 41 110 152 252 263 288 301 754
16087 266 288 706
16088 41 252 263 289 301 341 485 718 754
16089 83 84 288 303 682
16090 83 107 263 286 288 296 301 478 481 584 599 609 655
16091 22 221 597 607
16092 83 107 110 288 297 301 602 609
16093 83 110 156 288 301 478
16094 2 83 107 110 296 355 690
16095 83 107 263 286 296 301 478 481 506 584 606 655 753
16096 4 89 380 431 727
16097 3 53 89 107 152 166 238 288 290 291 301 303 391 397 407 413 414 522 542 556 604 617 759
16098 3 4 83 89 107 166 238 252 288 291 303 360 391 397 407 413 414 522 542 556 604 617 759
16099 3 4 53 83 89 107 166 238 252 288 301 360 391 397 407 413 414 522 542 556 573 604 617 759
16100 5 83 152 252 254 263 288 512 584
16101 83 252 288 289 301 305 331 690 728
16102 110 263 289 303 331 690
16103 7 152 252 266 707
16104 41 83 288 341 485
16105 296 354 407 414 753
16106 107 111 116 397
16107 83 288 289 298 301 303 305 381 631 633 758
16108 169 252 266 288
16109 3 4 53 83 89 107 166 252 290 301 303 360 391 407 413 414 522 542 556 604 617 743 759
16110 83 110 111 116 252 289 297 301 397 680
16111 83 84 110 116 371 397
16112 83 107 110 111 116 153 252 288 297 371 506 541
16113 131 288 289
16114 83 128 288 301 402 448 539
16115 252 266 288 706
16116 83 252 288
16117 83 84 289 301
16118 109 221 301 608
16119 41 83 252 301 341 485 754
16120 84 89 125 128 288 354 445 473 481 546 557 597 753
16121 83 266 288 706
16122 41 266 288 303 706
16123 95 266 288
16124 37 38 40 83 110 138 288 289 301 305
16125 38 110 263 288 303 431 670
16126 40 263 288 431 670
16127 301 303 488 561
16128 266 690 706
16129 83 84 110 111 116 371 397 506
16130 83 110 252 263 288 301 614
16131 83 152 289 301 303
16132 41 152 252 263 288 289 301 485
16133 83 95 110 266 288 289 297 301 303 592 690
16134 40 41 110 152 252 263 288 301 485 754
16135 83 89 167 202 301 308 354 475 631
16136 288 301 305
16137 83 243 263 266 288 303 488 707
16138 83 123 152 252 289 301 478 482
16139 152 252 288 301 706
16140 266 288 301 706
16141 110 138 288 431 670
16142 38 40 138 263
16143 1 83 252 263 301 506 706
16144 80 83 301 303
16145 288 296 540
16146 55 111 288
16147 84 252 288 301
16148 42 95 169 266 303 336 706
16149 83 252 266 301 303
16150 2 288 301
16151 83 169 301 303 318 506
16152 41 266 288 303 305 706
16153 169 266 288 706
16154 169 288 423
16155 83 169 301 318
16156 95 252 288 301
16157 188 288 367
16158 83 95 110 252 266 297 301 305 336 690 706
16159 169 252 266 288
16160 288 289 301 305 512
16161 83 107 222 289 296 297 301 355 373 503 592 605
16162 266 289 305 706
16163 38 40 42 110 152 266 288 289 301 303 305
16164 7 83 95 110 266 288 289 297 305 690
16165 288 301 512 690
16166 152 303 539 690
16167 41 83 288 341 754
16168 83 266 301 303 706
16169 83 288 301 305 512 690
16170 386 622 706
16171 107 108 252 303
16172 3 4 53 89 107 152 166 238 252 291 303 360 391 397 407 414 542 556 604 617 743 759
16173 83 110 203 296 324 753
16174 83 84 110 192 233 301 361
16175 296 502 690 706
16176 3 4 53 89 107 152 166 238 252 288 290 291 301 360 397 407 413 414 522 604 617 743 759
16177 83 288 289
16178 296 303 478 671 705
16179 42 83 95 152 252 266 301 690 706
16180 4 53 83 89 107 152 166 238 288 290 291 303 360 391 397 407 413 414 522 542 556 743 759
16181 3 4 53 83 89 152 166 238 252 288 290 303 391 397 407 413 414 542 556 604 617 759
16182 197 288 301
16183 152 251 252 288 301 633
16184 288 297 301 354 512 690 753
16185 441 445 446
16186 83 107 165 252 301 354 512 519
16187 73 83 84 86 107 128 165 166 169 201 254 263 279 288 301 303 313 324 338 354 385 503 512 519 539 582 604 640 725 743
16188 41 169 266 288 301 303 536 622 706
16189 83 266 288 289 301 303 690 706
16190 95 110 266 288 289 303 305 690 706
16191 83 289 305 308 468 469 531
16192 41 83 152 252 289 303 341 754
16193 41 83 252 288 289 301 341
16194 252 266 288 706
16195 152 252 263 301 423
16196 83 169 266 301 386 706
16197 152 252 341 485 754
16198 203 296 301
16199 83 263 296 297 301 385 479 512 633 634
16200 3 4 53 83 107 152 166 238 252 290 291 301 303 391 397 407 413 414 542 556 604 617 743
16201 252 288 364
16202 252 288 301
16203 83 252 266 301 707
16204 83 111 116 288 301 506
16205 7 169 288 301 318 506
16206 83 107 289 298 301 305 336 512 725
16207 83 288 296 303 532 561
16208 169 301 303 561
16209 47 252 288 297 301 303 592 690
16210 47 83 110 252 288 297 301 592 690
16211 83 95 110 252 266 288 289 297 301 336 690 706
16212 83 252 288
16213 83 143 288 301 303 512 690
16214 4 109 153 365 414 743
16215 48 83 108 204 206 252 367
16216 3 4 89 152 166 238 252 288 290 301 303 360 391 397 407 413 414 522 542 556 604 617 743
16217 2 4 83 110 288 294 296 301 381
16218 83 301 512 539 670 697 698
16219 204 488 544 561
16220 3 4 89 107 166 238 252 288 291 301 303 360 391 407 413 414 542 556 604 617 743 759
16221 83 301 362 365 591 649
16222 7 48 83 119 123 152 169 197 263 288 301 506 626 640
16223 95 266 288 301
16224 39 83 107 152 201 252 288 301 381 633
16225 95 152 266 288 301 706
16226 89 263 539 605 631 633
16227 83 107 152 288 301 397 506 560 725
16228 263 296 512 690 753
16229 266 288 706
16230 182 301 303 616 632
16231 152 251 252 633
16232 83 84 152 201 251 633
16233 83 169 266 706
16234 3 4 53 83 89 152 166 252 288 291 360 391 397 407 413 414 542 556 573 604 617 743 759
16235 288 289 303 738
16236 83 289 305
16237 169 252 266 706
16238 152 252 266 288 289 303 305 706 707
16239 83 95 152 252 266 288 663 690 706
16240 38 110 301 431 573 670
16241 152 169 266 289 303 305 706
16242 169 182 288 303 319
16243 182 288 301 319
16244 48 83 107 110 111 296 690 712
16245 48 83 84 301 633
16246 83 301 303 338 506 631
16247 93 107 239 298 354 455 512 746 759
16248 110 111 116 371
16249 134 506 638
16250 52 83 110 111 152 288 301 356 413 743
16251 52 83 111 152 252 301 356 407 633 743
16252 110 288 289 638
16253 110 266 289 301 305 690 706
16254 84 143 152 289 298 301 303 305 539 663
16255 80 83 84 263 288 303 690
16256 76 288 301
16257 266 288 706
16258 107 108 252 303
16259 83 252 301 706
16260 83 123 152 252 288 301 690
16261 110 182 288 301 384 697 702
16262 288 289 301 305 423
16263 107 111 301
16264 41 83 252 341 485
16265 83 129 288
16266 83 84 89 152 228 288 298 336 539 599
16267 2 51 110 111 252 296 298 301 481 512 541 560 598 759
16268 83 84 107 111 116 288 371 397
16269 65 83 84 160 201 241 252 288 298 301 402 441 506 539 572 753
16270 83 252 266 301 706
16271 266 288 706
16272 41 252 288 303 485
16273 138 263 431 573 670
16274 83 95 152 252 266 289 305 336 592 690 706
16275 288 289 305
16276 61 83 89 171 201 288 293 294 298 301 303 356 572 633
16277 138 266 301 706 707
16278 46 93 119 169 252 263 288 289 296 487 706
16279 83 152 243 252 288 301 706
16280 223 296 423
16281 266 288 303 706
16282 41 83 152 252 274 288 296 301
16283 169 288 423
16284 203 301 303 478 663
16285 266 288 706
16286 83 152 252 266 288 301 616 632 706 707
16287 83 119 152 252 263 288 303 506 539 626 707
16288 40 110 263 431 573 670
16289 83 152 266 288 303 706
16290 252 288 301
16291 41 252 288 341 754
16292 41 83 263 316 355 518
16293 169 288 303
16294 83 182 301 602 670 690 698
16295 83 152 252 289 301
16296 289 301 303
16297 108 266 288 301 303 706
16298 83 252 288 289 296 301 305 308 486
16299 204 288 367 722
16300 83 95 152 288 289 297 301 303 305 336 690
16301 83 169 266 288 289 301 303 706
16302 83 97 110 134 152 263 289 301 303 305 338 391 489 506 584 712 753
16303 266 288 706
16304 266 301 303 706
16305 243 266 288 706 707
16306 227 385 591 758
16307 83 152 303 616 632
16308 5 83 160 173 201 226 270 288 298 301 506 512 572 631
16309 83 152 303 336 690 706
16310 83 110 266 301 303 336
16311 42 110 138 288 303 431 670
16312 107 110 111 116 288 397 680
16313 303 539 713
16314 83 152 266 288 301 318 706
16315 83 266 301 352 706
16316 38 40 42 110 138 263 288
16317 252 266 288 301 303 706
16318 152 288 303 485 754
16319 83 288 289 303 466
16320 83 252 288 301 512 633
16321 6 83 110 301 706
16322 110 263 288 296 301
16323 95 288 301 303
16324 131 288 301
16325 38 83 138 288
16326 83 266 301 303
16327 83 95 266 289 301 303 305 336 706
16328 83 95 152 266 288 706
16329 234 243 266 303
16330 83 110 288 289 301 303 305 690 706
16331 83 95 266 289 301 305 690 706
16332 169 266 301 706
16333 26 84 288 539
16334 83 95 266 301 690 706
16335 3 4 53 83 89 107 166 238 288 290 291 301 360 391 397 413 414 522 556 604 617 743 759
16336 41 252 263 288 298 301 303 632 642
16337 83 84 107 252 263 288 301 303 354 506 632 725 758
16338 169 266 301 706
16339 38 40 110 138 288
16340 266 303 706
16341 3 4 53 83 89 107 152 166 252 288 290 360 397 407 413 414 542 556 604 617 743 759
16342 4 53 83 89 107 166 238 252 290 291 301 360 391 397 407 414 522 542 556 604 617 743 759
16343 252 266 288 706
16344 3 4 53 83 89 107 152 166 238 288 290 301 303 360 391 397 413 414 542 556 617 743
16345 83 190 288 301 479 619 712
16346 107 110 371 397
16347 39 83 107 246 254 263 288 298 301 310 478 482
16348 95 152 266 301 303 336
16349 266 301 706
16350 84 109 366 690
16351 80 83 110 152 301 512
16352 49 83 84 86 89 92 98 109 152 187 188 236 252 288 297 301 366 428 441 445 475 506 650 759
16353 3 4 53 83 89 107 166 238 290 291 301 303 391 397 407 413 522 542 556 604 617 743 759
16354 263 296 303 432 512
16355 83 252 288 301 632 690
16356 83 252 288 706
16357 169 288 706
16358 40 41 83 110 252 263 289 341 485
16359 80 110 111 288 301 506
16360 83 169 266 706
16361 41 252 288 289 301 303 341 485
16362 41 83 252 288 298 301 506 632 758
16363 288 296 303
16364 83 143 223 252 263 301 423
16365 83 110 263 296 301
16366 48 107 296 301
16367 108 206 367
16368 42 83 266 288 301 303 507 532 706
16369 83 152 182 252 263 289 301 303 305
16370 48 83 95 110 266 289 297 301 303 305 336 506 690 697
16371 107 116 288 301 371 397 506
16372 266 288 706
16373 303 523 532
16374 95 152 252 266 690 706
16375 47 83 107 110 252 335 560 598
16376 263 296 512 690 753
16377 83 110 209 289 305 478
16378 83 109 110 221 420 607
16379 3 4 83 89 107 152 166 238 290 291 301 360 391 397 407 413 414 522 542 556 604 617 759
16380 3 4 53 83 152 166 238 252 291 301 303 360 391 397 407 414 542 556 604 617 743 759
16381 83 296 303
16382 252 266 303 706
16383 107 201 294 296 298 432 506 546 560 572 604 626 631 632 633 690 759
16384 3 4 53 89 107 152 166 252 288 290 303 360 391 397 407 413 414 522 542 556 604 743 759
16385 288 301 303
16386 41 83 110 152 252 288 289 341
16387 41 83 152 252 288 413 743
16388 41 83 152 254 288 301
16389 107 110 111 288 301 371 506
16390 37 98 110 190 252 294 296 298 301 303 355 367 478 479 566 690 753
16391 3 4 53 89 107 166 238 252 288 290 301 303 391 397 407 413 414 542 556 604 617 743
16392 40 42 110 288 301 431 670
16393 83 266 288 289
16394 108 206 301 625
16395 288 303 706
16396 266 288 706
16397 3 4 53 89 107 152 166 238 288 291 303 360 391 397 407 413 414 522 542 604 617 743 759
16398 41 152 303 485 754
16399 108 204 206 367
16400 152 252 288 296 303
16401 65 83 109 152 288 301 303 369 512 598 648 650
16402 95 110 266 288 301 303 305 336 690
16403 197 288 506
16404 108 204 206 367
16405 23 48 83 84 92 289 301 305 326 428 445 446 506 512 546
16406 139 182 288 296 301 303
16407 289 301 305 486
16408 252 289 301 305 675
16409 124 252 296 301 386
16410 2 362 368 424 478 512
16411 169 266 301 706
16412 83 143 252 263 288 303
16413 252 288 301
16414 83 84 110 152 298 539 633 684
16415 38 40 110 431
16416 83 152 288 296 301 303
16417 41 83 288 289 301 303 305
16418 83 91 95 169 288 289 297 301 303 305 592 602 690 706
16419 3 4 53 89 107 166 238 252 288 290 291 303 360 391 397 407 413 414 522 556 604 743 759
16420 3 4 83 89 166 238 252 288 291 303 360 391 397 407 413 414 542 556 604 617 743 759
16421 48 50 233 263 288 296 298 301 478 488 561 631
16422 83 301 364 506
16423 42 83 152 263 303 507 532 690
16424 203 288 712
16425 95 266 288 301
16426 83 95 266 288 289 303 305 690 706
16427 288 301 603
16428 38 110 288 706
16429 110 111 712
16430 40 138 263 431
16431 200 204 206
16432 266 288 301 706
16433 48 83 239 252 274 288 303 423 598 663
16434 38 40 110 263 431
16435 78 83 89 90 134 152 160 166 252 301 303 326 336 338 428 506 512 518 557 582 631 690
16436 2 296 384 413 743
16437 83 119 169 288 289 301 305 339 345 473 506
16438 53 83 89 107 152 166 238 252 288 290 291 301 360 391 397 407 413 414 542 556 604 617 743
16439 95 152 252 266 336 706
16440 83 169 252 266 288 296 301 345 573 616 622 632 728
16441 83 107 201 252 288 298 301 381 506 519 622
16442 252 288 301
16443 288 289 305 330
16444 83 266 301 303 690
16445 83 266 288 289 706
16446 288 364 506
16447 169 266 706
16448 42 95 110 266 289 297 301 305 536 690
16449 41 83 109 252 301 369 648 650
16450 80 152 506 512
16451 41 252 301 303 341
16452 37 38 40 83 138 169 203 252 254 301 638
16453 48 83 84 85 93 94 120 123 160 173 252 263 288 296 298 301 303 367 381 403 433 437 441 478 482 506 512 520 560 631 633 637 723
16454 110 182 266 288 706
16455 3 4 53 83 89 152 166 238 288 291 301 303 391 397 407 413 414 522 542 556 604 617 759
16456 83 107 182 288 296 301 319 622
16457 169 252 266 706
16458 3 4 83 89 107 166 238 252 290 301 303 360 391 407 413 414 522 542 556 604 617 743 759
16459 83 152 252 288 303
16460 3 4 53 89 107 152 166 252 288 290 291 301 360 397 407 413 414 522 556 604 617 743 759
16461 107 110 111 116
16462 169 288 331
16463 84 288 296 301
16464 41 83 263 289 301 303 485 754
16465 182 288 301
16466 80 227 254 298 301 506 572 631 684
16467 108 200 204 367
16468 169 301 303 706
16469 41 152 252 288 301 303
16470 41 288 303
16471 4 79 80 83 289 301 305
16472 84 152 252 288 301 303 506
16473 197 288 301 303
16474 80 197 252 263 303
16475 83 252 301 341 754
16476 20 41 83 252 341 718 754
16477 169 288 303
16478 83 288 616
16479 2 51 83 107 110 111 252 296 298 481 512 541 560 598
16480 83 169 266 288 388 706
16481 41 83 252 289 303 341 485
16482 152 266 288 301 706
16483 83 252 266 288 706
16484 288 289 301
16485 41 152 263 289 301 303 485 754
16486 83 120 152 301 352
16487 2 51 83 110 111 202 263 296 301 356 481 512 541 759
16488 83 152 266 288 301 616 632 706 707
16489 288 296 301 386 706
16490 83 134 288 301 506 512
16491 41 110 152 263 289 301 303 341
16492 288 303 319
16493 4 79 80 83 288 289 298 305
16494 83 110 252 288 289 301 305 690 706
16495 83 89 110 241 288 301 378 633 690
16496 83 152 266 288 301 336 690 706
16497 83 134 288 506
16498 83 110 296 301 385 675
16499 110 138 431 670
16500 83 152 169 252 263 301 423 482 663
16501 169 266 301 303 507 532 706 709
16502 83 98 160 241 252 288 296 301 308 345 487 546 609 655
16503 83 288 341 485 754
16504 83 263 266 296 301 303 561 616 632 706
16505 95 110 266 288 289 301 305 336 690
16506 110 111 288 301 371 397
16507 169 301 303
16508 4 53 83 89 107 152 166 238 252 290 291 303 360 391 397 413 414 522 542 556 617 743 759
16509 108 204 206 367 543
16510 4 109 257
16511 83 98 152 252 298 338 512 539
16512 296 413 488 512 561 743
16513 123 152 303 697 698
16514 266 288 303
16515 38 40 41 83 107 110 119 138 143 252 288 301 303 386 388 487 584 622 663
16516 169 266 288 706
16517 83 252 266 301 303 706
16518 169 252 288 706
16519 3 4 53 83 107 166 238 288 290 291 301 303 391 397 407 414 522 542 556 604 617 743 759
16520 83 301 303 722
16521 83 110 263 296 301
16522 83 252 263 288 289 303 485 718 754
16523 41 252 303 341 485
16524 83 263 288 289 303 305
16525 41 46 77 83 289 301 303 305 391 407 414 478 539 712
16526 266 288 303 305 706
16527 41 263 288 289 301 303 341 485 718 754
16528 266 288 301
16529 263 303 432 512 690
16530 48 95 110 288 289 297 298 301 303 305 336 592 690 698
16531 108 200 206
16532 111 371 506
16533 83 252 289 301 305
16534 40 263 288 431 670
16535 288 289 301
16536 83 152 169 263 266 301 303 706
16537 263 288 301 512
16538 95 266 288 303
16539 83 107 110 116 301 397 506 679 680
16540 83 288 303
16541 41 152 303 485 754
16542 169 266 301
16543 83 266 301 303 706
16544 83 107 110 263 298 354 367 385 725
16545 40 41 83 110 252 288 298 303 341 345 485 718 754
16546 353 369 648
16547 2 93 109 288 296 301 506 608
16548 3 4 83 89 107 152 166 238 252 290 291 301 360 391 397 407 413 522 542 556 604 617 743
16549 80 83 288 298 301 520 631 633
16550 169 266 706
16551 3 4 53 89 152 166 288 290 291 301 303 360 391 397 407 413 414 522 542 556 604 617 759
16552 3 4 53 83 89 107 166 238 252 290 303 360 391 397 407 413 414 522 542 604 617 743 759
16553 83 95 152 252 288 303 690 706
16554 48 83 119 152 252 288 301 707 728
16555 197 263 301 364
16556 83 93 107 239 254 263 288 300 301 382 518 631 633 727 753 758
16557 83 110 111 301 371 397 680
16558 266 288 707
16559 152 252 288 301 303
16560 4 90 107 156 263 297 301 381 512 599 631 642 675 753
16561 83 152 252 263 288 298 301 303 473 478 482 652 706
16562 9 43 83 123 169 252 288 301 303 408 478 506 626 652 663 697 698
16563 288 301 303 722
16564 83 152 196 288 301 303 397 467 479
16565 41 252 303 341 754
16566 83 169 252 288
16567 83 95 110 288 289 297 303 305 592 690 706
16568 40 83 138 152 169 266 288 706
16569 301 303 331 640
16570 48 83 110 123 252 288 297 298 301
16571 83 95 266 301 303
16572 41 83 169 288 301 303
16573 266 288 301 706
16574 79 83 213 289 301 305
16575 83 95 266 288 289 301 305 690
16576 252 288 341 485 754
16577 38 40 83 110 138 152 263 266 296 301 303 386 406 539
16578 11 13 488 561
16579 41 252 288 303 485
16580 47 90 110 276 296
16581 111 116 371 506
16582 152 288 289 301 303 305
16583 50 152 169 266 288 301 303 584 706
16584 83 89 288 289 301 305 385
16585 83 95 110 266 289 305 336 690 706
16586 110 111 371 397
16587 288 303 319
16588 83 107 263 288 289 297 301 355 372 478 482 560 566 584 690
16589 107 111 116 153 301 371 397 506
16590 197 252 288
16591 266 301 303 352 706
16592 83 110 152 252 263 289 303 754
16593 41 152 288 301 485
16594 83 109 152 366 648 650
16595 83 109 288 301 366 369 648
16596 95 110 266 289 301 305 336 690 706
16597 84 113 152 160 252 263 288 294 298 303 632 633
16598 266 288 706
16599 169 266 301 706
16600 83 169 288
16601 83 108 288 289 301 305
16602 83 169 252 263 288
16603 95 252 266 289 297 301 303 305 336 592 690
16604 84 246 288 301
16605 83 288 303 722
16606 38 138 263 431
16607 152 252 303 341 754
16608 288 301 303 423
16609 252 301 364
16610 110 288 289 301 303 305 690 706
16611 83 107 263 289 296 301 622 633 759
16612 3 4 53 89 107 152 166 238 252 288 291 301 360 391 397 407 413 414 522 542 556 604 743
16613 3 4 53 83 89 107 166 288 290 301 360 391 397 407 413 414 542 556 604 617 743 759
16614 107 152 252 288 301 481 638
16615 83 95 266 301 303 706
16616 107 119 169 182 263 296 301 487 616 622 632
16617 40 41 83 110 263 288 289 341 754
16618 42 169 266 288 303 507 532 706 707
16619 266 305 706
16620 152 301 303 341 754
16621 41 152 252 288 341 754
16622 1 62 71 83 84 107 288 297 301 345 473 487 516 546 631 633
16623 83 95 252 266 289 297 303 305 336 592 690
16624 83 252 266 288 289 303 616 632 706
16625 252 288 301
16626 83 266 288 706
16627 83 252 288 289 305 374
16628 83 84 110 152 201 252 257 263 298 301 310 381 506 631 632 633
16629 83 94 152 252 288 298 413 506 633 743
16630 83 152 266 301 303 690
16631 83 84 87 107 134 201 288 298 301 338 356 428 547 631
16632 3 4 53 89 107 152 166 238 288 290 291 303 360 391 397 407 413 414 556 604 617 743 759
16633 83 93 288
16634 83 107 252 254 288 301 303 506
16635 83 95 110 252 266 288 289 305 336 592 690
16636 41 288 303 341 485
16637 83 152 289 296 301 539
16638 83 95 110 252 266 288 297 301 303 305 592 690
16639 152 252 266 288 336 706
16640 1 83 107 110 289 298 301 305 468 469 531 620 624
16641 83 87 107 110 134 152 156 252 288 296 297 301 303 305 338 356 428 431 506 512 547 566 592 631
16642 83 107 111 116 397 679
16643 50 83 152 266 288 706
16644 50 83 107 152 252 288 289 294 296 301 303 305 488 561
16645 108 287 301
16646 108 200 206 367
16647 40 41 83 152 252 288 289 341 485 754
16648 83 131 239 288 298 301 423 690 728
16649 301 378 470 683
16650 83 182 301 303 319
16651 83 169 252 288 301 305 616 632 706
16652 80 83 288
16653 252 266 301 466 706
16654 41 83 252 263 288 303 341 485
16655 83 169 266 288
16656 83 169 266 301 303 706
16657 80 108 544
16658 83 152 252 288 301 303
16659 2 512 529
16660 41 252 303 485 754
16661 107 110 116 397
16662 83 95 266 301 706
16663 200 204 367
16664 4 53 83 89 166 238 252 290 301 303 360 391 397 407 413 414 522 542 556 604 617 743 759
16665 134 301 338
16666 95 266 288 303 706
16667 38 110 138 288 431
16668 38 83 152 252 266 288 298 301 303 473 478 482 663
16669 9 43 83 169 252 263 288 301 303 408 478 482 506 626 652 663 697
16670 37 38 83 152 169 252 263 266 288 301 408 473 584 652 663
16671 169 266 706
16672 4 79 80 83 107 289 301 305
16673 288 289 305
16674 3 4 53 89 107 166 238 252 288 291 301 391 397 407 413 414 522 542 556 604 617 743 759
16675 48 83 84 107 252 288 301 303 326 506 512 631 712
16676 83 95 110 266 289 297 301 305 336 690 706
16677 169 266 301 706
16678 110 111 371 506
16679 2 107 110 153 227 263 288 296 301 385 466
16680 156 296 303
16681 41 152 301 341 754
16682 83 152 266 288 303 336 706
16683 83 107 110 111 152 246 263 380 727
16684 152 169 266 301 303 706
16685 152 252 301 330 544
16686 4 39 80 107 111 296 298 355 370 506 560 599 746
16687 83 134 289 301 305 338 506
16688 187 188 305
16689 83 107 110 116 301 397
16690 83 203 288
16691 83 107 110 196 201 263 288 289 296 297 301 305 690
16692 42 83 288 289 301 305 690
16693 41 83 123 169 263 289 298 301 303 473 707
16694 39 42 83 107 119 123 169 182 263 273 288 294 298 301 303 308 312 328 339 345 373 473 506 626 628 638 707 728 753
16695 83 107 119 123 263 288 289 298 301 303 345 473 638 707
16696 42 83 152 252 266 288 289 301 305 507 707 728
16697 252 266 303 706
16698 83 152 288 303
16699 2 47 84 107 152 201 252 288 301 354 512 520 572 631 633 712
16700 83 197 301 364
16701 252 263 301 726
16702 83 84 288 603
16703 107 111 116 371
16704 38 83 107 138 252 263 288 294 301 478 482 632 698
16705 37 98 107 110 190 252 288 294 296 303 355 367 478 479 566 690 753
16706 37 43 83 84 98 107 110 190 252 254 294 296 298 301 310 313 355 367 376 391 478 479 512 520 566 604 631 690 725 753
16707 110 132 288 296 584 690
16708 110 132 288 296 301 584 690
16709 107 119 169 182 263 288 296 388 487 616 632
16710 83 182 263 288 303 506
16711 38 40 41 83 107 138 252 288 296 303 318 386 388 463 476 487 584 622 707 708
16712 83 252 288 289 305
16713 83 107 110 252 288 301 506 626
16714 83 107 110 111 116 288 680
16715 55 83 98 110 111 188 252 288 296 301 597 598 643
16716 38 40 41 83 107 138 169 252 288 296 301 303 386 584 622 706
16717 107 296 690 753
16718 80 252 301 690
16719 169 266 288 301 303 706
16720 4 83 89 98 111 152 160 252 288 297 298 301 433 450 512 546 592 633
16721 58 83 107 134 288 301 303 338 428 547 631
16722 478 480 638
16723 266 288 706
16724 83 252 263 301 303
16725 108 204 206 301
16726 288 289 305
16727 80 107 203 301 303 368
16728 83 252 288 303
16729 83 266 288 289 301 305 616 632 706 728
16730 152 288 301 496 506
16731 83 107 152 296 297 414 592 743
16732 152 288 341 485 754
16733 200 206 301 367
16734 4 39 80 83 107 109 112 190 296 297 298 354 592 607 608 725
16735 83 84 110 152 252 288 296 297 298 303 690
16736 38 40 110 138 263 288 303 573
16737 5 14 83 288 298 301 303 506 712 725
16738 131 288 301 697
16739 83 152 169 252 301 303 706
16740 83 252 288 303
16741 2 51 83 107 111 202 263 296 298 356 481 512 598 759
16742 48 83 95 110 169 266 289 297 298 301 303 336 592 690 706
16743 252 266 288 301 516 707 709
16744 107 143 152 252 266 296 301 303 622 706
16745 83 152 263 288 289 303 341 485
16746 108 204 206 301
16747 266 288 301 303
16748 83 252 263 303
16749 83 110 263 296 301
16750 4 53 83 89 107 166 238 252 288 290 291 301 360 391 407 413 414 522 556 573 604 617 743 759
16751 97 98 110 362 413 414 591
16752 42 169 266 288 303 706
16753 108 200 204 206
16754 12 58 83 87 107 134 288 301 338 356 506 547 631
16755 9 43 83 123 169 252 263 288 301 303 408 478 482 506 626 652 698
16756 4 53 83 89 107 152 166 238 290 291 301 303 360 397 407 413 414 522 556 573 604 617 743 759
16757 18 83 190 263 288 289 301 305 690
16758 14 39 83 110 263 288 289 301 305 619 690
16759 83 288 303 616 632 706
16760 47 83 107 110 152 251 252 298 381 506 539 572
16761 83 169 266 301 303 706
16762 169 266 288
16763 83 119 169 263 266 288 303 305 318 339 419 616 632 652 653 706 719
16764 107 152 252 254 288 298 301 633
16765 95 266 301 706
16766 108 194 288 543 725
16767 169 266 706
16768 3 4 83 89 107 152 166 238 288 290 291 360 391 397 407 413 414 522 556 604 617 743 759
16769 7 152 252 263 266 301 527 638 706 709
16770 4 107 152 252 254 289 298 301 305 355 417 577 622 624 690
16771 41 252 303 341 485
16772 266 288 706
16773 288 301 725
16774 83 288 301 336 690 706
16775 266 288 706
16776 3 4 53 83 89 107 166 238 288 291 301 360 391 397 413 414 542 556 604 617 743 759
16777 83 196 243 252 266 288 301 706
16778 83 95 266 288 301 303 336 690
16779 288 303 663
16780 37 41 83 274 303 539
16781 83 152 288 301 488 561
16782 83 252 303 624
16783 1 83 152 252 301
16784 288 301 303
16785 37 40 41 83 110 138 182 252 288 301 487 616
16786 266 301 706
16787 95 301 706
16788 152 252 288 301 305
16789 110 116 303 371 506
16790 83 95 152 252 266 301 690 706
16791 107 108 252 303
16792 41 152 252 485 754
16793 38 110 138 431
16794 83 252 301 364 506
16795 4 53 83 89 107 152 166 290 291 301 303 360 391 397 407 413 414 522 542 556 604 743 759
16796 252 266 288 301 706
16797 266 288 706
16798 169 288 706
16799 83 169 182 303 506
16800 40 83 252 263 301
16801 169 288 303
16802 41 110 252 263 301 303 341 718 754
16803 83 98 110 152 203 506 512 539 712
16804 110 227 288 301 353
16805 41 83 288 303 341
16806 108 204 206 289 305 367
16807 83 252 288 296 297 326 414 592 712 743
16808 41 152 252 288 289 301 303 341
16809 83 266 632 690 706
16810 41 169 182
16811 3 53 89 107 152 166 238 252 290 291 301 303 391 397 413 414 522 542 556 604 617 743 759
16812 108 194 543 561
16813 48 83 95 110 288 289 297 301 305 336 506 592 690 697
16814 3 4 83 89 107 152 166 238 252 288 290 291 303 360 391 397 407 413 414 522 542 604 617
16815 42 83 95 266 288 289 305 536 706 707
16816 41 252 266 288 301 303 473 536 706
16817 41 83 152 252 288 289 485 754
16818 108 204 301 367
16819 288 301 706
16820 83 110 111 252 288 301 371 397
16821 3 4 83 89 107 152 166 238 290 291 301 303 391 397 407 413 414 522 542 556 573 617 743 759
16822 83 152 252 288 301 473 539 722
16823 169 266 663 706
16824 83 152 169 252 266 303 706
16825 263 266 288 706
16826 83 254 288 301 512 546
16827 95 252 266 288 301 303
16828 3 4 53 89 107 166 252 288 290 291 301 303 360 391 407 414 522 542 556 604 617 743 759
16829 3 4 107 152 166 238 252 288 290 291 303 391 397 407 413 414 522 542 556 573 604 617 743 759
16830 38 42 110 138 301 431
16831 41 83 263 289 301 303 341 485 718 754
16832 266 288 303 706
16833 38 40 41 83 107 119 252 266 288 296 301 303 386 388 584 622
16834 83 252 266 706
16835 41 83 252 288 289 303 341 485 754
16836 40 83 152 252 266 288 301 536 706
16837 266 288 301 706
16838 108 200 206 367
16839 234 288 697 698 706
16840 41 263 301 303
16841 7 243 288
16842 83 84 110 152 539 633 684 725
16843 48 83 110 288 297 301 512 690
16844 83 252 301 303
16845 83 152 157 252 288 298 301 539 633 690
16846 83 252 266 288
16847 37 38 40 83 110 266 288 301 706
16848 152 252 288 485 754
16849 252 266 536 706
16850 83 152 288 301 481 599
16851 41 83 110 252 263 289 301 485
16852 41 83 152 485 754
16853 266 288 301 303 706
16854 83 152 288 301 303 573
16855 169 252 266 303 706
16856 4 163 213
16857 95 266 289 297 301 303 305 336 690
16858 83 266 288 303 515 603 706
16859 266 288 706
16860 252 288 301 303 364 506
16861 3 4 83 89 107 166 238 252 290 291 301 360 391 397 407 413 414 542 556 573 604 617 743 759
16862 83 169 266 301 318 706 707
16863 169 266 301 706
16864 41 152 301 303 341
16865 236 300 301
16866 3 4 53 83 89 107 152 166 238 252 288 290 291 360 397 407 413 522 542 604 617 743 759
16867 182 699 704
16868 92 110 152 252 288 301 512 633 690
16869 83 110 252 288 289 341 485 718 754
16870 3 4 53 83 89 107 152 166 238 288 290 291 301 303 360 391 397 407 413 414 542 556 573
16871 3 4 53 89 107 152 166 238 291 301 303 360 391 397 413 414 522 542 556 573 604 617 743 759
16872 252 263 303 364
16873 83 95 110 266 288 289 305 690 706
16874 83 152 266 288 305 706
16875 83 152 197 288 301 506
16876 111 116 506
16877 83 95 152 252 336 706
16878 152 252 263 288 301 381 475 539
16879 152 252 303 341 754
16880 40 41 83 110 152 289 301 341 485 754
16881 3 4 53 83 152 166 238 252 291 301 303 360 391 397 407 413 414 542 556 604 617 743 759
16882 83 266 296 301 303 336 388 690 706
16883 2 43 83 84 110 152 158 201 203 227 263 289 298 301 305 475 566 633
16884 38 263 431
16885 90 288 305
16886 41 83 110 152 301 303 539 660
16887 38 40 138 263
16888 108 200 204 206 288
16889 110 252 371 397 506
16890 95 266 288 289 297 301 305 336 690 706
16891 41 48 83 119 263 288 301 423 719
16892 84 169 288 301
16893 3 4 53 83 89 152 166 252 288 290 291 303 360 391 397 407 413 414 522 542 573 604 617 743
16894 38 138 431 670
16895 83 108 204 206 252 288 289 305 367 544
16896 200 204 206 367
16897 41 110 263 288 289 301 341 485 718 754
16898 2 83 263 276 288 385 473 481
16899 266 288 709
16900 55 83 98 111 152 252 288 296 298 597 598
16901 169 266 288 706
16902 42 83 266 288 301 536 706 709
16903 252 288 301
16904 80 108 204 206 289 296 305 367
16905 83 107 111
16906 288 305 331
16907 83 152 288 289 301 303 305 536 706 709
16908 266 288 706
16909 83 288 301 303 530 729
16910 40 252 263 288 289 298 301 341 345 473 485 718 754
16911 41 301 303 609
16912 83 110 152 252 289 296 297 301 303 690
16913 38 110 138 431 573
16914 2 83 107 152 385 539 712
16915 3 4 53 89 107 166 238 252 288 301 303 360 391 397 407 413 414 522 542 556 604 617 743
16916 83 107 201 294 298 512 558 572 626 631
16917 83 152 266 288 289 297 301 305 336 592 690
16918 95 266 706
16919 95 110 266 288 289 301 305 336 706
16920 83 84 204 301
16921 289 605 638 661
16922 252 288 301 303 706
16923 41 83 266 288 301 706 707
16924 108 200 204 206
16925 288 289 305
16926 2 4 109 221 407 599 607 608
16927 83 169 263 301 417 506 626
16928 40 41 83 110 138 152 266 303 706
16929 112 301 423 675
16930 83 110 152 288 301 303 671 672
16931 107 110 116 301 397 506 680
16932 48 50 107 252 288 296 301 345
16933 80 83 108 289 544
16934 44 152 288 301 303 423
16935 252 254 279 300 301 303 381 582 631 632
16936 182 296 303 699 704
16937 95 110 266 288 289 301 336 690 706
16938 266 288 301
16939 266 584 706
16940 38 40 41 83 107 110 138 143 263 288 296 388 663
16941 40 138 263 431 573
16942 266 288 706
16943 288 301 598
16944 83 110 152 288 289 355
16945 203 326 541 560 678 711
16946 108 118 289 301 303 305
16947 83 152 169 263 289 301 303 305 659
16948 169 252 288 706
16949 41 48 83 107 236 252 288 296 297 298 301 506 690
16950 3 4 53 83 89 166 238 252 288 290 303 360 391 397 407 413 414 556 573 604 617 743 759
16951 83 84 240 254 288 506 631
16952 197 252 301 303 640
16953 41 83 266 301 507 532 706 709
16954 169 266 303 706
16955 83 152 169 252 266 289 305 584 706
16956 157 301 512 690
16957 288 423 618
16958 79 83 263 288 303 642
16959 83 84 288 632
16960 41 83 152 301 303 341
16961 83 152 263 288 301 303 512 690
16962 83 252 263 288 298 301 303 512 690
16963 83 110 116 152 252 288 289 301 371
16964 83 110 111 252 288 289 397 506
16965 83 97 110 134 252 263 288 301 303 305 338 391 489 506 584 712 753
16966 83 301 338 506
16967 266 288 706
16968 38 110 138 573 670
16969 108 204 206 367
16970 91 288 638
16971 95 252 266 303 336 690
16972 83 123 134 143 263 301 303 308 374 512 530 737
16973 83 143 152 252 288 301 308 506 512 663 737
16974 80 83 123 134 143 301 308 374 506 512 530 663 737
16975 76 83 107 152 257 288 301
16976 169 266 288 301
16977 266 288 301
16978 83 110 152 252 288 301 397
16979 252 288 598
16980 41 169 266 301 318 507 532 706
16981 4 53 83 89 166 238 252 288 290 291 301 360 391 397 407 413 414 522 556 604 617 743 759
16982 2 83 263 276 301 385 473 481
16983 83 266 301 303 506 706
16984 38 40 138 263 301
16985 288 301 303 338 506
16986 41 83 252 266 288
16987 108 200 206
16988 95 110 266 289 303 305 336 592 690 706
16989 4 53 83 89 107 152 166 238 290 291 301 391 397 407 413 414 542 556 573 604 617 743 759
16990 79 263 289 301 305
16991 266 301 706
16992 266 288 706
16993 41 152 288 301 303 485
16994 266 288 706
16995 288 289 305
16996 83 202 252 289 297 298 301 305 690
16997 83 95 288 706
16998 33 48 107 110 139 333 334 631 661 671 697 698 736
16999 83 84 90 301
17000 3 4 83 89 107 152 166 238 290 291 301 391 397 407 413 414 522 542 556 604 617 743 759
17001 252 263 288 301 303
17002 107 110 111 116 252 397 506 539
17003 14 83 110 288 297 301 466 560 633 690
17004 1 110 294 296 298 316 355 395 397 407 414 560
17005 134 288 301
17006 95 266 301
17007 83 266 288 336 706
17008 288 301 437 515
17009 108 252 544
17010 3 4 53 83 89 107 152 166 238 291 301 360 391 397 407 414 542 556 604 617 743 759
17011 3 4 89 107 152 166 252 290 291 301 303 360 391 397 407 413 414 542 556 604 617 743 759
17012 3 4 53 89 107 152 166 288 290 291 303 360 391 397 413 414 522 542 556 604 617 743 759
17013 252 301 341 485 754
17014 80 83 110 123 437 560
17015 83 116 288 301 371 506
17016 37 38 83 119 138 152 169 182 252 263 288 301 345 473 663 690
17017 263 266 288 303 706
17018 41 83 288 485 754
17019 108 194 288 301 303 330
17020 83 203 263 301 423
17021 95 110 252 266 289 297 301 303 305 592 706
17022 108 204 288 367
17023 200 204 367
17024 83 182 301 384
17025 41 152 301 341 485
17026 252 266 288 303 632 709
17027 38 41 138 243 266 288 303 318 706
17028 40 110 288 431 670
17029 38 252 263 288
17030 83 128 140 298 301 631 633 759
17031 83 94 288 301 506 638
17032 95 266 301 303 706
17033 95 266 288 332 663 690 706 707
17034 169 266 288 303
17035 83 110 169 203 288 301 482
17036 80 108 734
17037 42 110 138 263 301 431 670
17038 40 252 263 288 301
17039 41 83 152 263 288 289 301 341
17040 73 80 83 288 301 512
17041 108 200 204 367
17042 95 110 252 288 289 301 303 305 706
17043 41 83 152 341 754
17044 48 83 95 110 266 289 298 301 305 336 506 592 690 698
17045 50 109 110 263 296 298 366 488 561 648 650 712
17046 182 616 698
17047 107 288 301
17048 83 95 152 266 289 301 303 305 336 690 706 707
17049 83 169 266 288 301 706 707
17050 4 39 89 110 276 289 296 298 301 303 355 506 631
17051 50 544 561
17052 4 97 288 297 301 512 690
17053 50 289 296 305 543 544 561
17054 252 288 289 301
17055 47 152 252 303
17056 47 152 252 303 506
17057 41 83 84 252 274 288 289 301 303 305 345 473 487
17058 83 111 288
17059 83 107 288 296 297 298 301 512 592 690
17060 107 110 111 116 288 301 371
17061 108 204 206
17062 48 79 83 301 512
17063 213 301 305
17064 52 83 107 288 289 298 303 305 356 428 443 512 631
17065 52 80 83 84 107 288 298 303 356 428 443 506 520 631 759
17066 194 288 305
17067 41 83 152 252 274 288 298 303 473
17068 226 301 481 599 725
17069 9 83 84 89 107 152 160 166 187 188 201 236 263 288 298 301 303 345 381 382 437 473 487 512 572 631 633 707 725
17070 109 227 366 369 650
17071 83 107 263 301 431 478 506
17072 84 263 288 301 431 478 506
17073 488 544 561
17074 288 599 633
17075 42 108 204 206 367 544
17076 2 83 233 294 370 414 624 743
17077 83 202 288 301 380 674 727
17078 48 83 152 289 298 301 305 478 512
17079 152 215 252 288 303
17080 288 301 616
17081 213 366 369 648
17082 83 115 263 301 352 473
17083 3 4 53 89 107 166 238 252 288 290 291 303 360 391 397 407 413 414 522 542 604 743 759
17084 3 4 53 89 107 152 166 238 252 290 303 391 397 407 413 414 542 556 604 617 743 759
17085 3 4 89 107 152 166 238 252 290 303 360 391 397 407 413 414 542 556 604 617 743 759
17086 3 4 53 83 89 107 166 238 252 288 290 291 303 360 391 397 407 414 522 542 604 617 743
17087 83 288 619
17088 83 84 289 305
17089 288 301 303
17090 108 200 204 289 305 544
17091 83 222 263 296 297 301 371 560 592
17092 48 83 152 252 301
17093 3 4 53 83 89 152 166 238 252 288 290 291 301 360 391 397 407 413 542 556 604 743 759
17094 23 83 84 92 289 301 305 326 428 445 446 506 512 546
17095 197 288 506
17096 98 202 296 301
17097 252 301 303 355
17098 1 83 107 110 289 294 298 301 305 468 531 620 624
17099 530 672 697 698 702
17100 110 111 116 397
17101 83 110 143 169 252 288 301 303 423
17102 3 53 83 89 107 166 238 288 291 301 303 360 391 397 407 413 414 522 542 556 604 617 759
17103 288 296 303 624
17104 4 83 107 112 222 254 560
17105 83 95 266 288 289 297 301 305 690
17106 276 288 301 605 633
17107 83 380 486 619 727
17108 83 152 266 288 301 303
17109 110 111 227 254 289 298 301 303 305 362 385 584
17110 83 266 301 512
17111 83 110 111 116 301 506
17112 109 221 363 407 413 607 608
17113 38 40 263 431
17114 115 169 263 288 352 728
17115 83 296 301 311 678
17116 4 83 263 276 296 297 301 345 487 506 512 592 655 753
17117 98 252 257 288 297 301 380 506 592 690 727
17118 41 83 143 252 288 301 683
17119 41 83 143 252 288 303 663 683
17120 107 110 111 116 301 371 397 605
17121 83 107 110 111 116 371 397
17122 152 303 341 485 754
17123 266 288 301 706
17124 47 83 201 288 298 301 381 541 631 633
17125 107 110 116 371
17126 83 289 301 305
17127 83 288 305 363 372
17128 169 288 303
17129 110 111 288 301 371 397
17130 83 266 706
17131 95 266 301 706
17132 41 83 288 301 303 532
17133 83 131 152 263 301 423
17134 83 252 263 301 423
17135 33 222 363
17136 83 108 288 330
17137 41 83 288 289 297 303 366 417 648 650 690
17138 83 107 110 111 116 152 288 301 371 397
17139 83 84 89 110 157 163 252 254 293 301 354 444 512 604 633
17140 110 152 157 252 301 385 444 468 469 512
17141 83 152 243 252 266 288 301 303 506 536 707
17142 107 288 296 301 417 690 712
17143 152 222 252 289 301
17144 288 301 303
17145 3 4 53 89 107 152 166 252 288 291 360 391 397 407 413 414 542 556 604 617 743 759
17146 83 152 252 263 288 298 487 512 572 619 632 759
17147 83 152 201 263 288 298 301 512 632 712 759
17148 83 201 252 263 288 294 298 301 487 619 632 759
17149 226 254 506 519 577
17150 83 296 391 469 531 631
17151 47 83 93 107 152 288 298 301 354 468 531 622
17152 143 252 263 289 296 305 397
17153 83 110 116 288 371
17154 305 330 544
17155 83 110 301 363 444
17156 44 90 512 758
17157 228 301 725
17158 107 110 111 371
17159 83 288 296
17160 83 120 143 252 263 274 288 289 301 663 726
17161 83 107 110 111 252 263 289 301 305 371
17162 83 213 288 289 301 690
17163 230 263 288 506 631
17164 3 4 53 83 89 107 166 238 252 288 290 301 303 360 391 397 413 414 542 556 604 617
17165 289 638 690
17166 3 4 53 83 89 107 152 166 238 252 290 301 360 391 397 407 413 414 522 556 604 617 759
17167 392 468 469 531
17168 51 110 712
17169 83 288 478 506 706
17170 108 252 544
17171 152 252 263 301 423
17172 83 107 301 371 397 506 680
17173 48 50 83 107 288 296 301 546
17174 48 152 252 303 690
17175 107 288 301
17176 108 204 330
17177 83 107 110 198 202 288 355 356 380 468 469 531 591 725 758 759
17178 110 116 252 371 397
17179 83 301 591 722
17180 107 111 116 397
17181 83 121 252 266 288 301 584
17182 110 111 116 371
17183 107 301 326 539
17184 58 83 84 87 107 134 252 288 301 385 428 431 506 631
17185 41 152 252 288 296 298 301 303 512 516
17186 41 83 203 288 296 301 512 516
17187 41 83 203 296 298 301 512 516
17188 41 83 152 252 288 296 298 303 512 516
17189 83 109 128 413 607 608 677 678 743
17190 83 288 296 301 512 598
17191 288 301 305
17192 301 312 355 512 577
17193 83 312 355 512 622
17194 301 312 355 512 577
17195 288 289 305
17196 48 107 110 203 252 288 296 301 385
17197 288 301 340
17198 98 289 543
17199 252 288 297 301 303 506
17200 288 301 303
17201 39 83 89 107 123 252 254 263 298 301 303 502 512 725
17202 39 83 107 252 254 263 288 298 301 303 381 502 512
17203 39 89 107 131 152 201 252 254 288 298 303 502 512 725
17204 83 107 110 111 288 397 680
17205 41 84 263 301
17206 107 110 111 252 288 298 301 690
17207 12 58 83 107 134 288 301 338 356 428 506 547
17208 83 107 110 182 218 296 298 301 512 690
17209 83 182 289 305
17210 110 392 468 469 531
17211 83 266 301 706
17212 83 243 252 288 303 706
17213 41 44 83 288 289 301 305
17214 288 289 301 305
17215 2 111 112 242 584 642
17216 95 288 303 706
17217 83 107 110 111 116 288 301 371 506
17218 83 107 110 289 294 301 690
17219 83 110 288 301 663 690
17220 111 296 298 303 366 369 385 648 690
17221 41 107 110 143 152 182 252 288 301 303 584 616 632 706
17222 182 289 592 663
17223 6 182 289 690
17224 266 288 706
17225 83 252 266 301 706
17226 266 288 301
17227 252 266 288 706
17228 83 182 301 305 539 690
17229 266 301 616 706
17230 83 143 182 201 288 296 298 301 433 631 663 725 758
17231 107 110 371 397
17232 108 200 367
17233 152 252 288 301
17234 41 252 288 303 485
17235 83 252 288 303
17236 4 48 391
17237 83 252 266 706
17238 83 252 266 301 303
17239 92 107 160 293 294 367 391 397 424 428 506 512 743
17240 83 110 111 271 289 305 369 623 648 650
17241 83 296 604
17242 288 296 301 604
17243 288 296 622
17244 288 289 303
17245 109 366 648 650
17246 89 109 288 289 301 366 369 539 605 650
17247 4 252 289 301 305 307
17248 109 221 307 608
17249 42 83 152 252 289 303 305 507
17250 177 288 301
17251 84 252 288 301 512
17252 41 252 288 341 485
17253 83 110 111 288 296 301 371 680
17254 2 83 107 110 254 633
17255 37 41 115 239 288 301 423
17256 83 182 288 618
17257 2 49 51 78 83 107 112 140 160 165 166 236 288 297 300 301 338 428 441 506 546 604 617 633
17258 2 49 51 78 83 84 107 112 140 165 166 236 288 297 300 301 338 363 428 441 506 546 604 633
17259 83 107 204 206 288 367 564
17260 83 110 116 301 397 506
17261 83 288 338 506 631 697
17262 41 50 266 303 488 561
17263 41 83 252 288 296 298 301 303 488 532 561 663 706
17264 83 107 109 288 298 369 512 648 650
17265 83 252 301 305
17266 83 131 152 252 423
17267 80 83 107 109 187 188 245 294 354 366 385 648 650
17268 80 83 187 188 245 263 354 366 369 381 385 648 650
17269 60 79 80 83 89 160 288 293 298 301 310 356 443 506 572 631
17270 266 301 303 698 706
17271 83 110 433 584 649
17272 83 107 254 263 286 288 296 301 481 584 599 609 655
17273 83 169 266 301 318
17274 107 110 301 622
17275 83 110 288
17276 108 200 206 367
17277 266 301 303 706
17278 83 107 157 289 298 301 305 354 403 632 633 642
17279 40 41 83 263 289 301 341 485 754
17280 38 110 288 431 670
17281 83 95 110 252 266 289 301 303 592 690 706
17282 83 95 110 252 266 288 289 297 305 690
17283 3 4 53 83 89 152 166 238 252 288 291 301 360 391 407 414 542 556 604 617 743 759
17284 3 4 53 89 107 152 166 238 288 301 303 360 391 407 413 414 522 542 556 604 617 743 759
17285 4 89 152 301 372 413 414 506 512 560 591 597
17286 2 4 107 296 298 338 478 479 759
17287 1 4 50 83 84 89 109 152 252 254 263 288 296 298 301 354 366 369 428 431 488 506 561 596 599 605 648 650 663 723
17288 107 288 301 560
17289 41 152 288 301 754
17290 83 203 252 301 478 482 690
17291 79 83 107 301 506
17292 22 83 152 288 301 303 539
17293 41 83 252 288 301 341 485 754
17294 252 288 301 341 754
17295 266 301 706
17296 83 107 110 152 367 598 690
17297 83 252 288 506
17298 43 98 107 110 190 252 254 263 288 294 296 298 301 303 310 313 355 367 376 391 478 479 512 520 566 604 631 690 725 753
17299 37 83 98 107 190 288 294 296 298 301 355 367 478 479 566 690 753
17300 83 169 288 289 301 303
17301 152 263 289 301 303 341 485 754
17302 107 110 111 116
17303 83 289 301 303
17304 36 78 89 109 263 276 303 376 444 466 468 469 529 531 584 589
17305 2 4 80 83 89 107 123 263 288 298 301 303 512 520 631 633
17306 4 18 83 121 288 296 303 391 573 753
17307 38 138 263 288 431
17308 38 40 110 169 263 301 431
17309 123 143 266 301 303 706
17310 83 152 266 289 301 303 305 706
17311 83 169 266 288 301 303 706
17312 107 110 111 116 301 371 397 506
17313 38 40 110 301 431
17314 94 252 288
17315 83 252 301 305 366 650
17316 2 4 110 252 288 294 296 301 381
17317 2 4 83 84 288 294 296 354
17318 2 4 83 110 288 294 296 301 381
17319 83 107 110 160 219 252 278 288 298 301 403 506 546 572 633 689 753
17320 108 204 367
17321 40 110 138 263 670
17322 263 310 506
17323 203 301 619
17324 1 83 107 110 201 251 288 294 298 468 531 604 620 624
17325 83 110 116 397 506
17326 152 252 301 485 754
17327 143 252 296 301 338 381 385 397 489 560 604 663
17328 252 288 364
17329 197 288 301 303
17330 200 206 367
17331 84 289 301 305 631
17332 83 152 252 289 301
17333 152 252 288 301 616 632
17334 84 110 116 303 371
17335 83 107 301 303 506 520 539 631 636
17336 4 53 83 89 107 152 166 238 252 288 290 291 360 397 407 413 414 522 556 604 617 743 759
17337 83 110 116 288 301 397 680
17338 107 110 116 288 296 301 397 680
17339 83 266 288 289 297 303 305 592 690 706
17340 50 83 110 111 116 296 371 561
17341 93 201 618
17342 110 116 371 506
17343 83 89 107 187 188 288 293 296 298 301 381 413 506 512 743 753
17344 47 51 83 128 160 203 252 294 298 301 403 506 572 626 629
17345 83 107 190 599
17346 83 110 111 301 303 371 506
17347 110 111 371 397
17348 51 79 83 288 441 506
17349 169 266 288 303 305 706 707
17350 303 479 539
17351 266 340 706
17352 4 48 107 110 111 160 201 263 298 301 385 506 512 519 577 582 631 640 725 727
17353 38 40 107 138 288 303 670
17354 266 288 303 632 706
17355 152 252 288 301 305 690
17356 83 107 110 202 250 279 298 300 301 308 367 506 519 541 577 599 631 633
17357 41 110 252 289 301 341 485 718 754
17358 107 110 111 116 301 371 680
17359 4 53 83 89 107 166 238 252 290 291 301 303 391 397 407 413 414 522 542 556 617 743 759
17360 76 80 83 92 160 213 215 288 301 506 725
17361 83 152 301 512 539 568
17362 83 152 252 301 632
17363 83 107 111 116 203 254 297 298 301 355 385 506 605
17364 197 252 288
17365 111 116 371 397 660
17366 152 169 252 266 288 301 706
17367 84 288 301
17368 3 4 53 83 89 107 166 238 288 290 301 303 397 407 413 414 542 556 604 617 743 759
17369 42 48 83 252 263 288 289 298 305
17370 3 4 107 152 166 238 252 288 290 291 301 391 397 407 413 414 542 556 573 604 617 743 759
17371 83 201 301 632
17372 4 47 83 296 355 605 619 622
17373 3 4 83 89 107 152 166 288 290 291 303 360 391 397 407 413 414 522 542 556 604 617 743
17374 110 116 288 301 371 506
17375 95 252 266 301 706
17376 152 252 288 305 423
17377 83 288 539
17378 108 204 301 303 367
17379 108 200 288 289 305 367
17380 83 353 363 369 648 650
17381 115 263 301 352
17382 80 108 301 330 544 734
17383 108 200 206
17384 3 4 83 89 107 152 166 238 252 291 301 360 391 397 407 413 414 542 556 617 743 759
17385 3 4 53 89 107 166 252 288 290 291 301 303 360 391 397 413 414 522 542 556 573 604 617 743
17386 3 4 53 83 89 107 152 166 238 290 291 303 391 397 407 414 522 542 556 573 604 617 743 759
17387 98 236 289
17388 3 4 53 83 89 152 166 252 290 291 301 303 360 391 397 407 413 414 522 542 604 617 743
17389 169 288 301
17390 83 115 263 288 352 473
17391 84 89 201 245 293 294 296 301 338 468 469 488 512 604 753
17392 84 89 201 245 293 294 296 298 301 338 468 469 512 561 582 604 753
17393 288 289 301
17394 3 4 53 89 166 238 252 288 290 291 301 303 360 391 397 413 414 522 542 556 604 743 759
17395 83 131 252 288 289 301 305 423 598
17396 83 252 288 289
17397 95 266 288 289 301 305 690 706
17398 84 120 169 201 251 252 254 288 298 301 339 367 512 572 633 652 653 728
17399 301 346 518 584
17400 288 301 364
17401 98 152 288 298 301 338 403 506
17402 83 92 174 224 246 257 506 626 633
17403 266 288 301 305
17404 80 89 160 173 288 294 298 301 381 478 482 572 631
17405 4 83 89 140 152 252 254 288 296 301 310 338 428 468 469 488 512 531 561 604 642 753 759
17406 83 140 157 310 338 381 468 469 512 604 642 753 759
17407 4 89 157 201 254 301 310 381 468 469 512 531 642 753
17408 4 49 83 89 152 157 201 252 254 288 296 310 338 372 381 468 512 531 561 582 604 642 759
17409 200 206 288 367
17410 200 204 367
17411 109 152 288 289 296 301 305 366 369 512 648
17412 40 110 138 301 431 573
17413 47 83 160 252 288 298 301 303 381 506 539 582 633
17414 169 266 288 318 706
17415 83 107 110 288 301 303 352
17416 288 301 303
17417 115 263 288 301 352 728
17418 3 4 53 107 152 166 288 291 301 303 360 391 397 407 413 414 542 556 604 617 743 759
17419 3 4 53 83 89 107 152 166 238 288 290 303 360 391 397 413 414 542 556 604 617 743
17420 83 288 289 294 301 305 599 619
17421 83 107 263 288 372 437 506 519 622
17422 152 252 289 301 303 536 706
17423 83 169 266 288 303 507 532 706
17424 41 252 288 341 485
17425 83 152 252 288 289 301 305 402
17426 84 259 294 296 304 307 312 367 512 577 631
17427 83 107 152 288 289 301 303 305
17428 2 4 110 301 303 428 506 512 759
17429 83 107 157 288 289 305 385 512 597 599 620
17430 41 83 143 288 301 303 507 532
17431 83 182 288
17432 83 111 252 288 289 297 298 301 592 690
17433 48 83 107 263 288 296 301 506 598
17434 80 338 599
17435 83 152 251 252 266 288 298 301 706 723
17436 41 83 84 107 110 123 298 532 690
17437 83 84 89 107 187 188 201 298 354 487 512 546
17438 83 84 89 107 109 187 188 201 298 301 354 366 487 512 546 648
17439 83 107 187 188 263 298 301 354 391 487 512 546
17440 4 107 108 259 294 296 367 512 560 577
17441 41 83 152 289 301 303 341 754
17442 108 204 206 367
17443 266 301 536 706 707
17444 288 289 301 305 378
17445 83 107 110 288 289 296 301 371 397 680
17446 48 83 107 252 254 289 296 301 308 632 635
17447 266 288 706
17448 227 303 353
17449 83 266 301 706
17450 49 80 83 252 298 301 381 512 626
17451 83 353 363 366 369 650
17452 169 288 301 303
17453 301 353 363 366 369 648
17454 1 83 363 385 414 444 743
17455 83 288 303
17456 252 303 495
17457 41 77 107 128 263
17458 41 110 252 289 301 303 485 754
17459 48 73 83 288 289 301
17460 115 169 263 288 352 473
17461 288 353 363 366 648 650
17462 288 301 305
17463 42 83 266 288 303 318 536 706
17464 169 266 301 318 706
17465 42 83 169 288 301 318 536 706
17466 83 107 110 116 252 301 397 680
17467 1 83 84 97 109 288 366 369 378 391 539 650
17468 108 200 206
17469 200 204 206
17470 84 288 301
17471 109 353 363 369 648 650
17472 288 301 725
17473 266 288 303
17474 41 288 303 341 754
17475 80 203 288 301 303 368
17476 83 107 252 270 289 298 301 305 310 467 523 539 560 597
17477 83 110 111 116 371 423
17478 83 107 110 111 116 371 397
17479 252 288 301
17480 110 111 227 385 490 620
17481 110 111 227 490 620
17482 110 111 116 506
17483 266 305 706
17484 107 111 116 371
17485 107 110 111 296 371 397 488 561
17486 84 110 116 371 397
17487 42 80 83 107 312 591
17488 152 266 288 303 706
17489 80 107 160 277 293 298 316 403 450 518 520 572 591 613 631 633 725
17490 38 40 83 239 423
17491 83 110 111 116 288 371 397
17492 83 110 203 301 352 412 712
17493 83 84 107 110 121 201 288 297 301 339 487 592
17494 83 115 263 288 352 728
17495 83 197 288 364
17496 134 301 303 506 512
17497 83 266 288 303 706
17498 83 266 301 706
17499 83 152 266 288 301 706
17500 83 152 288 289 301 303
17501 108 200 204
17502 3 4 53 83 89 107 166 238 252 288 290 291 301 360 391 397 407 413 414 522 542 573 604 743
17503 41 83 152 263 288 289 341 485
17504 3 4 53 83 89 107 166 238 288 290 291 301 360 391 397 407 413 414 542 604 617 743 759
17505 3 4 53 89 107 152 166 238 252 288 290 291 303 360 391 397 407 413 522 556 573 604 617 743
17506 204 206 367 544
17507 108 200 367
17508 2 83 109 266 288 289 301 303 305 366 369 502 648
17509 2 4 83 289 301 312 324 368 371 391 502 577 604 620
17510 2 4 83 107 303 312 324 368 371 391 502 577 604 620
17511 171 288 289 301
17512 252 289 301 690
17513 83 197 301 364 506
17514 266 301 706
17515 83 266 301 303
17516 83 107 301 371 397 506 680
17517 288 301 305
17518 10 11 289 301 305 472 475
17519 11 13 83 169 301 506
17520 10 11 41 83 252 288 303 339 472
17521 10 13 83 288
17522 10 11 13 84 472
17523 10 11 288 301 303
17524 10 11 83 84 288
17525 10 11 301
17526 13 83 301 303 472
17527 10 13 169
17528 10 11 13 288 301 303
17529 11 13 83 301 339 472 506 626
17530 11 13 288 301 472
17531 10 11 13 288 339 472 626 728
17532 10 13 83 169 288 301 339 472 626
17533 11 13 169
17534 10 11 83 169 288 472
17535 11 13 83 301
17536 2 7 10 48 83 107 110 263 272 288 298 299 301 318 472 652 653 725
17537 2 7 11 107 110 119 248 263 272 288 299 301 303 318 463 472 476 652 653
17538 2 7 13 48 83 107 110 263 272 298 299 301 303 318 652 653 725
17539 2 7 11 83 107 110 248 263 288 298 299 301 303 318 328 463 472 476 652 653 707
17540 7 11 13 48 83 119 263 298 299 303 318 506 626 652 653 725 728
17541 2 7 10 11 13 48 83 107 263 288 298 301 318 463 472 506 626 652 653 725 728
17542 2 7 11 13 48 83 107 119 263 289 298 299 301 303 318 506 626 652 653 725 728
17543 2 7 10 11 13 48 110 119 288 298 299 301 303 318 472 506 626 652 653 725 728
17544 2 7 10 11 48 83 110 119 263 288 298 318 463 506 626 652 653 725 728
17545 2 7 10 13 48 83 110 263 298 299 301 303 318 506 626 652 653 725 728
17546 2 7 10 13 83 107 110 119 263 288 298 299 301 318 328 463 476 604 706 707
17547 10 11 13 83 288
17548 7 10 11 13 48 83 298 301 506 626 725 728
17549 2 7 10 48 83 119 288 298 301 303 318 506 725 728
17550 11 13 706
17551 10 288 472
17552 10 11 13 41 152 272 288 301
17553 10 13 42 301 303 318 472
17554 10 11 84 301
17555 13 80 83 288 301 472
17556 10 11 13 472
17557 10 301 472
17558 11 13 288
17559 10 11 13 83 272 301
17560 10 11 13 303
17561 10 11 13 301 303 472
17562 11 288 301
17563 10 11 13 83 119 169 263 296 301 303 472
17564 80 83 152 288 296 301
17565 10 252 301 472
17566 11 13 50 561
17567 11 13 119 169 252 288 301 303 339 472 506 652
17568 7 10 11 13 83 263 301 318
17569 2 7 13 107 110 263 288 298 299 301 303 318 463 472 476 520 706 707 753
17570 2 7 10 13 48 83 107 110 119 263 288 298 299 318 472 652 653 725
17571 11 13 83 252 274 288 301 303 472 506 626 728
17572 10 11 13 83 84 169 404 472
17573 48 83 84 92 98 157 317 506
17574 11 13 83 288 301 472
17575 10 11 288
17576 10 11 301 303 339 506 626 728
17577 83 84 110 173 288 298 301 339 345 354 473 487 512 618 725
17578 13 288 472
17579 11 13 83 119 288 301 303 339 472 638 707
17580 11 13 288
17581 10 13 288
17582 10 11 13 41 272
17583 10 13 84 301
17584 10 13 289
17585 10 37 83 119 122 169 288 301 303 472 487 504 707 719 749
17586 10 169 252 301 472
17587 84 152 252 301 303
17588 83 169 263 266 288 301 303 706
17589 105 288 303 469 531
17590 66 449 486
17591 83 119 169 182 252 301 303 506 626 707
17592 83 266 301 303 706
17593 44 115 423
17594 15 108 204 206
17595 110 197 263 288 364
17596 47 83 84 107 110 160 201 252 279 298 301 506 539
17597 169 266 706
17598 15 108 301 330 544
17599 48 83 84 152 201 219 252 289 298 301 305 487 512 572 689
17600 15 80 193 194 254 301 309 330 543 568 759
17601 48 83 84 152 173 252 254 288 294 298 301 367 451 506 633 725 753
17602 5 23 48 76 80 83 84 89 93 102 107 201 236 239 246 251 252 257 288 301 367 379 459 478 506 518 520 546 572 617 622 631 633 725 753 759
17603 199 206 367
17604 83 84 107 110 119 123 169 201 248 251 252 263 288 298 301 303 339 352 419 487 495 539 626 638 653 707 728
17605 83 119 123 152 169 252 263 288 298 301 303 339 352 408 419 473 487 506 728
17606 83 84 123 248 252 263 288 298 301 303 339 352 364 419 473 487 506 539 626 638 728
17607 83 84 107 110 152 169 201 251 252 263 288 298 301 303 339 352 364 419 487 495 539 626 638 652 653 707 728
17608 84 107 110 119 123 152 169 201 248 251 252 263 288 298 303 328 339 352 364 419 495 506 539 626 638 652 653 706 707 728
17609 83 152 252 301 303
17610 23 83 89 160 201 227 254 279 294 298 313 367 385 403 459 475 506 572 758
17611 204 206 367
17612 288 301 706
17613 83 152 160 201 252 298 301 506 520 572 598 631 633 723
17614 38 40 83 107 110 138 152 169 252 288 298 301 303 386 506 584 622 626 652 653 663 706 728
17615 252 266 318 706
17616 42 83 119 152 252 288 298 301 303 339 385 507 532 626 632 706 707 728
17617 5 78 83 84 89 257 299 385 413 506 512 546 631 743 753
17618 15 190 195 263 272 301 330 544
17619 116 288 301 397 506 660
17620 80 83 107 303 397 631 633 725
17621 139 194 204 206 544 602
17622 83 84 98 112 252 288 298 301 354 670 725 753
17623 204 367 613
17624 266 288 301 303 706
17625 42 83 169 266 303 536 706 709
17626 42 83 169 263 266 288 301 536
17627 42 83 84 266 275 288 301 303 309 404 405 707
17628 169 266 288 303 706
17629 49 83 84 110 173 201 251 252 298 475 512 725
17630 42 83 152 169 266 288 706 707
17631 83 84 108 252 288 296 301 367 512 539 544 690
17632 266 288 301
17633 23 56 83 85 158 160 279 298 301 381 382 506 520 572 610 633 731
17634 107 116 152 252 296 301 680
17635 83 107 252 288 296 301 303 318 345 386 388 476 487 622 663 706
17636 50 83 123 252 263 288 296 298 301 488 561
17637 108 199 204
17638 83 252 301 303 672
17639 83 95 152 169 203 252 263 288 303 536 539 631 690 706 707
17640 83 110 119 169 201 251 263 273 288 298 301 303 339 725
17641 9 43 83 84 123 252 263 288 298 301 303 332 339 408 478 482 495 506 626 663 687 697 698
17642 9 80 83 84 107 152 201 252 263 293 294 301 304 312 367 520 572 631
17643 3 4 53 83 89 152 166 238 288 291 301 303 360 391 397 407 414 542 556 573 604 617 743 759
17644 252 288 301 303 419
17645 47 80 83 152 173 196 201 219 227 248 251 252 254 288 293 294 298 301 347 367 403 436 475 506 520 572 631 633 755
17646 48 83 169 204 206 288
17647 83 288 289 305
17648 83 169 197 303 506
17649 83 152 252 263 289 301 303 754
17650 83 252 288 369 560 648 650
17651 80 83 123 152 155 190 201 251 288 298 301 355 431 473 546 609 633 675 689
17652 152 182 252 288 301 303 506 706
17653 53 83 89 107 238 252 288 360 391 397 556 604 617 743 759
17654 38 42 110 138 288 301 431
17655 288 301 303
17656 83 84 201 301
17657 38 40 110 138 252 266 288 301 303 706
17658 169 288 707
17659 108 199 206
17660 169 266 288
17661 83 107 160 254 613 626 631 633 725 759
17662 80 84 301 489 499
17663 83 152 266 288 301 303 536
17664 2 83 84 92 251 252 298 506 572 633
17665 83 252 294 298 301 478 482 520 631 632 633 753 759
17666 83 152 266 288 289 303 632 706
17667 48 83 107 252 288 301 367 632
17668 51 83 89 107 288 301 303 360 397 413 542 556 573 604 617 743 759
17669 252 266 301 706
17670 42 83 84 152 252 263 288 289 296 301 303 305 339 532 706
17671 50 83 128 437 619
17672 51 301 437 539 619
17673 266 706 707
17674 83 84 107 173 201 227 251 252 297 298 301 385 475 506 512 520 568 592
17675 83 171 172 174 184 202 252 256 298 301 381 478 506 539 599 631 633 753
17676 37 169 252 266 288 301 345 487 504 706 719
17677 42 83 123 138 152 263 266 288 301 303 305 506 536 539 626 723
17678 83 263 266 288 301 318 339 419 706 707
17679 51 83 128 301 437 557 619 631 725
17680 83 152 201 252 288 298 301 482 520 631 633 689
17681 266 301 706
17682 108 204 288 330
17683 65 83 84 107 109 203 227 242 254 288 301 353 366 385 584 620 648
17684 288 289 301
17685 83 252 301 303
17686 5 83 84 252 288 298 301 473 487 526
17687 15 80 118 194 206 301 367
17688 83 252 266 301 706
17689 83 95 266 301 303
17690 39 48 52 60 83 84 89 109 152 160 251 252 279 293 298 301 303 325 356 366 392 443 506 520 572 631 648 650 690
17691 6 83 119 266 301 332 339 706 707
17692 83 84 288
17693 83 107 201 248 254 263 288 298 301 346 391 560 753
17694 4 66 83 201 251 301 355 506 633 691
17695 48 83 288 301 303 325
17696 83 95 152 169 252 266 303 385 626 706 728
17697 83 107 152 263 288 298 301 512 539
17698 83 107 169 263 288 289 296 301 303 305 386 626 728
17699 48 83 241 437 512 539 598
17700 169 288 709
17701 42 83 119 169 266 273 301 318 339 419 616 632 652 653 707
17702 53 83 84 89 107 252 288 301 360 397 585 604 617
17703 48 50 107 152 252 288 301 539 712
17704 48 50 83 84 107 152 288 539 712
17705 51 83 84 89 107 288 301 303 360 391 556 573 585 604 617 759
17706 42 83 119 266 287 301 303 318 507 532 707
17707 83 252 288 303 341
17708 83 152 169 252 266 288 289 301 305 706 707
17709 266 288 706
17710 83 252 289 301 305 407 413
17711 38 40 42 95 266 288 301 303 706 707
17712 2 23 37 83 84 160 263 288 298 301 303 345 459 487 506 572 582 606 626 638 663 707 728 749
17713 83 95 152 266 336 690
17714 83 169 263 274 288 301 506 707
17715 83 95 288 301 706 707
17716 169 266 638 706
17717 266 288 632
17718 83 182 288 303
17719 83 182 301 303
17720 228 288 301 481
17721 83 152 204 206 252 301 544
17722 83 108 206 288
17723 83 301 378 512
17724 7 83 152 252 263 288 301 303 356 506
17725 84 107 512 758
17726 80 84 107 227 254 296 298 301 385 391 512 560
17727 152 204 206 252 301 367
17728 83 152 169 266 301 616 706 707
17729 48 83 107 266 289 294 301 706
17730 2 4 39 83 89 99 107 254 263 294 301 367 381 512 572 604 622 631 632 759
17731 41 83 152 252 263 288 659
17732 83 119 169 252 263 266 289 301 305 339 419 663 707
17733 83 95 266 301 690 706
17734 15 80 83 84 204 206 252 301 367 422 543 544 558 759
17735 83 266 288 504 638 706
17736 301 303 341 485 754
17737 152 252 266 288 706
17738 7 39 83 107 123 143 296 301 308 386 388 622 663 737
17739 89 171 301 475 631 632
17740 80 83 152 193 204 206 252 256 367 422
17741 83 251 252 263 288 301 397 652
17742 152 266 616 706 707
17743 83 90 110 288 678
17744 152 169 266 288 301 303 706 707
17745 83 169 266 288 301 318 339 706 707
17746 83 110 152 201 227 252 288 301 427 640 725
17747 41 83 84 107 289 298 301 305 512 758
17748 80 83 84 201 263 288 298 301 303 473 516 572 633 689 725
17749 48 84 288 296
17750 83 152 202 251 252 254 298 301 633 725
17751 152 169 252 266 288 303 706 707
17752 80 83 89 140 173 201 251 252 296 300 301 381 546 633 725
17753 152 252 266 706 707
17754 83 266 287 301 318 504 706
17755 266 301 303 706
17756 42 83 252 266 288 301 706
17757 42 95 119 123 169 266 288 289 298 301 303 305 506 706 707 728
17758 152 252 288 303 671
17759 42 83 84 169 266 288 301 303 345 507 532 707
17760 42 83 169 266 288 301 706
17761 288 301 423
17762 31 83 84 89 296 298 300 308 310 520 572 631
17763 83 84 108 152 193 194 206 248 288 301 367 520
17764 266 288 339 495 638 706 707
17765 83 110 252 288 301 317 539 633
17766 83 107 169 288 298 301 303 487 506 541 626
17767 110 152 252 288 303
17768 43 83 152 254 301 308 520 725
17769 83 108 110 152 204 251 252 254 261 277 288 300 301 303 354 367 428 455 506 631 753
17770 83 252 266 289 301 305 616 632 706
17771 42 83 119 169 266 288 298 303 339 419 504 573 652 706 707 719
17772 83 152 252 263 301
17773 83 107 110 219 263 296 298 301 303 512 599 633 689
17774 83 152 288 289 296 301 305 670
17775 83 95 152 252 266 288 301 626 706
17776 83 266 301 706
17777 83 84 152 201 252 288 301 302 303 332 339 506 616 626 632 682 706 707
17778 83 95 110 169 252 266 288 289 297 303 305 592 690 728
17779 616 706 707
17780 169 288 303 706
17781 83 152 252 263 301 303 339 364
17782 48 83 123 161 196 201 252 263 288 301 354 512 560 725
17783 83 84 201 252 254 298 301 303 356 421 512 632 725
17784 42 83 169 266 288 289 301 507 532 706
17785 42 152 252 266 288 303 532 706
17786 83 119 123 152 169 201 252 263 273 275 288 301 303 706
17787 41 83 95 110 169 252 263 288 297 301 303 305 339 592 626 690 706 707 709 728
17788 83 301 303 364
17789 83 110 252 288 338 444 539 678
17790 83 296 301 356 725 759
17791 288 301 706
17792 83 95 266 301 303 706
17793 80 108 204 206 289 296 367
17794 152 266 288 526 640 706
17795 83 169 252 266 288 301 707
17796 51 83 84 89 106 160 251 256 279 298 301 381 512 520 572 582 623 626 631 645 759
17797 266 288 303
17798 23 110 154 202 236 300 541
17799 266 288 301
17800 83 266 288 301 305 706 707
17801 83 95 152 252 266 288 289 297 301 303 305 592 690
17802 40 83 84 110 152 252 266 301 526 527 706 707
17803 40 110 169 301 303 431 670
17804 266 303 706
17805 83 152 252 263 288 298 301 633
17806 83 252 266 289 301 303 355 584 706
17807 49 60 63 84 98 128 141 148 152 174 177 252 253 254 263 277 288 298 356 391 392 402 443 450 453 456 496 506 520 546 633
17808 41 83 152 197 301 303 339 364
17809 83 107 152 252 266 288 296 298 301 332 345 413 414 515 584 603 663 743
17810 38 40 138 169 263 288 301 303 670
17811 266 288 706
17812 266 288 301 318 385 527 706
17813 266 288 706
17814 83 95 169 252 266 301 303 336 706 707
17815 88 152 252 301 385 506 512 530
17816 47 51 83 107 219 251 288 294 298 301 385 520 521 572 604 622 633 689 753 759
17817 23 83 84 107 155 252 301 381 506 539 578 612
17818 83 84 110 154 174 183 300 301 396 503 607 624 725
17819 266 303 706
17820 42 83 152 252 301 303 532 706
17821 252 266 301 706 707
17822 40 42 83 110 288 431 662
17823 83 266 288 303 706
17824 169 266 706
17825 83 95 266 303 707
17826 204 206 288 301
17827 252 288 301 303 706
17828 83 119 152 266 289 301 303 305 345 663 706 707
17829 42 83 84 119 169 266 288 289 301 303 305 339 345 707
17830 83 266 288 303
17831 85 107 153 254 294 301 310 311 391 503 624 631 684 725
17832 2 39 84 89 107 254 294 298 301 355 367 381 512 520 631 632 712 759
17833 41 83 152 252 288 301 485
17834 39 83 84 107 252 254 299 335 687
17835 4 83 276 288 296 298 301 478 512
17836 80 83 110 152 252 298 301 433 632
17837 42 83 252 263 275 288 301 303 352 507 512 532 706
17838 83 169 288 301 339 663 706
17839 83 252 266 288 706 707
17840 48 83 84 108 152 169 252 288 294 303 367 408 631
17841 266 288 706
17842 42 83 84 152 169 252 266 273 288 296 301 386 388 622 707
17843 83 152 252 288 289 297 301 303 305 336 592 690
17844 83 85 97 107 279 298 301 350 354 432 580 589
17845 38 266 301
17846 50 83 119 252 263 288 296 301 303 506 626 652 653 706 707 728
17847 7 83 110 119 169 263 298 299 301 318 506 626 652 653 725 728
17848 288 706 707
17849 83 95 266 706
17850 266 287 301 523 602 706
17851 83 252 288 303 706
17852 83 84 152 169 252 263 298 301 303 339 504 663 706 719
17853 83 266 289 301 616 632 706
17854 83 84 144 169 248 263 288 301 473 487 506 626 707 728
17855 266 288 303 706
17856 37 119 122 169 263 266 301 345 504 706 707 719
17857 48 51 107 140 300 301 325 355 725
17858 83 84 160 251 298 633
17859 83 84 89 107 182 238 288 301 360 391 397 585 604 617 759
17860 266 706 707
17861 2 7 48 83 107 110 263 266 298 301 303 318 652 653
17862 7 42 83 107 110 119 263 288 298 299 301 303 318 345 463 652 653
17863 2 7 42 83 107 110 119 144 263 298 299 301 303 318 463 652 653
17864 83 152 169 252 266 288 296 301 706
17865 42 83 84 119 152 252 288 298 301 303 339 419 663 687 689 706
17866 199 204 206
17867 169 266 706
17868 79 83 289 301 355 753
17869 252 288 303 706
17870 53 83 84 89 107 288 301 303 391 556 585 604 617 759
17871 83 119 123 152 169 252 266 273 275 298 301 626 706 708 728
17872 16 83 84 110 298 368 407 467 506
17873 266 303 706
17874 288 303 707
17875 83 266 301 303 690
17876 169 266 288 301 318 527 706
17877 152 252 263 266 301 303 706 707
17878 83 119 152 182 252 288 339 663
17879 37 43 83 107 123 169 252 288 301 303 345 478 482 584 602 652 663
17880 95 301 303 706
17881 36 83 143 239 288 289 301 305 385 423 663 697
17882 7 42 169 266 288 301 303 419 504 507 532 706 707 719
17883 23 83 107 110 176 201 252 298 301 310 422 459 535 560 572 689
17884 182 288 301
17885 95 288 336 706 707
17886 83 169 266 288 301 318 706 707
17887 50 84 169 263 266 296 301 303 339 485 488 652 653 663 707
17888 266 288 706
17889 37 119 169 266 706 707 719
17890 108 204 288 289 301 305
17891 83 109 152 288 296 298 301 366 560 631 648 650
17892 252 266 288 303
17893 84 110 116 252 371
17894 83 266 288 303 706
17895 15 80 108 194 204 206 367 422 544
17896 37 122 169 263 266 288 345 487 706 707 719 749
17897 108 199 204
17898 47 84 110 111 153 288 289 297 301 598
17899 83 169 182 252 263 288 301
17900 303 306 527 706
17901 3 4 53 83 89 107 166 238 252 288 290 301 360 391 397 407 413 542 556 573 604 617 743 759
17902 10 13 252 301 303
17903 83 84 89 107 238 252 256 288 360 391 397 585 604 617
17904 83 106 201 251 294 316 395 487 530 614
17905 303 532 638 706
17906 252 266 303 536
17907 36 83 109 139 202 221 323 549 560 607 670 703
17908 83 152 169 252 263 266 301 303 706
17909 83 95 266 301
17910 39 58 62 80 83 84 87 107 134 151 152 160 201 219 248 252 254 288 293 294 298 303 338 356 428 431 506 520 546 547 572 631 633 689 725
17911 83 169 754
17912 152 266 288 301 303 616 706
17913 42 83 119 169 252 266 288 303 339 706
17914 80 83 89 107 110 112 233 267 298 301 308 368 370 428 467 475 506 520 604 631 636
17915 83 123 139 152 252 266 298 301 303 333 408
17916 83 84 119 169 263 288 298 301 318 339 419 506 520 521 626 706 728
17917 83 84 251 252 274 288 298 301 303 339 423 506 539
17918 83 123 152 252 266 527 706
17919 202 301 486
17920 143 152 169 252 266 288 301 352 663 706 707
17921 169 266 288 303 706
17922 42 83 119 256 273 288 298 301 303 339 419 573 626 652 653 706 707 728
17923 266 288 303 706 707
17924 83 84 201 252 288 298 339 419 473 487 506 512
17925 182 288 523
17926 83 266 287 301 706
17927 7 83 144 204 252 263 288 294 298 318 367 506 626 728 753
17928 83 266 288 616 706 707
17929 7 288 301 364 506
17930 266 706 707
17931 288 303 706
17932 83 182 288 318 319
17933 152 266 288 301 303 616 706
17934 266 288 707
17935 14 83 84 108 152 206 219 251 252 288 293 294 298 330 367 539 566 572 633 689 725
17936 83 108 206 288 301 367
17937 48 83 288 301 325 347 512
17938 252 296 618
17939 266 301 303 706
17940 48 301 302 303 485
17941 83 169 266 288 301 318 706 707
17942 80 177 402 631
17943 89 184 252 301 338 631
17944 41 83 288 289 301 303
17945 266 301 706
17946 83 152 169 252 266 301 303 690
17947 95 152 266 301 690 706
17948 108 199 206
17949 42 83 95 123 263 266 288 298 301 303 339 476 539 616 632 663
17950 83 119 263 266 274 288 301 303 339 584 586 626 640 706 707 728
17951 83 152 266 301 303 706
17952 37 83 119 122 252 266 288 487 504 706 707
17953 15 80 108 204 301 367 543 544
17954 50 252 437 557 619
17955 169 266 288 289 305 318 706
17956 48 83 152 182 252 263 288 296 301 339
17957 83 120 252 288 298 301 339 352 638
17958 84 301 303
17959 83 95 288 303 336 706
17960 83 95 110 252 266 288 289 297 303 305 690
17961 83 119 169 288 301 303 318 339 626 707
17962 266 303 706
17963 83 110 202 252 288 301 303 345 478 482 670 759
17964 11 83 252 303
17965 84 288 301
17966 91 266 638 706
17967 288 289 301 305 318 706 707
17968 266 288 707
17969 42 83 152 169 252 288 507 707
17970 266 288 301 706
17971 83 84 119 123 169 252 288 301 303 339 345 487 506 663 728
17972 83 95 152 252 266 288 296 301 303 488 526 539
17973 288 301 303
17974 42 83 266 288 301 507 532 707
17975 9 38 40 48 83 123 152 169 252 275 288 301 303 385 506 526 584 626 640 652 653 728
17976 83 107 110 182 303
17977 40 41 83 107 119 138 252 288 296 301 303 318 345 388 473 487 506 584 622 626 707 728
17978 83 123 143 169 182 263 274 288 301 506 652 663 728 753
17979 266 706 707
17980 252 266 638 706
17981 83 119 152 169 252 263 288 298 301 303 318 339 345 385 420 506 516 539 626 707 728
17982 169 288 305
17983 95 266 303 706
17984 42 83 152 266 288 301 303 626 706 707
17985 288 706 707
17986 83 84 119 169 263 266 288 301 339 345 419 506 520 521 626 707 728
17987 41 83 301 485 754
17988 4 83 89 109 110 157 187 188 201 296 298 308 378 381 414 466 506 582 743
17989 5 83 107 110 187 188 252 296 301 468 531 690
17990 80 83 203 254 301 303 368 633
17991 252 266 303 706
17992 83 85 254 288 301 572 582
17993 252 266 301 706
17994 83 152 266 288 690 706
17995 37 40 42 83 138 152 252 266 288 301 706
17996 5 39 83 631 633 725
17997 288 301 518
17998 65 83 182 301 303 339 506 728
17999 83 243 266 301 526 616 632 640 706
18000 50 65 83 90 107 111 157 252 288 296 301 380 407 414 481 512 528 543 604 619 690 727 743 753 759
18001 57 80 83 288 301 633
18002 83 107 201 251 294 301 303 512 568 633 758
18003 41 83 107 120 123 169 263 288 296 301 388 512
18004 83 169 252 266 301 303 706
18005 488 527 561
18006 42 83 252 266 288 289 301 303 305 506 536 626 728
18007 83 152 169 252 266 301 303 626 706 707
18008 83 204 206 296 301 367
18009 266 288 301 303 706
18010 111 116 301 371 397 506
18011 95 288 301 303
18012 266 303 507 706
18013 107 263 301 303 368 414 743 759
18014 83 204 206 288 301 526 638
18015 51 83 201 219 252 254 300 301 557 572 589 689 725 759
18016 89 230 296 391 407 743
18017 83 152 169 252 263 288 301 303
18018 83 266 301 303 527 616 626 632 706
18019 83 169 266 301 303 706 707
18020 182 288 303
18021 48 152 182 252 288 289 296 301 305 540
18022 266 301 706
18023 42 83 266 301 303 388 507 532 706 707 723
18024 83 182 288 303 319
18025 41 152 252 341 754
18026 48 75 80 83 152 202 288 301
18027 266 288 706
18028 252 266 288 301 616
18029 80 204 367
18030 83 105 107 111 289 303 363 631 638
18031 83 169 266 288 303 526 640 706
18032 288 289 301
18033 50 83 95 152 252 288 296 301 303 385 561 706 728
18034 252 288 303
18035 40 48 84 110 152 252 266 298 301 303 526 616 632 640 706 708
18036 83 252 303 485 754
18037 266 288 301
18038 83 169 288
18039 266 301 706
18040 51 53 83 84 89 107 252 301 391 556 573 585 604 617 759
18041 48 83 266 296 301 303 325 512 599 660 690
18042 110 263 301 754
18043 95 266 288 303
18044 119 122 169 263 266 288 301 303 345 487 504 707 719
18045 83 289 301 638 706
18046 37 83 95 122 205 251 252 266 288 298 301 345 487 689 707 719 749 753
18047 83 95 266 303 336 626 690 706 707 728
18048 41 301 303 485 754
18049 169 252 263 266 288 301 303 318 339 706 707
18050 263 288 301 339 638 707 728
18051 266 303 706
18052 83 110 111 116 288 301 371 506 679
18053 83 108 204 206 288 301 367 589
18054 83 84 243 266 707
18055 83 266 288 706
18056 19 48 83 119 252 275 288 298 301 303 308 476 506 526 584 626 640 652 653 659 663 707 728
18057 7 83 84 152 266 288 301 706
18058 252 266 288 336 690 706
18059 37 48 83 119 122 169 205 219 251 288 298 301 303 345 487 493 504 526 633 689 706 707 749 753
18060 84 152 252 301 486
18061 89 254 288 289 300 301 308
18062 95 119 266 288 301 303 318 339 385 504 527 626 707 719 728
18063 41 83 84 107 288 372 506 597
18064 169 266 706 709
18065 59 266 296 301 482 515 687 706
18066 266 288 301 706
18067 83 157 252 288 301 303
18068 42 84 107 152 157 288 301 303
18069 23 75 83 84 161 288 338 458 601
18070 266 288 303 706
18071 266 288 706
18072 83 152 266 288 303 706
18073 83 84 119 152 169 205 219 251 252 288 301 303 339 385 506 572 626 633 663 706 715 753
18074 266 288 301
18075 288 413 743
18076 95 266 303 690 706
18077 252 301 303 506
18078 40 138 301 431 573
18079 42 83 169 252 288 301 303 318 473 504 652 706 719
18080 42 252 266 288 301 318 507 532 706 707
18081 5 48 83 84 92 172 252 288 301 317 353 408 506 712
18082 301 504 653 706
18083 83 84 266 288 527 706 707
18084 41 83 110 152 263 288 303 754
18085 83 197 263 301 303 364
18086 42 83 266 288 301 536 706 707 709
18087 169 266 706
18088 152 289 305 413 539 563 743
18089 83 84 108 169 288 301 473
18090 40 41 110 288 289 301 341 485 754
18091 83 252 266 288 706
18092 4 83 244 263 301 413 743
18093 60 78 84 201 631
18094 47 83 84 201 204 206 301 367 520
18095 83 169 252 288 301 339 436 706
18096 83 95 152 169 266 288 289 296 301 303 305 336 388 592 622 690 706
18097 48 83 107 119 152 252 263 288 301 303 339 345 386 388 506 622 626 652 707 728
18098 48 83 84 152 169 252 263 288 296 301 303 339 386 388 506 622 626 663 706 707 725
18099 19 83 84 190 252 256 263 288 301 385 626 706 707 728
18100 95 266 303 690 706
18101 50 83 152 169 243 252 288 296 303 488 584
18102 83 266 506 706 707
18103 108 204 206 301 514
18104 108 204 206 288
18105 9 80 83 252 266 288 289 296 301 303 385 566 690 725
18106 83 84 152 201 241 251 263 298 301 572 631 633
18107 83 84 201 251 288 301 303 512 539
18108 9 83 86 89 107 152 160 202 254 298 299 300 301 308 354 381 441 506 519 539 577 599 604 613 631 633 651
18109 41 252 266 288 301 584
18110 83 107 116 294 353 371 397
18111 84 288 301
18112 152 252 266 288 303 706
18113 296 301 324
18114 83 252 301 506
18115 139 202 384 385 541 631 670 705 725 759
18116 84 152 528 539 633
18117 83 95 266 301 336 690 706 707
18118 53 83 84 89 107 238 252 288 301 391 397 556 617
18119 9 123 152 252 266 288 289 297 298 301 303 305 512 520 592 690 706
18120 38 40 42 83 84 110 138 152 252 275 288 301 385 488 506 539 561 626 706 728
18121 7 21 65 301 303 419
18122 266 288 289 303 305 306 526 527 706
18123 14 108 288
18124 95 303 690 706 707
18125 83 95 266 288 707
18126 43 49 80 83 89 110 128 152 154 160 165 173 201 202 203 252 263 288 301 312 336 354 408 428 475 506 520 541 566 591 610 631 633 684 690 725 759
18127 83 119 169 263 266 301 303 385 506 706 707 728
18128 107 108 252 303
18129 83 95 266 301 706
18130 84 224 288 301
18131 83 152 169 266 288 303 616 632 706 707
18132 91 169 266 709
18133 83 152 169 252 266 288 303 339 385 506 626 632 707
18134 78 83 84 89 107 110 131 152 166 173 233 254 288 294 301 316 381 395 422 423 433 441 506 520 581 631 633 649 725
18135 301 318 638 706
18136 288 664 706
18137 3 4 53 83 89 107 166 238 252 288 291 301 360 391 397 407 414 542 556 604 617 743 759
18138 73 83 84 86 107 128 165 166 169 201 248 252 263 279 288 301 303 313 324 338 354 503 512 519 539 582 604 640 725 743
18139 42 83 84 119 169 252 288 298 301 303 318 339 706
18140 83 252 288
18141 288 301 303 638 706
18142 41 83 152 288 341
18143 84 98 110 161 248 252 263 288 301 506 512 560
18144 83 298 301 520 568 633
18145 266 288 706
18146 83 95 152 252 266 303 690 706 707
18147 288 303 706
18148 83 139 227 228 288 297 301 303 385 506
18149 83 84 266 301 707
18150 266 301 303 706 707
18151 83 152 169 252 266 288 301 318 706
18152 83 95 266 706 707
18153 266 288 301 303 706 707
18154 194 288 301 618
18155 83 266 288 301 303 318 339 626 632 707 728
18156 37 119 169 266 288 504 707
18157 42 83 152 252 266 301 706
18158 83 119 169 232 266 301 303 318 339 385 506 526 707 728
18159 42 83 119 169 205 266 288 298 301 318 339 419 616 632 652 653 706 707
18160 169 266 638 706 707
18161 50 288 301 303 331 488
18162 83 107 123 165 169 252 296 301 303 388 419 478 622 626 663 728
18163 266 288 706
18164 84 266 288 706 707
18165 83 152 169 288 303 423
18166 83 152 197 252 263 301 303 364 728
18167 83 95 266 288 301 303 336 706
18168 48 83 107 110 152 252 301 385 512 685 758
18169 266 288 706 709
18170 83 84 89 238 288 301 303 391 397 556 585 604 617
18171 107 134 143 288 301 303 308 338 468 506 599 663 737
18172 83 152 263 296 301 303 339 506 626 652
18173 266 289 303 706
18174 83 95 266 336 690 706
18175 42 83 169 301 303 532 706 707
18176 266 301 303 706 707 709
18177 152 266 288 301 303 616 632 690 706
18178 51 53 89 107 238 252 288 301 303 397 573 585 604 617 759
18179 83 84 252
18180 42 169 266 303 318 507 532 706 707
18181 48 83 152 169 182 288 301
18182 5 31 33 84 109 123 139 226 251 262 279 301 385 455 477 478 512 523 602 607 608 670 688 697 698 736 759
18183 266 288 301 303
18184 275 288 289 301 303 305 526 536 706
18185 83 95 119 266 288 297 301 305 592 690 706
18186 37 38 40 42 83 110 119 169 252 263 266 288 303 318 506 626 728
18187 95 252 266 288 301 303 616 632 706 707
18188 83 107 160 161 171 172 251 293 298 381 520 604 626 631 633
18189 288 303 616 706
18190 42 266 288 301 507 532 706 707
18191 83 152 169 252 263 266 288 303 339 584 706 728
18192 152 252 266 288 303 305 507 532 706
18193 83 266 288 706 707
18194 169 266 301 706
18195 83 252 266 288 289 296 301 303 305 488 507 532
18196 38 40 83 110 266 288 301 303 616 632 706
18197 83 84 107 172 298 520 631 632
18198 266 706 707
18199 48 83 84 152 251 252 288 302 303 339 506 616 626 632 707 728
18200 152 252 266 289 301 305 706
18201 37 41 83 119 122 123 169 201 251 263 273 288 301 303 345 487 493 506 626 706 719 749
18202 42 83 169 266 288 303 532 707
18203 201 568 647
18204 83 266 301 706 707
18205 51 83 98 252 254 263 288 289 301 305 690 759
18206 110 138 169 263 303
18207 108 195 204 206
18208 40 42 83 138 152 252 266 288 303 706
18209 169 263 266 288 298 301 303 318 408 478 482 626 652 663 706
18210 263 288 378
18211 83 84 132 139
18212 95 152 301 303 336 706
18213 266 288 707
18214 83 169 266 288 318 532 706 707
18215 1 294 366 369 378 512 650
18216 266 301 318 638
18217 138 288 301 431 662
18218 83 95 119 169 263 266 301 303 339 506 626 663 728
18219 152 169 252 266 288 301 706
18220 2 23 37 83 84 152 160 252 263 288 298 303 345 459 487 506 572 582 606 626 638 652 653 663 706 707 728 749
18221 266 301 690 706 707
18222 37 266 301 504 706 707 719
18223 83 84 98 107 152 165 187 188 201 248 263 279 288 296 298 301 354 506 546 560
18224 84 108 194 204 301 367 514 520 526 558 625
18225 83 95 266 288 690 706
18226 83 119 152 169 252 266 288 301 632 706
18227 5 83 85 93 107 171 172 202 252 261 298 347 431 478 506 622 631 633 658 725
18228 80 169 252 288 301
18229 303 616 632
18230 83 169 266 301 506 706
18231 83 252 288 301 437 539
18232 53 83 84 89 256 288 301 391 397 556 585 604 617 759
18233 83 95 266 288 301 332 690 706
18234 83 123 152 252 263 303 478 506 626 697 728
18235 83 95 266 303 616 632 706
18236 83 119 152 169 266 301 303 339 706 709
18237 2 4 89 98 152 190 203 252 288 301 385 408 591 631
18238 266 706 707
18239 83 266 288 303 706 707 709
18240 169 288 706
18241 83 266 288 303 706
18242 50 83 152 169 252 296 301 303 561 706
18243 39 89 107 152 252 298 301 568 631 633
18244 42 83 252 266 301 303 532 707
18245 266 288 318 506 706 707
18246 42 83 123 201 251 288 298 354 622 663
18247 266 288 706
18248 266 288 301 706
18249 48 83 84 89 110 111 152 201 288 296 301 305 385 478 479 506 539 560 633
18250 83 152 169 252 266 288 301 632 706
18251 177 288 301 441 450 453 506 631 633
18252 38 110 138 288 301 573 662
18253 42 83 152 266 288 301 303 706 707
18254 42 169 266 288 303 507 532 706
18255 7 301 303 616 706
18256 41 83 152 252 301 303 616 706 709
18257 131 169 698
18258 83 266 288 706
18259 83 201 251 252 263 298 301 520 626 631
18260 42 266 301 303 507
18261 51 83 154 437 619
18262 42 83 301 706 707
18263 23 49 83 84 107 110 140 152 160 201 202 251 252 301 391 459 508 512 520 521 541 572 613 759
18264 266 301 707
18265 83 123 143 169 182 263 274 288 301 339 506 728
18266 47 64 83 227 254 256 263 301 385 520
18267 252 266 288 301 303 527 536 706 709
18268 42 83 288 303 536 706 709
18269 83 266 288 301 303 706
18270 266 288 301 536 706 707 709
18271 83 266 288 301 516 706 709
18272 266 288 707
18273 42 152 252 301 303 507 706 707
18274 266 301 706
18275 83 152 252 288 303 706
18276 49 83 84 123 252 263 303 503 551 640 663
18277 83 110 169 204 288 296 298 301 520 633 725
18278 42 83 95 119 169 266 288 301 303 507 707
18279 83 266 301 706
18280 266 288 301 706
18281 41 83 152 252 288 289 296 301 305 603
18282 83 266 288 301 638 707
18283 84 371 506 680
18284 83 152 169 263 288 301 339 512 539 706
18285 90 424 440 619
18286 266 288 301 303 706
18287 83 84 201
18288 2 29 83 84 186 251 298 506 587
18289 83 169 288 301 616 632 690 707
18290 22 83 353 530
18291 83 152 266 288 301 303
18292 266 303 638 706 707
18293 42 83 266 288 301 339 706 707
18294 114 234 697 698
18295 288 706 707
18296 83 131 301 423 506
18297 83 123 134 301 303 338 506 737
18298 83 84 123 134 143 202 263 288 308 338 468 506 512 663
18299 83 116 252 301 371 679
18300 42 83 169 266 288 303 318 352 487 506 536 573 626 706 707
18301 42 83 119 152 252 266 301 303 706 707
18302 266 288 707
18303 42 263 266 289 301 303 305 318 339 506 507 532 626 652 653 706 707 728
18304 63 83 84 110 177 441 450 459 631 633
18305 84 196 252 288 301
18306 7 37 83 107 119 263 301 385 473 487 690 725
18307 80 83 107 139 252 301
18308 2 107 110 152 252 298 301 591 690 725
18309 14 48 80 83 84 107 110 152 160 187 188 201 219 251 262 288 298 301 385 417 572 631 632 636 689 725 759
18310 84 298 385 498 516 602 670 697 744
18311 9 42 83 84 152 243 252 266 288 298 303 339 527 706
18312 83 288 303 380 727
18313 13 697 698
18314 288 301 754
18315 266 287 301 318 638 706
18316 83 84 89 173 252 277 293 294 298 301 424 520 572
18317 83 84 288 538
18318 83 152 252 266 288 301 318 616 706
18319 83 169 263 274 288 707
18320 169 252 266 301 706
18321 95 266 303 318 706
18322 83 152 252 301 303 616 632
18323 83 182 301 303
18324 9 42 83 111 152 169 252 263 288 301 303 308 339 345 506 539 626 652 653 671 707 728
18325 37 83 84 107 121 155 252 263 288 298 301 303 318 339 345 473 475 526 626 728 753
18326 83 169 243 266 296 301 303 339 485 488 652 653 663 706 707
18327 83 266 301 367 706 707
18328 48 83 119 169 182 263 275 288 298 301 339 506 539 626 707 728
18329 266 288 301 303
18330 83 152 252 266 288 289 303 305 706 707
18331 37 83 122 169 266 301 345 487 504 706 707 749
18332 108 204 206
18333 95 252 266 288 303 336 706
18334 266 301 706
18335 83 183 201 279 298 301 307 422 459 520 533 615
18336 83 152 252 288 296 303 388
18337 83 154 288 301 486 512
18338 83 183 301 506 520 521 633 753
18339 84 107 512 645 753
18340 266 288 706
18341 2 39 107 109 288 289 305 355 369 371 648 650
18342 220 298 506 612 633 674 733 735
18343 83 108 204 206 301
18344 84 288 301 371 506
18345 50 83 95 152 263 266 275 288 301 488 561
18346 83 201 251 301 381 382 520 572 633
18347 83 152 188 252 296 298 301 308 475 506 539
18348 39 48 83 107 140 263 298 301 381 382 396 431 478 506 568 604 608 631 633
18349 108 194 204 206 247 301 367 558
18350 76 78 84 89 93 221 301 368 478 479 631
18351 51 83 84 152 266 288 301 706
18352 266 288 706
18353 288 301 706
18354 47 48 65 83 84 154 236 251 298 301 541 578 631 633
18355 83 123 252 288 422
18356 204 206 288 330
18357 83 84 123 182 201 251 252 288 339 539 652 728
18358 108 204 558
18359 83 199 204 206 288 301 367
18360 41 83 152 252 263 289 303 341
18361 252 266 303 706
18362 83 107 109 110 288 296 312 506 512 523 577 602 648
18363 83 84 89 99 110 152 157 163 213 293 294 301 354 512 604 633
18364 89 160 171 172 202 288 294 298 301 354 437 572 626 633 643 753
18365 298 301 449 512 520 631 633 667 725
18366 266 288 303 706
18367 197 252 288
18368 97 252 592 598 694
18369 6 83 107 110 182 251 256 288 301 339 626 728
18370 47 83 152 288 301 529
18371 83 95 252 266 301 305 690 706
18372 83 182 301 303 682
18373 83 84 152 201 251 252 298 512 520 572 690
18374 266 288 303 706 707
18375 80 83 85 89 152 160 201 241 252 268 301 303 358 381 409 410 503 512 520 539 572 589 631 689
18376 9 42 48 83 119 123 169 201 203 252 288 301 303 506 626 707 753
18377 13 83 84 288 326
18378 83 84 251 298 301 381 631 632 633
18379 43 83 84 98 107 252 254 263 288 301 310 313 376 391 512 604 631 725 753
18380 83 119 169 252 263 266 288 301 318 526 707
18381 37 119 122 169 263 288 345 367 487 493 504 706 707 719 749
18382 7 83 119 206 288 339 367 626 706
18383 42 83 266 289 301 303 305 706 707
18384 152 266 288 301 303 706
18385 61 83 298 380 392 409 410 630 727 733
18386 83 84 232 252 266 298 301 303 512 520 521 706
18387 83 266 303 706
18388 266 303 706
18389 83 84 152 201 252 298 301 506 520 572 723
18390 83 152 197 288 303 364
18391 23 84 85 92 107 110 152 160 173 201 252 301 496 506 539 582 626 633 663 723
18392 83 152 201 251 252 298 301 506 572 685 723
18393 83 84 201 252 298 301 303 506 520 572 631 633 723
18394 266 536 584 706
18395 9 42 83 152 165 169 252 266 288 298 303 339 340 539 706
18396 84 190 248 252 301
18397 42 65 83 248 252 263 273 288 301 345
18398 42 83 266 288 289 301 507 532 706
18399 42 83 119 288 298 301 303 305 507 532 626 706 728
18400 83 95 266 301 339 663 706 707
18401 42 83 84 205 251 266 298 301 633 706
18402 83 169 182 288 301 540
18403 83 84 182 303 407 697 698 743
18404 199 204 206
18405 38 40 110 138 301
18406 38 110 138 670
18407 84 110 152 252 288 301 512 560 690 758
18408 42 83 169 266 301 507 706 707
18409 83 190 248 254 278 301
18410 47 83 84 89 99 201 251 252 288 298 300 301 753
18411 38 40 83 138 288
18412 15 108 194 625
18413 83 107 116 152 252 288 301 371 397
18414 83 108 199 204 206 303 367
18415 80 84 254 301 506 557 711 725 759
18416 266 706 707
18417 46 77 252 301 486
18418 152 252 303 540 672
18419 65 83 288 301 303 442 638 641
18420 301 594 595 596 638
18421 252 288 303
18422 83 84 263 289 301 530
18423 152 252 266 288 301 536 706 707
18424 84 115 119 169 288 301 339 473 520 707
18425 169 706 707
18426 63 83 84 216 252 254 279 301 357 358 367 453 456 459 475 520 572 599 626
18427 40 42 266 301 706 707
18428 48 83 84 110 152 160 201 252 279 298 301 378 399 469 506 531 725
18429 10 11 13 83 252 288 289 301 339 472 506
18430 83 169 266 288 301 339 626 706 707
18431 10 11 13
18432 10 13 697 698
18433 10 11 80 83 252 288
18434 11 83 252 301
18435 11 13 83 288 472
18436 10 169 472
18437 10 11 13 83 169
18438 10 11 288 301 472
18439 11 13 83 301 303 472 506 626 728
18440 10 11 83 169 303 472
18441 10 13 83 169 472
18442 7 11 13 48 83 107 110 263 272 288 298 299 303 318 463 652 653 725
18443 84 107 201 256 294 301 303 400 512 633 758
18444 2 7 10 48 83 119 288 301 303 318 506 626 725 728
18445 9 10 42 83 119 169 252 272 273 274 288 298 301 303 339 345 472 707 753
18446 11 41 83 288 301 303 472
18447 10 13 83 144 252 296 303 472
18448 10 13 84 301
18449 10 11 13 83 123 288 296 301 303 626 728
18450 10 11 83 301 472
18451 10 11 13 83 296 472 488 506 561 728
18452 10 13 80 83 288 301 303
18453 10 11 83 119 169 301 303 472 487 638 706
18454 10 303 472
18455 11 13 288
18456 169 252 263 266 288 301 706
18457 3 4 53 83 89 107 152 166 238 290 301 303 360 391 397 407 413 542 556 604 617 743 759
18458 83 84 107 119 248 288 301 339 345 473 487 506
18459 83 89 252 288 301 633
18460 48 83 152 252 263 275 289 298 303 312
18461 84 201 252
18462 83 288 301 318 706 728
18463 83 84 107 152 252 288 512 539 690
18464 83 84 119 123 152 263 288 298 301 303 339 352 408 419 473 487 626 638 728
18465 83 84 107 110 123 169 201 248 251 252 263 288 298 301 303 328 339 352 419 487 495 506 539 626 638 652 653 706 728 753
18466 83 107 110 119 123 152 169 197 201 248 251 252 263 298 301 303 328 339 364 419 463 476 487 495 520 539 626 631 638 652 653 728 753
18467 9 48 83 84 152 252 263 288 301 539
18468 48 83 288 303
18469 42 152 169 266 301 532 706 707
18470 266 288 706
18471 41 83 252 263 289 341 485 718 754
18472 37 83 122 169 252 288 345 486 487 706 719
18473 252 266 288 301 638 707
18474 83 95 152 266 288 336
18475 83 266 288 301 303 706
18476 7 42 83 120 152 169 274 288 296 301 303 419 473 488 561 652 653
18477 83 84 110 160 252 254 288 293 294 301 338 367 400 441 506 512 520 560 568 633 725
18478 83 169 266 288 289 301 305 318 616 632 707
18479 83 135 136 288 301 339 487 493 626 638 652 653 706 707 728
18480 182 301 303 319
18481 42 152 169 266 303 507 706 707
18482 48 50 83 152 252 288 301 539 546
18483 288 301 305
18484 182 288 301 318 319
18485 83 252 288 301 486 541
18486 83 92 94 109 252 263 288 301 366 512 633 648 650 753
18487 53 83 84 89 107 238 252 288 301 360 391 397 413 556 617
18488 83 243 266 301 303 385 616 632 706
18489 42 152 169 266 303 532 706 707
18490 108 195 204 206 367
18491 83 252 266 288 303 690 706
18492 40 41 83 152 263 289 303 341 485 754
18493 0 83 84 254 298 301 381 399 539 572 631 642 711
18494 38 40 41 83 110 138 266 289 301 303 706 725
18495 266 288 706
18496 83 169 266 288 318 527 706
18497 95 266 301 303 690
18498 95 301 303 336 706
18499 83 107 252 288 298 301 473 487 520 572 582 631 633
18500 152 169 266 288 303 507 706 707
18501 84 308 486
18502 83 222 263 296 298 310 371 512 574
18503 42 83 152 266 288 301 303 507 706
18504 83 152 252 266 288 301 303 706
18505 83 266 318 638 706
18506 98 152 288 301 303 318 506 539 706
18507 83 84 119 169 171 263 273 288 298 301 303 318 322 339 626 633 706 728
18508 108 194 204 625
18509 288 301 486
18510 89 107 111 112 152 201 251 252 263 296 297 298 301 468 469 531 604 690 725
18511 55 83 84 107 110 152 202 252 288 296 301 470 520 572 598 618 633 643 657 756
18512 1 83 84 89 107 110 111 152 157 252 263 288 294 300 301 303 391 467 506 512 626 690 753 759
18513 288 301 303
18514 83 152 169 252 263 288 301 303 308 431
18515 41 83 152 169 252 266 288 303 659
18516 83 169 266 301 706 707
18517 37 42 83 266 301 303 504 707 708 719
18518 61 83 301 443 486 506 520
18519 108 194 195 625
18520 266 288 303
18521 83 226 252 254 263 345 481 633
18522 152 252 266 288 301 690 707
18523 266 301 303 706 707
18524 266 288 301 336 707
18525 251 252 288 298 301 345 507 532 633 690
18526 288 303 532 706
18527 38 40 83 110 431
18528 9 82 110 111 169 301
18529 83 169 301 303
18530 95 288 301 303
18531 44 48 49 62 80 83 84 85 89 110 171 172 173 300 301 308 403 414 423 450 512 520 631 633 645 725 743 759
18532 266 288 303 706
18533 55 83 84 172 288 530
18534 108 204 206
18535 83 152 194 204 206 301
18536 83 169 266 288 301 339 706 707
18537 95 152 301 303 336 706
18538 83 266 301 706 707
18539 83 266 301 303
18540 266 706 707
18541 77 80 83 201 252 294 296 308 599 624
18542 83 152 252 266 288 301 584 706
18543 108 200 206
18544 83 84 89 107 238 301 303 360 391 397 585 604 617 759
18545 98 171 301
18546 2 7 48 83 107 119 263 298 299 301 303 318 652 653 725
18547 83 89 107 152 204 288 298 301 367 512 526 539
18548 38 40 42 83 84 110 138 190 252 298 301 308 408 473 478 487 536 706 712
18549 42 190 266 301 507 532 706
18550 301 706 707
18551 266 288 301 632 706
18552 1 76 301 362
18553 108 193 194 204 206 422 543 544
18554 266 303 706 707 708
18555 182 288 303
18556 83 107 119 169 182 288 296 301 616 622 632
18557 7 48 83 84 119 263 298 303 318 506 652 653 725 728
18558 95 266 303 336 706
18559 37 83 119 169 266 301 345 504 706 707 719
18560 108 206 288 330
18561 108 204 206 288 289 305
18562 95 266 301 303 706
18563 41 288 706
18564 9 37 40 41 83 119 169 252 263 288 296 301 303 339 473 487 506 584 626 663 728
18565 83 266 303 706
18566 83 123 169 266 288 289 301 305 652 706
18567 48 108 204 206
18568 83 169 288 301 303 616 632 706
18569 41 83 107 119 123 288 296 298 301 339 345 386 487 622 663 706
18570 182 301 303
18571 83 288 407 414 512
18572 42 83 169 266 288 301 536 706 707
18573 266 301 707
18574 38 40 42 83 110 138 301 573 670
18575 42 152 169 252 301 303 532 706
18576 9 83 110 152 190 201 251 252 273 275 288 297 301 303 328 339 345 346 506 606 626 638 663 707 728 753
18577 110 111 297 512 541 560 592 690
18578 83 84 107 110 172 201 251 298 301 520 577 631 690
18579 84 201 236 279 568
18580 42 83 119 169 266 288 289 301 303 305 385 482 506 626 707 728
18581 108 194 206 301 544
18582 2 83 84 160 169 263 288 298 301 303 339 345 459 487 506 572 626 663 707 728
18583 38 42 266 706
18584 83 266 288 301 406 706 707
18585 83 204 206 544 625
18586 83 152 160 201 252 263 298 301 309 506 725
18587 266 288 303 706
18588 83 109 169 221 263 266 288 301 303 475 607 706
18589 169 266 301 706
18590 95 288 303 336 690 706
18591 41 119 169 263 266 288 303 331 532 626 708 728
18592 41 252 263 288 301 303 331 339 345 478 532 707
18593 28 41 83 107 110 119 123 152 169 252 263 273 274 288 293 294 301 303 305 328 339 373 478 482 506 626 628 687 707 728
18594 266 288 303
18595 83 110 197 252 288 301 303 364 626
18596 266 288 301 706
18597 84 89 92 107 220 224 230 301 380 407 725 727 743
18598 266 706 707
18599 83 95 110 266 288 301 305 592 690 706
18600 15 80 83 108 206 219 252 272 298 301 367 422 572 633 689
18601 31 33 139 298 385 512 523 670 736 744
18602 40 110 301 431 670
18603 83 287 495 706 707
18604 15 80 83 108 152 204 206 367
18605 288 341 516
18606 83 201 248 301 303 339 423 626 663 728
18607 15 422 514
18608 266 288 706 707
18609 83 266 586 706
18610 169 266 288 301 318 385 706
18611 194 204 558
18612 83 203 252 288 301 422 427 631
18613 9 83 84 119 201 248 251 252 288 298 301 303 473 478 482 487 506 527 626 706 728
18614 266 301 303 690 706
18615 83 152 252 288 303
18616 83 152 252 266 303 706 707
18617 42 83 95 119 169 288 289 301 303 305 478 506 626 652 653 663 706 728
18618 108 204 301 330 367 514 544
18619 95 152 169 252 266 301 303 318 339 526 706
18620 266 318 706 707
18621 83 95 266 288 301 336 706 707
18622 266 303 707
18623 169 266 288 301 616 626 632 706 707
18624 169 252 263 266 301 303 339 626 706 728
18625 42 83 107 152 251 296 298 303 354 385 386 388 478 482 622 663
18626 266 301 303 706 707
18627 83 84 110 169 182 288 301
18628 7 40 42 83 95 266 288 303 706
18629 288 303 632 706
18630 95 266 288 301 303 318 706
18631 252 266 301 706
18632 204 206 367
18633 152 288 301 303
18634 83 95 119 169 252 301 303 318 339 385 419 506 527 626 707 728
18635 83 266 289 301 303 706
18636 83 152 169 266 288 301 706 707
18637 107 263 620 640
18638 83 169 182 263 288 296 301 345 506 626 683 697 728
18639 83 95 152 266 301 303 626 690 706 707
18640 83 110 152 252 296 301 303
18641 83 252 266 706
18642 42 83 84 152 157 288 303
18643 83 110 152 288 301 325
18644 83 95 169 266 301 303 690 707
18645 83 107 152 251 252 256 288 298 301 459 506 520 541 598 759
18646 83 152 182 288 301 303
18647 83 110 123 152 252 266 301 303 515 603 706
18648 266 288 301 305 616 632 706 707
18649 169 288 301
18650 42 83 152 288 301 303 706
18651 83 252 266 288 301 706 707
18652 42 95 119 169 266 288 301 318 336 339 690 706
18653 41 83 252 301 341
18654 266 288 706
18655 83 266 288 303 706
18656 84 107 109 110 201 288 299 301 338 366 414 512 648 743
18657 83 95 152 252 266 301 303 318 339 385 506 626 707
18658 266 301 303 706 707
18659 83 206 301 303
18660 83 169 263 266 288 301 303 706 707
18661 152 288 289 301 303
18662 83 152 266 301 303 706 707
18663 83 84 152 169 252 263 266 288 339 706
18664 83 152 169 263 266 301 512 706 707
18665 83 84 152 251 252 288 298 301 303 339 487 506 526 572 626 633 663 689 690 707 728
18666 83 252 288 485 754
18667 83 232 252 274 288 296 301 303 506 706 707 728
18668 7 152 197 252 506
18669 83 84 169 252 288 339 436 706
18670 38 40 83 110 138 301 431
18671 83 266 288 301 318 616 632 706 707
18672 83 95 152 169 252 263 266 288 301 303 305 318 336 690 707
18673 169 288 707
18674 83 152 252 288 289 301 341 754
18675 42 83 252 266 288 301 318 473 507 532 707 719
18676 152 252 266 288 301 303 616 632 706
18677 37 40 42 83 152 252 266 301 303
18678 37 83 119 122 152 252 263 288 301 303 487 504 632 690 706 707 719
18679 83 84 152 266 288 303 385 478 482 616 626 632 687 706 728
18680 83 152 266 288 301 303 706 707
18681 37 83 123 169 252 263 275 288 301 303 345 487 504 539 706 707 719 749
18682 83 152 288 301 303 706
18683 7 42 83 84 169 301 303 318 419 504 507 532 638
18684 2 31 83 219 252 288 298 354 503 633 759
18685 83 89 201 298 301 355 468 469 531 596 632 725
18686 4 83 152 219 251 252 298 301 355 468 531 596 604 632 633 689 725
18687 1 84 107 201 251 252 297 298 299 300 301 381 428 506 512 546 560 677 678 690 712
18688 95 266 301 706
18689 95 301 303 690 706
18690 108 204 206 367
18691 83 301 319 638
18692 83 119 169 288 301 318 339 419 506 626 707 728
18693 42 83 119 123 201 251 252 266 288 301 303 626 631 652 653 706 707 728
18694 83 84 107 110 201 297 298 301 338 503 592 631 633
18695 83 266 289 301 303 616 632 706
18696 252 266 301 303 707 709
18697 266 288 301 303 706 707 709
18698 266 288 301 706
18699 91 266 288 707
18700 42 252 266 288 303 706 707
18701 83 110 252 380 631 727
18702 266 573 706
18703 83 95 266 301 336
18704 83 84 266 288 706
18705 83 152 169 252 266 288 336
18706 152 266 288 301 706 707
18707 83 152 266 288 301 632 706
18708 83 301 527 706 707
18709 95 266 301 303 336 690 706 707
18710 83 84 107 128 152 153 202 251 252 298 301 385 512 520 521 541 607 608 634
18711 169 263 266 288 289 301 305 318 339 419 707
18712 61 83 84 152 201 202 252 293 294 296 520 633 725
18713 7 169 266 318 706 707
18714 266 288 706
18715 266 303 706
18716 152 194 204 206 301 422 526 544 558
18717 152 252 301 303 367
18718 84 110 152 182 252 288 301 303
18719 108 206 301 514 543 544 640
18720 42 83 266 288 289 303 305 706 707
18721 37 50 83 95 119 122 169 288 301 303 504 561 706 719
18722 83 95 169 266 288 488 561 706 707
18723 41 152 288 301 303 706
18724 266 706 707
18725 48 83 288
18726 83 119 152 252 266 288 301 626 706 707 728
18727 83 119 152 266 288 303 385 626 706 707 708
18728 266 288 707
18729 53 83 89 252 256 288 303 391 397 556 585 604 617 759
18730 47 83 251 254 288 298 301 368 560 572 582 631
18731 84 119 169 243 252 263 288 301 303 339 506 626 652 706 707
18732 301 706 707
18733 83 84 152 169 252 266 288 301 706 707
18734 40 42 83 169 266 288 301 303 318 339 506 536 626 707
18735 42 83 84 119 169 252 266 288 303 318 339 385 706 707 728
18736 42 83 266 301 507 526 532 706 707
18737 37 83 119 122 266 289 301 303 305 706 719
18738 37 83 84 201 251 252 254 256 288 294 298 301 303 339 345 473 476 506 626 633 638 652 653 663 753
18739 83 110 123 248 252 254 301 426 515 520 602 670 725 736
18740 6 83 148 201 251 252 288 301 303 631
18741 205 251 266 288 301 303 633 706 753
18742 83 95 169 266 707
18743 84 140 152 252 257 266 288 289 298 301 305 506 520 631 706 727
18744 42 169 252 266 288 289 301 303 305 339 706 707
18745 80 83 110 123 252 288 298 300 301 572 632
18746 83 84 99 110 248 279 298 303 546 572 633 689
18747 42 83 139 263 288 296 298 301 603
18748 83 107 110 152 252 288 296 298 301 303 515 603 631 636 706
18749 266 288 706
18750 83 95 266 303 690 706
18751 73 83 84
18752 73 83 84 98 124 171 172 190 252 279 288 298 308 604 690 712
18753 110 242 252 288 297 298 301 530 584 592 690
18754 83 169 263 266 288 301 303 339 706 707
18755 169 266 301 706 707
18756 42 83 95 119 123 169 288 298 301 303 385 482 506 706 707 728
18757 41 83 84 98 107 288 303 372
18758 266 288 706
18759 41 83 152 252 296 527 706
18760 4 52 89 245 356 591
18761 152 252 254 301 515 520 572 690 725
18762 41 83 169 263 266 288 296 301 303 584 622 706
18763 266 288 301 706 707
18764 83 84 252 263 266 288 301 303 584 626 652 653 707 724 728
18765 138 263 431
18766 83 169 288 301 303 506
18767 1 39 83 84 107 152 201 219 251 252 296 298 301 512 683 689
18768 266 301 707
18769 266 288 706
18770 83 84 110 204 296
18771 7 83 252 266 301 706
18772 83 252 266 301 706
18773 7 83 266 288 301 352 706
18774 42 83 266 289 301 303 706
18775 83 169 252 263 266 288 301 303 318 419 487 616 707
18776 107 110 116 296 301 371 680
18777 221 384 597 673
18778 98 110 152 252 301 506
18779 83 152 266 288 303 632 706
18780 83 266 288 301 303 706
18781 90 109 267 294 297 369 512 648 650 753
18782 83 84 85 89 152 160 201 202 251 252 296 298 305 367 475 506 512 541 633
18783 2 4 48 84 110 397
18784 83 110 197 252 288 301 364
18785 20 40 41 83 252 263 288 289 301 487 718 754
18786 95 266 303 690 707
18787 80 83 204 206 252 288 296 303 367
18788 83 266 301 706
18789 83 84 89 107 288 301 360 391 397 556 585 604 617
18790 83 84 152 169 252 266 301 339 663 706
18791 83 169 266 301 616 706 707
18792 83 119 122 169 252 266 301 345 504 707 719 749
18793 50 83 95 152 266 288 296 303 488 706 707
18794 288 301 423
18795 84 169 266 706 707
18796 83 201 236 251 293 294 298 301 432 520 546 572 604 620 631 633 690 759
18797 42 83 205 219 243 251 266 288 298 301 303
18798 83 303 341 485 754
18799 42 83 252 266 301 318 507 532 706
18800 252 266 288 303 690 706
18801 83 95 107 165 169 243 252 288 301 303 388 536 706 707
18802 83 182 288 303
18803 266 288 706
18804 83 266 289 301 303 305 706
18805 83 152 169 252 266 288 301 478 616 632 706
18806 95 266 301 706
18807 83 119 152 169 201 251 252 263 273 288 301 339 463 487 526 539 626 632 663 706 728
18808 108 200 204
18809 11 13 288 303 472
18810 15 83 84 204 206 544
18811 83 109 203 366 369 613 650
18812 84 278 301
18813 42 83 119 169 266 288 301 303 339 419 507 532 707 708
18814 152 252 263 266 288 298 301 339 663 706
18815 83 152 247 288 301 486 512 631
18816 37 83 266 288 301 318 339 706 707
18817 39 83 89 107 110 111 152 154 252 296 300 301 305 308 355 403 408 473 506 512 541 759
18818 3 4 53 83 89 166 238 252 290 301 303 360 391 397 407 414 542 556 604 617 743 759
18819 40 41 83 110 263 288 289 301 303 341 485 718 754
18820 83 266 275 288 303 616 632 706 707 715
18821 49 83 152 164 201 248 251 252 288 298 299 301 303 450 506 606 633
18822 95 266 301 706
18823 84 288 301
18824 84 296 301 371 397 679 680
18825 95 266 301 303 336 706
18826 2 83 152 251 252 263 288 298 301 633
18827 84 252 618
18828 83 120 123 134 143 263 301 303 308 318 506 512 663
18829 266 288 303 706
18830 83 95 266 301 303 626 690 706 707
18831 95 266 288 301 336 690
18832 169 288 303
18833 83 152 197 301 303 640
18834 266 303 707
18835 83 266 288 301 303 706
18836 83 288 303 526 616 706
18837 42 288 301 303 706
18838 83 266 301 303 336 690
18839 53 83 84 238 252 288 301 391 397 542 556 604 617 743 759
18840 83 119 169 263 266 288 298 301 303 345 487 504 652 707 719 749
18841 288 301 706
18842 4 83 110 202 296 297 592
18843 266 706 707
18844 83 95 266 288 616 632 706 707
18845 83 95 169 266 288 303 318
18846 169 288 706
18847 123 266 706 707
18848 83 95 252 263 266 288 296 301 303 488 506 561 616 626 632 690 728
18849 288 301 303
18850 42 83 119 169 263 266 288 289 303 305 318 339 419 573 616 632 653 753
18851 9 83 84 107 119 143 152 165 169 252 263 288 296 301 303 339 386 482 539 622 663 687 706
18852 7 42 50 263 288 303 536 561 706
18853 266 303 706
18854 109 366 369 648 758
18855 41 83 182 263 288 301 303
18856 42 83 152 182 288 301 303 663
18857 95 288 301 303
18858 95 266 288 301 303 336 690 706 707
18859 38 42 83 266 301 303 706 707
18860 83 266 288 301 303 706
18861 288 303 706
18862 83 143 152 289 301 305 352 539 638 663 706
18863 83 107 152 251 252 266 288 301 303 367 385 506 626 707 715
18864 14 47 84 107 252 288 301 306
18865 83 110 111 296 397 679
18866 80 83 84 326
18867 15 80 83 152 194 204 206 422 544
18868 42 83 95 266 288 303 706 707
18869 83 89 107 152 201 254 263 288 301 303 633
18870 108 204 206
18871 83 152 169 252 263 266 301 352 707
18872 83 252 266 706
18873 108 195 204 206
18874 83 182 298 301 631 697 698
18875 83 169 266 301 318 706 707
18876 38 110 138 263 431 670
18877 108 204 206
18878 83 152 169 252 288 303
18879 123 143 169 263 288 303 308 506 652 653 663 728 753
18880 83 89 107 110 152 201 219 251 288 294 297 301 303 572 592 599 633 689 713 725 753
18881 198 370 489
18882 266 288 301 706
18883 83 301 303 706 707
18884 95 266 275 288 301
18885 83 252 288 706
18886 83 152 263 303 523
18887 83 85 110 254 301 530
18888 37 83 107 110 111 123 152 252 263 288 297 301 303 308 316 328 339 495 518 560 653 707 728 753
18889 83 252 301 303
18890 42 83 169 252 266 288 301 706
18891 42 83 95 119 288 289 301 303 305 336 536 690 707
18892 83 119 256 263 266 273 275 301 303 487 506 626 706 707 728
18893 83 266 301 303 706
18894 48 83 169 182 201 219 252 288 298 301 539 633 707
18895 83 152 252 266 301 332 385 682 706
18896 288 301 302 303 339 506 706
18897 266 303 707
18898 182 288 301
18899 84 160 201 251 262 298 301 358 381 382 506 631 633 753
18900 152 252 266 288 301 706 707
18901 83 201 251 252 279 288 298 301 520 546 631 725
18902 37 41 83 119 266 288 301 345 487 504 532 706 707 719
18903 42 119 169 263 266 288 301 303 638 706 707
18904 53 83 89 107 288 301 360 391 397 585 604 617 759
18905 62 83 182 288 303 318 404
18906 266 288 301 706 707
18907 83 152 266 288 301 303 336 706
18908 95 266 301 336 690 707
18909 83 152 169 252 263 266 288 506 706 707 728
18910 266 523 602 736
18911 84 110 263 296 297 301 355 506
18912 84 301 303
18913 83 157 204 206 301 367
18914 252 288 301 706
18915 39 49 83 84 107 152 155 288 301 391 444 539
18916 172 400 645 731
18917 108 204 206 289 367
18918 83 266 303 706
18919 83 84 107 252 266 275 288 301 303 318 345 386 388 463 476 487 584 622 707
18920 84 252 266 275 288 296 298 301 303 318 345 386 388 584 622 663 706
18921 42 83 84 252 266 275 288 296 298 301 318 388 476 487 622 662 706 707
18922 83 84 107 252 266 275 288 296 298 301 318 386 388 487 584 707
18923 266 303 706
18924 83 95 266 301
18925 42 83 152 252 266 289 301 305 507 526 532 706
18926 107 197 301 364
18927 84 380 633 727
18928 84 107 156 203 263 297 301 355
18929 83 205 251 266 298 301 303 706 707 753
18930 83 152 266 301 706 707
18931 83 152 252 266 288 301 616 632 690 706 715
18932 83 84 89 107 238 301 360 391 397 556 585 604 617 759
18933 83 84 85 107 123 202 251 298 301 381 414 475 725 743
18934 288 301 707
18935 83 152 252 289 301 303 305 706 707 708
18936 83 119 252 266 296 298 301 303 318 345 487 622 706 707
18937 15 80 83 204 288 301 303 422 544
18938 108 204 301 330
18939 95 119 169 266 288 301 616 632 706
18940 266 288 303
18941 169 266 706 707
18942 266 706 707
18943 152 169 266 288 305 318 706
18944 95 266 288 301 303 336 339 526 690 706
18945 266 288 303 706
18946 42 83 91 169 266 288 303 532 706
18947 37 83 119 122 169 263 266 301 345 487 504 507 706 707 719 749
18948 83 152 252 266 301 303 339 706 707
18949 7 83 169 266 303 706 707
18950 38 40 42 95 110 266 275 288 303 690 706 707
18951 266 289 301 706
18952 83 266 288 301 339 706
18953 84 266 301 706 707
18954 95 152 266 303 690 706
18955 48 83 84 152 251 252 288 298 301 303 689 706 707
18956 266 288 303 305 318
18957 41 266 288 301 303 318 706
18958 39 83 84 140 201 251 252 279 288 298 301 303 306 310 381 506 512 520 521 543 572 631 633 690 759
18959 169 266 303 638 706 707
18960 83 266 288 301 303 616 632
18961 83 95 169 252 266 288 303 385 526 626 690 706 707 728
18962 108 206 330
18963 95 266 301 706
18964 42 83 169 252 288 289 301 303 305 339 707
18965 266 301 706
18966 83 110 288 301 318 663
18967 53 84 89 107 252 256 288 301 360 391 397 585 604 617
18968 53 83 84 89 107 238 288 391 397 585 604 617 759
18969 23 63 110 177 441 450 506 520 633
18970 7 169 266 303 706 707
18971 266 288 301 303 638 706 707
18972 80 83 84 201 278 288 301 725
18973 266 301 303 506 626 706
18974 83 182 288 301 302 303
18975 80 83 252 288 289 296 584
18976 48 83 123 139 182 288 301 408 414 670 743
18977 83 266 288 301 303 305 706
18978 266 706 707
18979 83 95 243 266 288 303 690 706
18980 4 47 48 52 60 107 298 301 443
18981 37 83 119 122 204 252 263 288 303 345 367 487 504 706 707 719 749
18982 95 119 266 288 301 303 419 523 706 707
18983 108 204 206 367
18984 301 352 481 516 706 709
18985 42 83 152 252 266 288 301 303 536 626 706
18986 42 83 252 288 301 536 706 709
18987 84 288 301
18988 83 119 169 266 288 301 303 318 339 419 507 532 707
18989 48 80 83 119 169 263 288 296 301 345 386 388 506 573 622 626 632 725 728
18990 83 266 288 303 706 707
18991 83 110 152 252 288 301 672
18992 110 116 288 301 397 506
18993 83 95 152 252 288 303 336 527 690 706
18994 95 266 336 706 707
18995 83 107 110 111 152 252 301 371 397
18996 1 2 83 99 152 263 298 301 311 529
18997 152 263 266 288 296 303 339 504 527 706 707 719
18998 266 288 706
18999 204 206 367
19000 83 84 119 122 152 169 288 301 345 487 504 706 719
19001 42 95 119 123 169 266 289 298 301 303 385 506 626 706 707 728
19002 37 83 119 169 266 289 305 487 707 719
19003 40 138 266 301 303 339 485 712
19004 37 42 83 119 252 263 288 301 303 345 487 504 707 719
19005 83 95 252 266 288 298 301 336 690 706
19006 23 59 83 107 110 128 160 174 201 220 251 252 293 294 298 301 317 324 382 399 450 459 506 520 521 572 591 604 624 626 631 633
19007 83 288 301 303 616 706 707
19008 38 40 110 288 431 670
19009 266 303 305 706
19010 380 486 506 727
19011 83 84 107 123 169 239 252 301 303 326 475 551 652
19012 83 288 364
19013 266 301 303 706 707
19014 39 83 86 109 152 183 221 252 293 298 299 301 415 506 512 608
19015 62 83 84 85 107 152 154 155 169 201 219 227 248 251 252 254 288 298 299 301 303 339 352 355 431 487 512 520 541 546 572 577 622 631 633 641 652 653 689 756
19016 48 107 140 216 523 582 657 670 697 698 699 702 704
19017 83 92 301 506 520 521 633 753
19018 41 83 107 289 298 301 303 305 431 512
19019 39 83 123 288 301 422 713 753
19020 4 66 83 107 288 293 301 303 310 356 506 546 598 618 624
19021 83 107 366 369 648 650 758
19022 84 152 288 301 302 303 506 626 690 728
19023 47 62 83 152 216 288 298 300 301
19024 83 107 111 152 252 301 371 506
19025 42 83 152 169 266 288 301 706 707
19026 83 84 152 296 371 660
19027 288 303 706
19028 39 78 83 84 123 128 160 169 201 248 256 263 288 294 298 300 301 310 345 356 362 478 480 482 487 520 557 572 601 624 631 723
19029 204 206 367
19030 301 312 355 512 622
19031 95 266 303 706
19032 83 182 266 301 303 706
19033 6 301 305
19034 83 84 160 196 201 251 252 298 301 512 520 572 690
19035 80 89 152 160 201 241 251 252 268 288 298 301 303 358 381 409 410 455 503 512 539 572 589 631
19036 107 116 397 506
19037 15 80 83 108 330
19038 83 85 153 254 294 301 311 391 475 489 503 624 725
19039 95 266 301 303 339 626 690 706 707
19040 53 83 84 89 107 238 288 301 391 585 604 617 759
19041 10 13 62 83 84 123 301 385 404 472 520
19042 84 160 288 298 301 381 520 521 572 631 633
19043 169 301 303 706
19044 82 83 84 85 107 110 277 279 294 424 432
19045 108 206 301 303
19046 7 83 84 152 204 206 288 330 367
19047 266 289 301 303
19048 39 84 85 202 251 298 300 301 381 572 631 643 759
19049 7 83 169 197 263 288 303 419
19050 288 303 706
19051 41 83 84 107 289 298 305 431 512 758
19052 83 119 143 252 263 266 274 296 301 303 408 663
19053 83 92 301 424 654 658
19054 65 83 84 152 248 288 298 301 303 506 572 631 725
19055 2 86 241 288 298 301 308 317 478 479 725 753
19056 83 110 152 169 252 266 301 706 707
19057 83 119 266 288 289 296 301 303 305 584 707
19058 37 83 119 122 169 206 301 345 367 487 504 706 707 719 749
19059 83 152 203 243 252 266 288 303 408 584 706
19060 84 89 107 238 252 288 301 360 391 397 413 542 556 604 617
19061 83 132 301 317 424
19062 107 252 263 294
19063 83 107 110 202 289 297 298 304 305 310 312 592 632
19064 83 152 288 301 468 469 486
19065 80 83 84 294 298 301 572 631 633
19066 15 51 422
19067 62 107 171 174 196 374
19068 95 169 266 303 706
19069 4 73 83 93 98 203 301 512 633
19070 95 288 303 690 706
19071 83 288 645
19072 182 523 602
19073 83 107 110 263 288 506
19074 84 201 221 222 227 251 263 294 298 301 367 396 506 607 608 727
19075 83 110 152 248 252 288 301 486 631 633
19076 80 83 110 152 248 252 301 486 487 631 633
19077 40 110 138 431
19078 266 288 303
19079 83 123 169 263 266 288 289 301 303 305 506 616 626 706 707 728
19080 42 152 252 266 289 303 339 536 706
19081 42 83 84 152 252 266 288 301 532 706
19082 83 152 252 288 301 507 532 707
19083 9 83 107 298 326 385 432 506 519 633
19084 108 194 204 206 544
19085 83 84 85 107 152 160 248 251 252 303 506 520 572 633 689 723
19086 108 204 206 301
19087 83 152 266 288 303 706
19088 80 83 201 251 288 294 298 367 455 487 506 512 557 759
19089 42 65 84 160 252 263 288 301 568
19090 107 116 288 301 371 506
19091 42 83 123 252 288 301 303 506 520 521 633 652 653 663 670 728
19092 42 83 266 288 289 303 507 532 706
19093 42 83 123 252 288 301 506 626 728
19094 118 288 289
19095 84 111 288 301
19096 172 266 288 486
19097 288 301 305
19098 41 83 301 303 495 722
19099 301 308 546
19100 266 288 301 303 616 632 706
19101 83 95 252 266 288 303 690 706
19102 83 110 111 188 201 219 251 252 298 301 506 512 520 546 572 582 631 689 725
19103 83 152 169 266 288 301 339 532 640 707 708
19104 23 83 184 301 459 546
19105 40 110 138 431
19106 38 110 138 301 662
19107 83 131 288 423 506
19108 15 80 108
19109 83 84 152 252 266 303 707
19110 84 263 279 298 301 381 626 631
19111 108 204 206
